{"elements":[{"from":[5.4166913,7.1653028,7.150686],"to":[8.273834,8.879589,8.864971],"rotation":{"angle":0.0,"axis":"y","origin":[9.948743,-3.935851,4.285714]},"faces":{"south":{"uv":[10.0,8.1875,10.3125,8.375],"rotation":0,"texture":"#0","tintindex":0},"north":{"uv":[10.0,8.4375,10.3125,8.625],"rotation":0,"texture":"#0","tintindex":0},"down":{"uv":[10.3125,8.9375,10.0,9.125],"rotation":0,"texture":"#0","tintindex":0},"east":{"uv":[5.8125,9.3125,6.0,9.5],"rotation":0,"texture":"#0","tintindex":0},"west":{"uv":[6.8125,5.125,7.0,5.3125],"rotation":0,"texture":"#0","tintindex":0},"up":{"uv":[10.3125,8.875,10.0,8.6875],"rotation":0,"texture":"#0","tintindex":0}}},{"from":[1.6461482,8.925606,6.6575027],"to":[4.503291,11.782749,9.514646],"rotation":{"angle":-22.5,"axis":"z","origin":[-2.0853033,5.6632,8.046954]},"faces":{"south":{"uv":[8.6875,6.9375,9.0,7.25],"rotation":0,"texture":"#0","tintindex":0},"north":{"uv":[9.0625,6.9375,9.375,7.25],"rotation":0,"texture":"#0","tintindex":0},"down":{"uv":[9.4375,3.375,9.125,3.6875],"rotation":0,"texture":"#0","tintindex":0},"east":{"uv":[9.125,2.625,9.4375,2.9375],"rotation":0,"texture":"#0","tintindex":0},"west":{"uv":[8.75,4.5625,9.0625,4.875],"rotation":0,"texture":"#0","tintindex":0},"up":{"uv":[9.4375,3.3125,9.125,3.0],"rotation":0,"texture":"#0","tintindex":0}}}],"textures":{"0":"modelengine:entity/miniboss/miniboss_arachna"},"display":{"head":{"translation":[0.0,-6.4,0.0],"scale":[4.0,4.0,4.0]}}}