{"elements":[{"from":[6.18584,6.3826513,6.6575027],"to":[9.042983,9.239795,9.514646],"rotation":{"angle":0.0,"axis":"y","origin":[27.525772,-6.22703,4.285714]},"faces":{"south":{"uv":[9.1875,6.1875,9.5,6.5],"rotation":0,"texture":"#0","tintindex":0},"north":{"uv":[6.8125,9.1875,7.125,9.5],"rotation":0,"texture":"#0","tintindex":0},"down":{"uv":[1.1875,9.25,0.875,9.5625],"rotation":0,"texture":"#0","tintindex":0},"east":{"uv":[9.1875,7.3125,9.5,7.625],"rotation":0,"texture":"#0","tintindex":0},"west":{"uv":[6.4375,9.1875,6.75,9.5],"rotation":0,"texture":"#0","tintindex":0},"up":{"uv":[0.8125,9.5625,0.5,9.25],"rotation":0,"texture":"#0","tintindex":0}}},{"from":[6.838457,-0.62377167,7.2289314],"to":[8.552743,6.8048,8.943217],"rotation":{"angle":0.0,"axis":"y","origin":[27.525772,-6.22703,4.285714]},"faces":{"south":{"uv":[6.0625,8.3125,6.25,9.125],"rotation":0,"texture":"#0","tintindex":0},"north":{"uv":[6.5625,8.3125,6.75,9.125],"rotation":0,"texture":"#0","tintindex":0},"down":{"uv":[10.0,10.3125,9.8125,10.5],"rotation":0,"texture":"#0","tintindex":0},"east":{"uv":[6.8125,8.3125,7.0,9.125],"rotation":0,"texture":"#0","tintindex":0},"west":{"uv":[6.3125,8.3125,6.5,9.125],"rotation":0,"texture":"#0","tintindex":0},"up":{"uv":[10.5,9.75,10.3125,9.5625],"rotation":0,"texture":"#0","tintindex":0}}},{"from":[4.7086687,8.007743,6.0860744],"to":[8.708669,9.722029,10.086075],"rotation":{"angle":45.0,"axis":"z","origin":[6.7086687,8.864885,8.086074]},"faces":{"south":{"uv":[5.0625,9.6875,5.5,9.875],"rotation":0,"texture":"#0","tintindex":0},"north":{"uv":[2.125,9.75,2.5625,9.9375],"rotation":0,"texture":"#0","tintindex":0},"down":{"uv":[8.25,4.5625,7.8125,5.0],"rotation":0,"texture":"#0","tintindex":0},"east":{"uv":[7.5625,9.75,8.0,9.9375],"rotation":0,"texture":"#0","tintindex":0},"west":{"uv":[9.6875,6.5625,10.125,6.75],"rotation":0,"texture":"#0","tintindex":0},"up":{"uv":[7.25,5.8125,6.8125,5.375],"rotation":0,"texture":"#0","tintindex":0}}},{"from":[7.1241713,-6.3380585,7.5146456],"to":[8.267029,1.0905137,8.657503],"rotation":{"angle":0.0,"axis":"y","origin":[27.525772,-6.22703,4.285714]},"faces":{"south":{"uv":[8.6875,7.6875,8.8125,8.5],"rotation":0,"texture":"#0","tintindex":0},"north":{"uv":[2.3125,8.875,2.4375,9.6875],"rotation":0,"texture":"#0","tintindex":0},"down":{"uv":[0.6875,10.625,0.5625,10.75],"rotation":0,"texture":"#0","tintindex":0},"east":{"uv":[2.5,8.875,2.625,9.6875],"rotation":0,"texture":"#0","tintindex":0},"west":{"uv":[2.125,8.875,2.25,9.6875],"rotation":0,"texture":"#0","tintindex":0},"up":{"uv":[7.5,9.9375,7.375,9.8125],"rotation":0,"texture":"#0","tintindex":0}}}],"textures":{"0":"modelengine:entity/miniboss/miniboss_arachna"},"display":{"head":{"translation":[0.0,-6.4,0.0],"scale":[4.0,4.0,4.0]}}}