{"elements":[{"from":[5.282297,8.263389,7.2289314],"to":[6.996583,20.834818,8.943217],"rotation":{"angle":45.0,"axis":"z","origin":[8.21464,10.851714,8.046954]},"faces":{"south":{"uv":[6.8125,3.6875,7.0,5.0625],"rotation":0,"texture":"#0","tintindex":0},"north":{"uv":[6.375,6.875,6.5625,8.25],"rotation":0,"texture":"#0","tintindex":0},"down":{"uv":[9.75,10.3125,9.5625,10.5],"rotation":0,"texture":"#0","tintindex":0},"east":{"uv":[6.625,6.875,6.8125,8.25],"rotation":0,"texture":"#0","tintindex":0},"west":{"uv":[6.125,6.875,6.3125,8.25],"rotation":0,"texture":"#0","tintindex":0},"up":{"uv":[9.5,10.5,9.3125,10.3125],"rotation":0,"texture":"#0","tintindex":0}}},{"from":[6.13944,9.9776745,6.6575027],"to":[7.853726,16.834818,9.514646],"rotation":{"angle":45.0,"axis":"z","origin":[8.21464,10.851714,8.046954]},"faces":{"south":{"uv":[3.5625,8.5,3.75,9.25],"rotation":0,"texture":"#0","tintindex":0},"north":{"uv":[3.8125,8.5,4.0,9.25],"rotation":0,"texture":"#0","tintindex":0},"down":{"uv":[10.25,0.0,10.0625,0.3125],"rotation":0,"texture":"#0","tintindex":0},"east":{"uv":[7.625,5.5,7.9375,6.25],"rotation":0,"texture":"#0","tintindex":0},"west":{"uv":[7.625,0.0,7.9375,0.75],"rotation":0,"texture":"#0","tintindex":0},"up":{"uv":[10.1875,9.5,10.0,9.1875],"rotation":0,"texture":"#0","tintindex":0}}}],"textures":{"0":"modelengine:entity/miniboss/miniboss_arachna"},"display":{"head":{"translation":[0.0,-6.4,0.0],"scale":[4.0,4.0,4.0]}}}