{"elements":[{"from":[2.89544,1.7405143,6.6575027],"to":[5.7525826,4.597657,9.514646],"rotation":{"angle":-22.5,"axis":"z","origin":[2.0442972,6.6688113,8.046954]},"faces":{"south":{"uv":[9.125,3.75,9.4375,4.0625],"rotation":0,"texture":"#0","tintindex":0},"north":{"uv":[9.125,4.5,9.4375,4.8125],"rotation":0,"texture":"#0","tintindex":0},"down":{"uv":[6.375,9.1875,6.0625,9.5],"rotation":0,"texture":"#0","tintindex":0},"east":{"uv":[9.1875,5.4375,9.5,5.75],"rotation":0,"texture":"#0","tintindex":0},"west":{"uv":[9.125,4.125,9.4375,4.4375],"rotation":0,"texture":"#0","tintindex":0},"up":{"uv":[9.5,6.125,9.1875,5.8125],"rotation":0,"texture":"#0","tintindex":0}}},{"from":[-1.1737595,2.3662,7.2289314],"to":[8.540525,4.0804853,8.943217],"rotation":{"angle":45.0,"axis":"z","origin":[2.0442972,6.6688113,8.046954]},"faces":{"south":{"uv":[7.625,0.8125,8.6875,1.0],"rotation":0,"texture":"#0","tintindex":0},"north":{"uv":[7.625,1.0625,8.6875,1.25],"rotation":0,"texture":"#0","tintindex":0},"down":{"uv":[8.875,1.3125,7.8125,1.5],"rotation":0,"texture":"#0","tintindex":0},"east":{"uv":[9.0625,10.3125,9.25,10.5],"rotation":0,"texture":"#0","tintindex":0},"west":{"uv":[8.5625,10.3125,8.75,10.5],"rotation":0,"texture":"#0","tintindex":0},"up":{"uv":[5.625,7.875,4.5625,7.6875],"rotation":0,"texture":"#0","tintindex":0}}}],"textures":{"0":"modelengine:entity/miniboss/miniboss_arachna"},"display":{"head":{"translation":[0.0,-6.4,0.0],"scale":[4.0,4.0,4.0]}}}