{"elements":[{"from":[3.561274,7.711446,8.068234],"to":[4.704131,10.568588,10.353949],"rotation":{"angle":-45.0,"axis":"z","origin":[4.132703,8.568588,12.068234]},"faces":{"south":{"uv":[7.8125,5.0625,7.9375,5.375],"rotation":0,"texture":"#0","tintindex":0},"north":{"uv":[8.9375,0.0,9.0625,0.3125],"rotation":0,"texture":"#0","tintindex":0},"down":{"uv":[1.625,10.375,1.5,10.625],"rotation":0,"texture":"#0","tintindex":0},"east":{"uv":[9.875,4.0,10.125,4.3125],"rotation":0,"texture":"#0","tintindex":0},"west":{"uv":[1.6875,9.875,1.9375,10.1875],"rotation":0,"texture":"#0","tintindex":0},"up":{"uv":[9.0625,4.5,8.9375,4.25],"rotation":0,"texture":"#0","tintindex":0}}},{"from":[5.142857,9.571428,12.707897],"to":[10.857143,10.714286,19.56504],"rotation":{"angle":22.5,"axis":"x","origin":[8.0,9.285714,12.136469]},"faces":{"south":{"uv":[9.875,4.375,10.5,4.5],"rotation":0,"texture":"#0","tintindex":0},"north":{"uv":[9.875,4.5625,10.5,4.6875],"rotation":0,"texture":"#0","tintindex":0},"down":{"uv":[6.75,0.8125,6.125,1.5625],"rotation":0,"texture":"#0","tintindex":0},"east":{"uv":[9.6875,0.75,10.4375,0.875],"rotation":0,"texture":"#0","tintindex":0},"west":{"uv":[9.5625,6.375,10.3125,6.5],"rotation":0,"texture":"#0","tintindex":0},"up":{"uv":[6.75,0.75,6.125,0.0],"rotation":0,"texture":"#0","tintindex":0}}},{"from":[5.142857,8.428572,15.565041],"to":[5.714286,9.0,20.707897],"rotation":{"angle":22.5,"axis":"x","origin":[8.0,9.285714,12.136469]},"faces":{"south":{"uv":[8.0,7.8125,8.0625,7.875],"rotation":0,"texture":"#0","tintindex":0},"north":{"uv":[8.8125,5.4375,8.875,5.5],"rotation":0,"texture":"#0","tintindex":0},"down":{"uv":[9.0,10.0625,8.9375,10.625],"rotation":0,"texture":"#0","tintindex":0},"east":{"uv":[10.1875,4.25,10.75,4.3125],"rotation":0,"texture":"#0","tintindex":0},"west":{"uv":[10.0625,0.625,10.625,0.6875],"rotation":0,"texture":"#0","tintindex":0},"up":{"uv":[3.0,9.25,2.9375,8.6875],"rotation":0,"texture":"#0","tintindex":0}}},{"from":[5.714286,8.428572,15.565041],"to":[6.285714,9.0,16.136469],"rotation":{"angle":22.5,"axis":"x","origin":[8.0,9.285714,12.136469]},"faces":{"south":{"uv":[8.9375,0.375,9.0,0.4375],"rotation":0,"texture":"#0","tintindex":0},"north":{"uv":[9.0,0.625,9.0625,0.6875],"rotation":0,"texture":"#0","tintindex":0},"down":{"uv":[7.25,9.1875,7.1875,9.25],"rotation":0,"texture":"#0","tintindex":0},"east":{"uv":[9.0,7.3125,9.0625,7.375],"rotation":0,"texture":"#0","tintindex":0},"west":{"uv":[9.0,0.5,9.0625,0.5625],"rotation":0,"texture":"#0","tintindex":0},"up":{"uv":[9.1875,4.9375,9.125,4.875],"rotation":0,"texture":"#0","tintindex":0}}},{"from":[9.714286,8.428572,15.565041],"to":[10.285714,9.0,16.136469],"rotation":{"angle":22.5,"axis":"x","origin":[8.0,9.285714,12.136469]},"faces":{"south":{"uv":[1.625,9.25,1.6875,9.3125],"rotation":0,"texture":"#0","tintindex":0},"north":{"uv":[1.625,9.375,1.6875,9.4375],"rotation":0,"texture":"#0","tintindex":0},"down":{"uv":[1.6875,9.5,1.625,9.5625],"rotation":0,"texture":"#0","tintindex":0},"east":{"uv":[0.375,9.4375,0.4375,9.5],"rotation":0,"texture":"#0","tintindex":0},"west":{"uv":[7.1875,9.3125,7.25,9.375],"rotation":0,"texture":"#0","tintindex":0},"up":{"uv":[9.125,9.5,9.0625,9.4375],"rotation":0,"texture":"#0","tintindex":0}}},{"from":[10.285714,8.428572,15.565041],"to":[10.857143,9.0,20.707897],"rotation":{"angle":22.5,"axis":"x","origin":[8.0,9.285714,12.136469]},"faces":{"south":{"uv":[9.6875,2.5,9.75,2.5625],"rotation":0,"texture":"#0","tintindex":0},"north":{"uv":[9.6875,6.8125,9.75,6.875],"rotation":0,"texture":"#0","tintindex":0},"down":{"uv":[7.75,10.3125,7.6875,10.875],"rotation":0,"texture":"#0","tintindex":0},"east":{"uv":[10.3125,7.125,10.875,7.1875],"rotation":0,"texture":"#0","tintindex":0},"west":{"uv":[10.3125,7.0,10.875,7.0625],"rotation":0,"texture":"#0","tintindex":0},"up":{"uv":[3.4375,10.6875,3.375,10.125],"rotation":0,"texture":"#0","tintindex":0}}},{"from":[5.142857,9.244012,7.4968057],"to":[10.857143,10.3868685,13.211092],"rotation":{"angle":0.0,"axis":"y","origin":[8.0,-8.1428585,9.142858]},"faces":{"south":{"uv":[4.0625,9.9375,4.6875,10.0625],"rotation":0,"texture":"#0","tintindex":0},"north":{"uv":[9.9375,5.25,10.5625,5.375],"rotation":0,"texture":"#0","tintindex":0},"down":{"uv":[6.75,5.4375,6.125,6.0625],"rotation":0,"texture":"#0","tintindex":0},"east":{"uv":[9.9375,5.4375,10.5625,5.5625],"rotation":0,"texture":"#0","tintindex":0},"west":{"uv":[4.75,9.9375,5.375,10.0625],"rotation":0,"texture":"#0","tintindex":0},"up":{"uv":[6.75,5.375,6.125,4.75],"rotation":0,"texture":"#0","tintindex":0}}},{"from":[6.285714,5.81544,8.068234],"to":[9.714286,9.244012,17.78252],"rotation":{"angle":0.0,"axis":"y","origin":[8.0,-8.1428585,9.142858]},"faces":{"south":{"uv":[8.3125,4.5625,8.6875,4.9375],"rotation":0,"texture":"#0","tintindex":0},"north":{"uv":[8.5,0.0,8.875,0.375],"rotation":0,"texture":"#0","tintindex":0},"down":{"uv":[6.5,3.625,6.125,4.6875],"rotation":0,"texture":"#0","tintindex":0},"east":{"uv":[6.125,2.0625,7.1875,2.4375],"rotation":0,"texture":"#0","tintindex":0},"west":{"uv":[6.125,1.625,7.1875,2.0],"rotation":0,"texture":"#0","tintindex":0},"up":{"uv":[6.5,3.5625,6.125,2.5],"rotation":0,"texture":"#0","tintindex":0}}},{"from":[6.285714,2.9582968,9.78252],"to":[9.714286,4.6725826,13.78252],"rotation":{"angle":0.0,"axis":"y","origin":[8.0,-8.1428585,9.142858]},"faces":{"south":{"uv":[5.6875,7.6875,6.0625,7.875],"rotation":0,"texture":"#0","tintindex":0},"north":{"uv":[0.875,10.0,1.25,10.1875],"rotation":0,"texture":"#0","tintindex":0},"down":{"uv":[8.375,7.3125,8.0,7.75],"rotation":0,"texture":"#0","tintindex":0},"east":{"uv":[4.5625,9.6875,5.0,9.875],"rotation":0,"texture":"#0","tintindex":0},"west":{"uv":[4.0625,9.6875,4.5,9.875],"rotation":0,"texture":"#0","tintindex":0},"up":{"uv":[8.375,7.25,8.0,6.8125],"rotation":0,"texture":"#0","tintindex":0}}},{"from":[6.857143,4.6725826,10.353949],"to":[9.142858,5.81544,13.211092],"rotation":{"angle":0.0,"axis":"y","origin":[8.0,-8.1428585,9.142858]},"faces":{"south":{"uv":[10.375,6.375,10.625,6.5],"rotation":0,"texture":"#0","tintindex":0},"north":{"uv":[10.5,0.75,10.75,0.875],"rotation":0,"texture":"#0","tintindex":0},"down":{"uv":[6.0625,9.9375,5.8125,10.25],"rotation":0,"texture":"#0","tintindex":0},"east":{"uv":[10.3125,6.8125,10.625,6.9375],"rotation":0,"texture":"#0","tintindex":0},"west":{"uv":[6.375,10.3125,6.6875,10.4375],"rotation":0,"texture":"#0","tintindex":0},"up":{"uv":[10.1875,5.9375,9.9375,5.625],"rotation":0,"texture":"#0","tintindex":0}}},{"from":[6.857143,2.9582968,13.78252],"to":[9.142858,3.5297256,14.925377],"rotation":{"angle":0.0,"axis":"y","origin":[8.0,-8.1428585,9.142858]},"faces":{"south":{"uv":[8.5,5.4375,8.75,5.5],"rotation":0,"texture":"#0","tintindex":0},"north":{"uv":[8.6875,7.3125,8.9375,7.375],"rotation":0,"texture":"#0","tintindex":0},"down":{"uv":[6.625,10.5,6.375,10.625],"rotation":0,"texture":"#0","tintindex":0},"east":{"uv":[8.4375,7.6875,8.5625,7.75],"rotation":0,"texture":"#0","tintindex":0},"west":{"uv":[7.625,1.3125,7.75,1.375],"rotation":0,"texture":"#0","tintindex":0},"up":{"uv":[4.25,10.625,4.0,10.5],"rotation":0,"texture":"#0","tintindex":0}}},{"from":[11.295869,7.711446,8.068234],"to":[12.438726,10.568588,10.353949],"rotation":{"angle":45.0,"axis":"z","origin":[11.867297,8.568588,12.068234]},"faces":{"south":{"uv":[8.375,10.1875,8.5,10.5],"rotation":0,"texture":"#0","tintindex":0},"north":{"uv":[6.9375,10.3125,7.0625,10.625],"rotation":0,"texture":"#0","tintindex":0},"down":{"uv":[4.4375,10.5,4.3125,10.75],"rotation":0,"texture":"#0","tintindex":0},"east":{"uv":[6.125,9.9375,6.375,10.25],"rotation":0,"texture":"#0","tintindex":0},"west":{"uv":[9.9375,6.0,10.1875,6.3125],"rotation":0,"texture":"#0","tintindex":0},"up":{"uv":[2.3125,10.6875,2.1875,10.4375],"rotation":0,"texture":"#0","tintindex":0}}}],"textures":{"0":"modelengine:entity/miniboss/miniboss_arachna"},"display":{"head":{"translation":[0.0,-6.4,0.0],"scale":[4.0,4.0,4.0]}}}