{"elements":[{"from":[6.5915885,6.724914,6.6575027],"to":[9.448731,9.582057,9.514646],"rotation":{"angle":0.0,"axis":"y","origin":[-11.891201,-5.8847666,4.285714]},"faces":{"south":{"uv":[9.5,3.375,9.8125,3.6875],"rotation":0,"texture":"#0","tintindex":0},"north":{"uv":[9.5,4.125,9.8125,4.4375],"rotation":0,"texture":"#0","tintindex":0},"down":{"uv":[9.875,5.625,9.5625,5.9375],"rotation":0,"texture":"#0","tintindex":0},"east":{"uv":[9.5,4.5,9.8125,4.8125],"rotation":0,"texture":"#0","tintindex":0},"west":{"uv":[9.5,3.75,9.8125,4.0625],"rotation":0,"texture":"#0","tintindex":0},"up":{"uv":[9.875,5.5625,9.5625,5.25],"rotation":0,"texture":"#0","tintindex":0}}},{"from":[7.0818286,-0.28150845,7.2289314],"to":[8.796114,7.147063,8.943217],"rotation":{"angle":0.0,"axis":"y","origin":[-11.891201,-5.8847666,4.285714]},"faces":{"south":{"uv":[5.3125,8.4375,5.5,9.25],"rotation":0,"texture":"#0","tintindex":0},"north":{"uv":[5.8125,8.4375,6.0,9.25],"rotation":0,"texture":"#0","tintindex":0},"down":{"uv":[10.5625,8.4375,10.375,8.625],"rotation":0,"texture":"#0","tintindex":0},"east":{"uv":[8.4375,6.5625,8.625,7.375],"rotation":0,"texture":"#0","tintindex":0},"west":{"uv":[5.5625,8.4375,5.75,9.25],"rotation":0,"texture":"#0","tintindex":0},"up":{"uv":[10.5625,8.375,10.375,8.1875],"rotation":0,"texture":"#0","tintindex":0}}},{"from":[0.06875944,12.921434,6.0860744],"to":[4.06876,14.63572,10.086075],"rotation":{"angle":-45.0,"axis":"z","origin":[-0.0064344406,3.2240458,8.046954]},"faces":{"south":{"uv":[9.8125,9.5625,10.25,9.75],"rotation":0,"texture":"#0","tintindex":0},"north":{"uv":[9.875,2.5,10.3125,2.6875],"rotation":0,"texture":"#0","tintindex":0},"down":{"uv":[8.0625,7.9375,7.625,8.375],"rotation":0,"texture":"#0","tintindex":0},"east":{"uv":[9.875,2.75,10.3125,2.9375],"rotation":0,"texture":"#0","tintindex":0},"west":{"uv":[9.8125,9.8125,10.25,10.0],"rotation":0,"texture":"#0","tintindex":0},"up":{"uv":[6.0,8.375,5.5625,7.9375],"rotation":0,"texture":"#0","tintindex":0}}},{"from":[7.3675427,-5.9957943,7.5146456],"to":[8.5104,1.4327769,8.657503],"rotation":{"angle":0.0,"axis":"y","origin":[-11.891201,-5.8847666,4.285714]},"faces":{"south":{"uv":[8.9375,2.5,9.0625,3.3125],"rotation":0,"texture":"#0","tintindex":0},"north":{"uv":[9.0,5.4375,9.125,6.25],"rotation":0,"texture":"#0","tintindex":0},"down":{"uv":[10.75,2.1875,10.625,2.3125],"rotation":0,"texture":"#0","tintindex":0},"east":{"uv":[9.0625,7.6875,9.1875,8.5],"rotation":0,"texture":"#0","tintindex":0},"west":{"uv":[8.9375,3.375,9.0625,4.1875],"rotation":0,"texture":"#0","tintindex":0},"up":{"uv":[10.75,2.125,10.625,2.0],"rotation":0,"texture":"#0","tintindex":0}}}],"textures":{"0":"modelengine:entity/miniboss/miniboss_arachna"},"display":{"head":{"translation":[0.0,-6.4,0.0],"scale":[4.0,4.0,4.0]}}}