{"elements":[{"from":[-1.8128462,1.6791315,7.0860744],"to":[7.90144,3.3934174,8.80036],"rotation":{"angle":45.0,"axis":"z","origin":[1.405211,5.981743,7.904097]},"faces":{"south":{"uv":[7.8125,1.5625,8.875,1.75],"rotation":0,"texture":"#0","tintindex":0},"north":{"uv":[7.8125,1.8125,8.875,2.0],"rotation":0,"texture":"#0","tintindex":0},"down":{"uv":[8.875,2.3125,7.8125,2.5],"rotation":0,"texture":"#0","tintindex":0},"east":{"uv":[0.25,10.375,0.4375,10.5625],"rotation":0,"texture":"#0","tintindex":0},"west":{"uv":[10.3125,10.3125,10.5,10.5],"rotation":0,"texture":"#0","tintindex":0},"up":{"uv":[8.875,2.25,7.8125,2.0625],"rotation":0,"texture":"#0","tintindex":0}}},{"from":[2.2563539,1.0534453,6.5146456],"to":[5.113497,3.9105883,9.371789],"rotation":{"angle":-22.5,"axis":"z","origin":[1.405211,5.981743,7.904097]},"faces":{"south":{"uv":[9.3125,1.875,9.625,2.1875],"rotation":0,"texture":"#0","tintindex":0},"north":{"uv":[3.5625,9.3125,3.875,9.625],"rotation":0,"texture":"#0","tintindex":0},"down":{"uv":[5.0,9.3125,4.6875,9.625],"rotation":0,"texture":"#0","tintindex":0},"east":{"uv":[3.9375,9.3125,4.25,9.625],"rotation":0,"texture":"#0","tintindex":0},"west":{"uv":[9.3125,2.25,9.625,2.5625],"rotation":0,"texture":"#0","tintindex":0},"up":{"uv":[4.625,9.625,4.3125,9.3125],"rotation":0,"texture":"#0","tintindex":0}}}],"textures":{"0":"modelengine:entity/miniboss/miniboss_arachna"},"display":{"head":{"translation":[0.0,-6.4,0.0],"scale":[4.0,4.0,4.0]}}}