{"elements":[{"from":[6.528903,6.665194,6.5146456],"to":[9.386045,9.522337,9.371789],"rotation":{"angle":0.0,"axis":"y","origin":[-11.953886,-5.9444857,7.5714283]},"faces":{"south":{"uv":[9.625,8.0625,9.9375,8.375],"rotation":0,"texture":"#0","tintindex":0},"north":{"uv":[9.625,8.8125,9.9375,9.125],"rotation":0,"texture":"#0","tintindex":0},"down":{"uv":[10.0,0.375,9.6875,0.6875],"rotation":0,"texture":"#0","tintindex":0},"east":{"uv":[9.625,9.1875,9.9375,9.5],"rotation":0,"texture":"#0","tintindex":0},"west":{"uv":[9.625,8.4375,9.9375,8.75],"rotation":0,"texture":"#0","tintindex":0},"up":{"uv":[10.0,0.3125,9.6875,0.0],"rotation":0,"texture":"#0","tintindex":0}}},{"from":[0.0060739517,12.861715,5.9432173],"to":[4.006074,14.576,9.943217],"rotation":{"angle":-45.0,"axis":"z","origin":[-0.06912041,3.1643257,7.904097]},"faces":{"south":{"uv":[9.875,3.0,10.3125,3.1875],"rotation":0,"texture":"#0","tintindex":0},"north":{"uv":[9.875,3.5,10.3125,3.6875],"rotation":0,"texture":"#0","tintindex":0},"down":{"uv":[8.4375,5.0625,8.0,5.5],"rotation":0,"texture":"#0","tintindex":0},"east":{"uv":[9.875,3.75,10.3125,3.9375],"rotation":0,"texture":"#0","tintindex":0},"west":{"uv":[9.875,3.25,10.3125,3.4375],"rotation":0,"texture":"#0","tintindex":0},"up":{"uv":[8.4375,0.4375,8.0,0.0],"rotation":0,"texture":"#0","tintindex":0}}},{"from":[7.0191426,-0.3412285,7.0860744],"to":[8.733429,7.0873427,8.80036],"rotation":{"angle":0.0,"axis":"y","origin":[-11.953886,-5.9444857,7.5714283]},"faces":{"south":{"uv":[7.625,8.4375,7.8125,9.25],"rotation":0,"texture":"#0","tintindex":0},"north":{"uv":[3.0625,8.5,3.25,9.3125],"rotation":0,"texture":"#0","tintindex":0},"down":{"uv":[8.0,10.4375,7.8125,10.625],"rotation":0,"texture":"#0","tintindex":0},"east":{"uv":[3.3125,8.5,3.5,9.3125],"rotation":0,"texture":"#0","tintindex":0},"west":{"uv":[7.875,8.4375,8.0625,9.25],"rotation":0,"texture":"#0","tintindex":0},"up":{"uv":[3.9375,10.625,3.75,10.4375],"rotation":0,"texture":"#0","tintindex":0}}},{"from":[7.3048573,-6.0555153,7.3717885],"to":[8.447714,1.3730569,8.514646],"rotation":{"angle":0.0,"axis":"y","origin":[-11.953886,-5.9444857,7.5714283]},"faces":{"south":{"uv":[9.0625,8.5625,9.1875,9.375],"rotation":0,"texture":"#0","tintindex":0},"north":{"uv":[9.125,0.875,9.25,1.6875],"rotation":0,"texture":"#0","tintindex":0},"down":{"uv":[10.75,2.5625,10.625,2.6875],"rotation":0,"texture":"#0","tintindex":0},"east":{"uv":[9.125,1.75,9.25,2.5625],"rotation":0,"texture":"#0","tintindex":0},"west":{"uv":[9.125,0.0,9.25,0.8125],"rotation":0,"texture":"#0","tintindex":0},"up":{"uv":[10.75,2.5,10.625,2.375],"rotation":0,"texture":"#0","tintindex":0}}}],"textures":{"0":"modelengine:entity/miniboss/miniboss_arachna"},"display":{"head":{"translation":[0.0,-6.4,0.0],"scale":[4.0,4.0,4.0]}}}