{"elements":[{"from":[7.428571,9.023126,3.9148111],"to":[8.571428,10.165983,12.48624],"rotation":{"angle":-45.0,"axis":"x","origin":[8.0,9.594554,7.343383]},"faces":{"south":{"uv":[10.625,2.75,10.75,2.875],"rotation":0,"texture":"#0","tintindex":0},"north":{"uv":[10.625,2.9375,10.75,3.0625],"rotation":0,"texture":"#0","tintindex":0},"down":{"uv":[2.875,8.6875,2.75,9.625],"rotation":0,"texture":"#0","tintindex":0},"east":{"uv":[1.75,8.6875,2.6875,8.8125],"rotation":0,"texture":"#0","tintindex":0},"west":{"uv":[8.5,5.25,9.4375,5.375],"rotation":0,"texture":"#0","tintindex":0},"up":{"uv":[7.0,3.4375,6.875,2.5],"rotation":0,"texture":"#0","tintindex":0}}},{"from":[6.857143,8.451697,9.629097],"to":[9.142858,9.594554,13.057669],"rotation":{"angle":-45.0,"axis":"x","origin":[8.0,9.594554,7.343383]},"faces":{"south":{"uv":[10.5,7.5625,10.75,7.6875],"rotation":0,"texture":"#0","tintindex":0},"north":{"uv":[10.5,7.75,10.75,7.875],"rotation":0,"texture":"#0","tintindex":0},"down":{"uv":[9.9375,0.9375,9.6875,1.3125],"rotation":0,"texture":"#0","tintindex":0},"east":{"uv":[10.25,9.375,10.625,9.5],"rotation":0,"texture":"#0","tintindex":0},"west":{"uv":[10.25,9.1875,10.625,9.3125],"rotation":0,"texture":"#0","tintindex":0},"up":{"uv":[7.0625,1.5625,6.8125,1.1875],"rotation":0,"texture":"#0","tintindex":0}}},{"from":[6.857143,9.594554,11.914812],"to":[9.142858,11.880269,13.057669],"rotation":{"angle":-45.0,"axis":"x","origin":[8.0,9.594554,7.343383]},"faces":{"south":{"uv":[10.0,0.9375,10.25,1.1875],"rotation":0,"texture":"#0","tintindex":0},"north":{"uv":[10.0,1.25,10.25,1.5],"rotation":0,"texture":"#0","tintindex":0},"down":{"uv":[10.8125,0.9375,10.5625,1.0625],"rotation":0,"texture":"#0","tintindex":0},"east":{"uv":[6.6875,10.5,6.8125,10.75],"rotation":0,"texture":"#0","tintindex":0},"west":{"uv":[5.3125,10.5,5.4375,10.75],"rotation":0,"texture":"#0","tintindex":0},"up":{"uv":[10.8125,0.125,10.5625,0.0],"rotation":0,"texture":"#0","tintindex":0}}}],"textures":{"0":"modelengine:entity/miniboss/miniboss_arachna"},"display":{"head":{"translation":[0.0,-6.4,0.0],"scale":[4.0,4.0,4.0]}}}