{"elements":[{"from":[6.285714,7.3868685,7.4968057],"to":[8.0,8.529726,8.639663],"rotation":{"angle":0.0,"axis":"y","origin":[9.714286,-8.285715,8.0]},"faces":{"south":{"uv":[10.5625,7.9375,10.75,8.0625],"rotation":0,"texture":"#0","tintindex":0},"north":{"uv":[8.3125,10.5625,8.5,10.6875],"rotation":0,"texture":"#0","tintindex":0},"down":{"uv":[9.25,10.5625,9.0625,10.6875],"rotation":0,"texture":"#0","tintindex":0},"east":{"uv":[10.625,3.5,10.75,3.625],"rotation":0,"texture":"#0","tintindex":0},"west":{"uv":[10.625,3.3125,10.75,3.4375],"rotation":0,"texture":"#0","tintindex":0},"up":{"uv":[8.75,10.6875,8.5625,10.5625],"rotation":0,"texture":"#0","tintindex":0}}},{"from":[6.0,4.954897,2.7224798],"to":[7.714286,7.2406116,5.008194],"rotation":{"angle":-22.5,"axis":"x","origin":[6.857143,6.0977545,3.865337]},"faces":{"south":{"uv":[2.875,10.25,3.0625,10.5],"rotation":0,"texture":"#0","tintindex":0},"north":{"uv":[0.0,10.3125,0.1875,10.5625],"rotation":0,"texture":"#0","tintindex":0},"down":{"uv":[10.5,0.9375,10.3125,1.1875],"rotation":0,"texture":"#0","tintindex":0},"east":{"uv":[10.0,1.875,10.25,2.125],"rotation":0,"texture":"#0","tintindex":0},"west":{"uv":[10.0,1.5625,10.25,1.8125],"rotation":0,"texture":"#0","tintindex":0},"up":{"uv":[10.5,0.25,10.3125,0.0],"rotation":0,"texture":"#0","tintindex":0}}},{"from":[6.285714,6.44632,3.3397884],"to":[7.428571,7.589177,7.911217],"rotation":{"angle":-22.5,"axis":"x","origin":[6.857143,7.0177484,5.3397884]},"faces":{"south":{"uv":[10.625,3.6875,10.75,3.8125],"rotation":0,"texture":"#0","tintindex":0},"north":{"uv":[4.5,10.625,4.625,10.75],"rotation":0,"texture":"#0","tintindex":0},"down":{"uv":[3.25,9.75,3.125,10.25],"rotation":0,"texture":"#0","tintindex":0},"east":{"uv":[10.0,4.75,10.5,4.875],"rotation":0,"texture":"#0","tintindex":0},"west":{"uv":[2.0,10.0,2.5,10.125],"rotation":0,"texture":"#0","tintindex":0},"up":{"uv":[8.875,1.25,8.75,0.75],"rotation":0,"texture":"#0","tintindex":0}}}],"textures":{"0":"modelengine:entity/miniboss/miniboss_arachna"},"display":{"head":{"translation":[0.0,-6.4,0.0],"scale":[4.0,4.0,4.0]}}}