{"elements":[{"from":[7.142857,6.5297256,-1.5031948],"to":[8.857143,7.6725826,-0.3603382],"rotation":{"angle":0.0,"axis":"y","origin":[8.0,-6.285715,8.714286]},"faces":{"south":{"uv":[9.8125,10.5625,10.0,10.6875],"rotation":0,"texture":"#0","tintindex":0},"north":{"uv":[10.0625,10.5625,10.25,10.6875],"rotation":0,"texture":"#0","tintindex":0},"down":{"uv":[10.75,10.3125,10.5625,10.4375],"rotation":0,"texture":"#0","tintindex":0},"east":{"uv":[10.625,6.0625,10.75,6.1875],"rotation":0,"texture":"#0","tintindex":0},"west":{"uv":[10.625,5.875,10.75,6.0],"rotation":0,"texture":"#0","tintindex":0},"up":{"uv":[10.5,10.6875,10.3125,10.5625],"rotation":0,"texture":"#0","tintindex":0}}},{"from":[7.142857,4.81544,-1.5031948],"to":[8.857143,6.5297256,7.0682344],"rotation":{"angle":0.0,"axis":"y","origin":[8.0,-6.285715,8.714286]},"faces":{"south":{"uv":[8.0625,10.4375,8.25,10.625],"rotation":0,"texture":"#0","tintindex":0},"north":{"uv":[10.4375,10.0625,10.625,10.25],"rotation":0,"texture":"#0","tintindex":0},"down":{"uv":[8.1875,5.8125,8.0,6.75],"rotation":0,"texture":"#0","tintindex":0},"east":{"uv":[8.0,5.5625,8.9375,5.75],"rotation":0,"texture":"#0","tintindex":0},"west":{"uv":[8.0,0.5,8.9375,0.6875],"rotation":0,"texture":"#0","tintindex":0},"up":{"uv":[6.75,4.625,6.5625,3.6875],"rotation":0,"texture":"#0","tintindex":0}}},{"from":[8.0,6.5297256,2.4968052],"to":[8.0,8.244012,7.0682344],"rotation":{"angle":0.0,"axis":"y","origin":[8.0,-6.285715,8.714286]},"faces":{"south":{"uv":[7.3125,8.3125,7.3125,8.5],"rotation":0,"texture":"#0","tintindex":0},"north":{"uv":[7.5625,8.625,7.5625,8.8125],"rotation":0,"texture":"#0","tintindex":0},"down":{"uv":[2.625,9.75,2.625,10.25],"rotation":0,"texture":"#0","tintindex":0},"east":{"uv":[9.6875,2.25,10.1875,2.4375],"rotation":0,"texture":"#0","tintindex":0},"west":{"uv":[6.8125,5.875,7.3125,6.0625],"rotation":0,"texture":"#0","tintindex":0},"up":{"uv":[2.6875,9.375,2.6875,8.875],"rotation":0,"texture":"#0","tintindex":0}}},{"from":[7.142857,4.81544,7.0682344],"to":[8.857143,8.81544,8.78252],"rotation":{"angle":0.0,"axis":"y","origin":[8.0,-6.285715,8.714286]},"faces":{"south":{"uv":[5.5625,9.6875,5.75,10.125],"rotation":0,"texture":"#0","tintindex":0},"north":{"uv":[0.0,9.8125,0.1875,10.25],"rotation":0,"texture":"#0","tintindex":0},"down":{"uv":[1.1875,10.5,1.0,10.6875],"rotation":0,"texture":"#0","tintindex":0},"east":{"uv":[7.125,9.8125,7.3125,10.25],"rotation":0,"texture":"#0","tintindex":0},"west":{"uv":[2.875,9.75,3.0625,10.1875],"rotation":0,"texture":"#0","tintindex":0},"up":{"uv":[0.9375,10.6875,0.75,10.5],"rotation":0,"texture":"#0","tintindex":0}}},{"from":[9.419605,4.8297257,3.6414456],"to":[10.562463,6.51544,6.4985886],"rotation":{"angle":22.5,"axis":"y","origin":[9.70532,5.6725826,7.92716]},"faces":{"south":{"uv":[8.25,6.5625,8.375,6.75],"rotation":0,"texture":"#0","tintindex":0},"north":{"uv":[9.0,6.3125,9.125,6.5],"rotation":0,"texture":"#0","tintindex":0},"down":{"uv":[7.4375,10.3125,7.3125,10.625],"rotation":0,"texture":"#0","tintindex":0},"east":{"uv":[10.25,5.875,10.5625,6.0625],"rotation":0,"texture":"#0","tintindex":0},"west":{"uv":[10.25,5.625,10.5625,5.8125],"rotation":0,"texture":"#0","tintindex":0},"up":{"uv":[7.25,10.625,7.125,10.3125],"rotation":0,"texture":"#0","tintindex":0}}},{"from":[5.437537,4.8297257,3.6414456],"to":[6.5803943,6.51544,6.4985886],"rotation":{"angle":-22.5,"axis":"y","origin":[6.29468,5.6725826,7.92716]},"faces":{"south":{"uv":[10.5625,10.5,10.6875,10.6875],"rotation":0,"texture":"#0","tintindex":0},"north":{"uv":[0.0,10.625,0.125,10.8125],"rotation":0,"texture":"#0","tintindex":0},"down":{"uv":[10.4375,7.5625,10.3125,7.875],"rotation":0,"texture":"#0","tintindex":0},"east":{"uv":[10.25,7.3125,10.5625,7.5],"rotation":0,"texture":"#0","tintindex":0},"west":{"uv":[10.25,6.125,10.5625,6.3125],"rotation":0,"texture":"#0","tintindex":0},"up":{"uv":[7.625,10.625,7.5,10.3125],"rotation":0,"texture":"#0","tintindex":0}}}],"textures":{"0":"modelengine:entity/miniboss/miniboss_arachna"},"display":{"head":{"translation":[0.0,-6.4,0.0],"scale":[4.0,4.0,4.0]}}}