{"elements":[{"from":[3.4285712,-6.8571434,7.428571],"to":[12.571428,8.0,8.0],"rotation":{"angle":0.0,"axis":"y","origin":[4.462685,2.7142854,2.4285712]},"faces":{"south":{"uv":[0.0,5.4375,1.0,7.0625],"rotation":0,"texture":"#0","tintindex":0},"north":{"uv":[4.9375,5.25,5.9375,6.875],"rotation":0,"texture":"#0","tintindex":0},"down":{"uv":[8.75,7.25,7.75,7.3125],"rotation":0,"texture":"#0","tintindex":0},"east":{"uv":[2.3125,7.5,2.375,9.125],"rotation":0,"texture":"#0","tintindex":0},"west":{"uv":[4.0625,7.625,4.125,9.25],"rotation":0,"texture":"#0","tintindex":0},"up":{"uv":[6.0,3.4375,5.0,3.375],"rotation":0,"texture":"#0","tintindex":0}}},{"from":[3.4285712,-10.327694,3.3851418],"to":[12.571428,-8.041979,3.9565701],"rotation":{"angle":-22.5,"axis":"x","origin":[4.462685,2.7142854,2.4285712]},"faces":{"south":{"uv":[4.5,6.9375,5.5,7.1875],"rotation":0,"texture":"#0","tintindex":0},"north":{"uv":[6.9375,1.625,7.9375,1.875],"rotation":0,"texture":"#0","tintindex":0},"down":{"uv":[8.75,7.5,7.75,7.5625],"rotation":0,"texture":"#0","tintindex":0},"east":{"uv":[2.9375,3.125,3.0,3.375],"rotation":0,"texture":"#0","tintindex":0},"west":{"uv":[5.875,6.9375,5.9375,7.1875],"rotation":0,"texture":"#0","tintindex":0},"up":{"uv":[8.75,7.4375,7.75,7.375],"rotation":0,"texture":"#0","tintindex":0}}}],"textures":{"0":"modelengine:entity/goblins/goblin_4"},"display":{"head":{"translation":[0.0,-6.4,0.0],"scale":[4.0,4.0,4.0]}}}