{"elements":[{"from":[5.142857,-3.4285717,5.714286],"to":[9.142858,2.2857141,10.285714],"rotation":{"angle":0.0,"axis":"y","origin":[10.176971,3.8571424,5.8571424]},"faces":{"south":{"uv":[4.5,2.8125,4.9375,3.4375],"rotation":0,"texture":"#0","tintindex":0},"north":{"uv":[3.5625,2.8125,4.0,3.4375],"rotation":0,"texture":"#0","tintindex":0},"down":{"uv":[4.4375,2.3125,4.0,2.8125],"rotation":0,"texture":"#0","tintindex":0},"east":{"uv":[3.0625,2.8125,3.5625,3.4375],"rotation":0,"texture":"#0","tintindex":0},"west":{"uv":[4.0,2.8125,4.5,3.4375],"rotation":0,"texture":"#0","tintindex":0},"up":{"uv":[4.0,2.8125,3.5625,2.3125],"rotation":0,"texture":"#0","tintindex":0}}},{"from":[5.714286,2.2857141,6.285714],"to":[9.142858,6.285714,9.714286],"rotation":{"angle":0.0,"axis":"y","origin":[10.176971,3.8571424,5.8571424]},"faces":{"south":{"uv":[1.875,7.5,2.25,7.9375],"rotation":0,"texture":"#0","tintindex":0},"north":{"uv":[1.0,7.5,1.375,7.9375],"rotation":0,"texture":"#0","tintindex":0},"down":{"uv":[7.9375,2.9375,7.5625,3.3125],"rotation":0,"texture":"#0","tintindex":0},"east":{"uv":[1.4375,7.5,1.8125,7.9375],"rotation":0,"texture":"#0","tintindex":0},"west":{"uv":[4.5,7.5,4.875,7.9375],"rotation":0,"texture":"#0","tintindex":0},"up":{"uv":[7.8125,0.375,7.4375,0.0],"rotation":0,"texture":"#0","tintindex":0}}},{"from":[5.142857,6.285714,5.714286],"to":[9.142858,10.285714,10.285714],"rotation":{"angle":0.0,"axis":"y","origin":[10.176971,3.8571424,5.8571424]},"faces":{"south":{"uv":[7.125,3.375,7.5625,3.8125],"rotation":0,"texture":"#0","tintindex":0},"north":{"uv":[3.0,7.125,3.4375,7.5625],"rotation":0,"texture":"#0","tintindex":0},"down":{"uv":[7.5,5.125,7.0625,5.625],"rotation":0,"texture":"#0","tintindex":0},"east":{"uv":[2.4375,6.9375,2.9375,7.375],"rotation":0,"texture":"#0","tintindex":0},"west":{"uv":[7.0625,4.0625,7.5625,4.5],"rotation":0,"texture":"#0","tintindex":0},"up":{"uv":[7.5,5.0625,7.0625,4.5625],"rotation":0,"texture":"#0","tintindex":0}}}],"textures":{"0":"modelengine:entity/goblins/goblin_4"},"display":{"head":{"translation":[0.0,-6.4,0.0],"scale":[4.0,4.0,4.0]}}}