{"elements":[{"from":[6.285714,1.1428566,5.142857],"to":[9.714286,2.2857141,9.714286],"rotation":{"angle":0.0,"axis":"y","origin":[1.6055422,13.0,5.8571424]},"faces":{"south":{"uv":[5.9375,0.5,6.3125,0.625],"rotation":0,"texture":"#0","tintindex":0},"north":{"uv":[5.0625,0.5,5.4375,0.625],"rotation":0,"texture":"#0","tintindex":0},"down":{"uv":[5.8125,0.0,5.4375,0.5],"rotation":0,"texture":"#0","tintindex":0},"east":{"uv":[4.5625,0.5,5.0625,0.625],"rotation":0,"texture":"#0","tintindex":0},"west":{"uv":[5.4375,0.5,5.9375,0.625],"rotation":0,"texture":"#0","tintindex":0},"up":{"uv":[5.4375,0.5,5.0625,0.0],"rotation":0,"texture":"#0","tintindex":0}}},{"from":[6.285714,2.2857141,6.285714],"to":[9.714286,4.0,9.714286],"rotation":{"angle":0.0,"axis":"y","origin":[1.6055422,13.0,5.8571424]},"faces":{"south":{"uv":[4.5,5.25,4.875,5.4375],"rotation":0,"texture":"#0","tintindex":0},"north":{"uv":[3.75,5.25,4.125,5.4375],"rotation":0,"texture":"#0","tintindex":0},"down":{"uv":[4.5,4.875,4.125,5.25],"rotation":0,"texture":"#0","tintindex":0},"east":{"uv":[3.375,5.25,3.75,5.4375],"rotation":0,"texture":"#0","tintindex":0},"west":{"uv":[4.125,5.25,4.5,5.4375],"rotation":0,"texture":"#0","tintindex":0},"up":{"uv":[4.125,5.25,3.75,4.875],"rotation":0,"texture":"#0","tintindex":0}}},{"from":[5.714286,4.0,5.714286],"to":[10.285714,5.142857,10.285714],"rotation":{"angle":0.0,"axis":"y","origin":[1.6055422,13.0,5.8571424]},"faces":{"south":{"uv":[5.75,4.6875,6.25,4.8125],"rotation":0,"texture":"#0","tintindex":0},"north":{"uv":[4.75,4.6875,5.25,4.8125],"rotation":0,"texture":"#0","tintindex":0},"down":{"uv":[5.75,4.1875,5.25,4.6875],"rotation":0,"texture":"#0","tintindex":0},"east":{"uv":[4.25,4.6875,4.75,4.8125],"rotation":0,"texture":"#0","tintindex":0},"west":{"uv":[5.25,4.6875,5.75,4.8125],"rotation":0,"texture":"#0","tintindex":0},"up":{"uv":[5.25,4.6875,4.75,4.1875],"rotation":0,"texture":"#0","tintindex":0}}},{"from":[6.3539414,5.142857,6.285714],"to":[9.782513,8.0,9.714286],"rotation":{"angle":0.0,"axis":"y","origin":[14.462686,13.0,5.8571424]},"faces":{"south":{"uv":[5.6875,1.8125,6.0625,2.125],"rotation":0,"texture":"#0","tintindex":0},"north":{"uv":[4.9375,1.8125,5.3125,2.125],"rotation":0,"texture":"#0","tintindex":0},"down":{"uv":[5.6875,1.4375,5.3125,1.8125],"rotation":0,"texture":"#0","tintindex":0},"east":{"uv":[4.5625,1.8125,4.9375,2.125],"rotation":0,"texture":"#0","tintindex":0},"west":{"uv":[5.3125,1.8125,5.6875,2.125],"rotation":0,"texture":"#0","tintindex":0},"up":{"uv":[5.3125,1.8125,4.9375,1.4375],"rotation":0,"texture":"#0","tintindex":0}}}],"textures":{"0":"modelengine:entity/goblins/goblin_4"},"display":{"head":{"translation":[0.0,-6.4,0.0],"scale":[4.0,4.0,4.0]}}}