{"elements":[{"from":[5.485714,4.5809145,4.9142857],"to":[10.514286,9.609486,9.942858],"rotation":{"angle":0.0,"axis":"y","origin":[8.0,7.0952,7.428571]},"faces":{"south":{"uv":[6.0625,5.875,6.5625,6.375],"rotation":0,"texture":"#10","tintindex":0},"north":{"uv":[6.0625,4.875,6.5625,5.375],"rotation":0,"texture":"#10","tintindex":0},"down":{"uv":[6.8125,2.4375,6.3125,2.9375],"rotation":0,"texture":"#10","tintindex":0},"east":{"uv":[6.0625,5.375,6.5625,5.875],"rotation":0,"texture":"#10","tintindex":0},"west":{"uv":[1.125,6.3125,1.625,6.8125],"rotation":0,"texture":"#10","tintindex":0},"up":{"uv":[2.125,6.8125,1.625,6.3125],"rotation":0,"texture":"#10","tintindex":0}}},{"from":[5.485714,4.5809145,4.9142857],"to":[10.514286,9.609486,9.942858],"rotation":{"angle":0.0,"axis":"y","origin":[8.0,7.0952,7.428571]},"faces":{"south":{"uv":[6.0625,5.875,6.5625,6.375],"rotation":0,"texture":"#0","tintindex":0},"north":{"uv":[6.0625,4.875,6.5625,5.375],"rotation":0,"texture":"#0","tintindex":0},"down":{"uv":[6.8125,2.4375,6.3125,2.9375],"rotation":0,"texture":"#0","tintindex":0},"east":{"uv":[6.0625,5.375,6.5625,5.875],"rotation":0,"texture":"#0","tintindex":0},"west":{"uv":[1.125,6.3125,1.625,6.8125],"rotation":0,"texture":"#0","tintindex":0},"up":{"uv":[2.125,6.8125,1.625,6.3125],"rotation":0,"texture":"#0","tintindex":0}}},{"from":[5.714286,4.8094854,5.142857],"to":[10.285714,9.380915,9.714286],"rotation":{"angle":0.0,"axis":"y","origin":[8.0,7.0952,7.428571]},"faces":{"south":{"uv":[3.0,5.9375,3.5,6.4375],"rotation":0,"texture":"#0","tintindex":0},"north":{"uv":[0.625,5.9375,1.125,6.4375],"rotation":0,"texture":"#0","tintindex":0},"down":{"uv":[6.5,0.625,6.0,1.125],"rotation":0,"texture":"#0","tintindex":0},"east":{"uv":[5.9375,1.9375,6.4375,2.4375],"rotation":0,"texture":"#0","tintindex":0},"west":{"uv":[3.5,5.9375,4.0,6.4375],"rotation":0,"texture":"#0","tintindex":0},"up":{"uv":[6.4375,4.875,5.9375,4.375],"rotation":0,"texture":"#0","tintindex":0}}}],"textures":{"0":"modelengine:entity/monaska_3faza/monaska","10":"modelengine:entity/monaska_3faza/monaska_2"},"display":{"head":{"translation":[0.0,-6.4,0.0],"scale":[4.0,4.0,4.0]}}}