{"elements":[{"from":[7.7195373,7.18708,7.150686],"to":[10.57668,8.901365,8.864971],"rotation":{"angle":0.0,"axis":"y","origin":[6.0446286,-3.914075,4.285714]},"faces":{"south":{"uv":[4.5625,10.125,4.875,10.3125],"rotation":0,"texture":"#0","tintindex":0},"north":{"uv":[4.9375,10.125,5.25,10.3125],"rotation":0,"texture":"#0","tintindex":0},"down":{"uv":[10.5,4.0,10.1875,4.1875],"rotation":0,"texture":"#0","tintindex":0},"east":{"uv":[10.375,3.4375,10.5625,3.625],"rotation":0,"texture":"#0","tintindex":0},"west":{"uv":[10.375,3.1875,10.5625,3.375],"rotation":0,"texture":"#0","tintindex":0},"up":{"uv":[2.3125,10.375,2.0,10.1875],"rotation":0,"texture":"#0","tintindex":0}}},{"from":[11.49008,8.947383,6.6575027],"to":[14.347223,11.804525,9.514646],"rotation":{"angle":22.5,"axis":"z","origin":[18.078674,5.684977,8.046954]},"faces":{"south":{"uv":[5.0625,9.3125,5.375,9.625],"rotation":0,"texture":"#0","tintindex":0},"north":{"uv":[7.5625,9.3125,7.875,9.625],"rotation":0,"texture":"#0","tintindex":0},"down":{"uv":[8.625,9.375,8.3125,9.6875],"rotation":0,"texture":"#0","tintindex":0},"east":{"uv":[2.9375,9.375,3.25,9.6875],"rotation":0,"texture":"#0","tintindex":0},"west":{"uv":[5.4375,9.3125,5.75,9.625],"rotation":0,"texture":"#0","tintindex":0},"up":{"uv":[8.25,9.6875,7.9375,9.375],"rotation":0,"texture":"#0","tintindex":0}}}],"textures":{"0":"modelengine:entity/miniboss/miniboss_arachna"},"display":{"head":{"translation":[0.0,-6.4,0.0],"scale":[4.0,4.0,4.0]}}}