{"elements":[{"from":[9.7894745,9.4116745,7.2289314],"to":[11.50376,21.983105,8.943217],"rotation":{"angle":-45.0,"axis":"z","origin":[8.571417,12.0,8.046954]},"faces":{"south":{"uv":[7.125,6.875,7.3125,8.25],"rotation":0,"texture":"#0","tintindex":0},"north":{"uv":[7.3125,2.875,7.5,4.25],"rotation":0,"texture":"#0","tintindex":0},"down":{"uv":[5.25,10.375,5.0625,10.5625],"rotation":0,"texture":"#0","tintindex":0},"east":{"uv":[7.3125,4.3125,7.5,5.6875],"rotation":0,"texture":"#0","tintindex":0},"west":{"uv":[7.3125,1.4375,7.5,2.8125],"rotation":0,"texture":"#0","tintindex":0},"up":{"uv":[5.0,10.5625,4.8125,10.375],"rotation":0,"texture":"#0","tintindex":0}}},{"from":[8.932331,11.12596,6.6575027],"to":[10.646617,17.983105,9.514646],"rotation":{"angle":-45.0,"axis":"z","origin":[8.571417,12.0,8.046954]},"faces":{"south":{"uv":[8.125,8.5625,8.3125,9.3125],"rotation":0,"texture":"#0","tintindex":0},"north":{"uv":[8.375,8.5625,8.5625,9.3125],"rotation":0,"texture":"#0","tintindex":0},"down":{"uv":[2.5625,10.1875,2.375,10.5],"rotation":0,"texture":"#0","tintindex":0},"east":{"uv":[3.4375,7.6875,3.75,8.4375],"rotation":0,"texture":"#0","tintindex":0},"west":{"uv":[3.0625,7.6875,3.375,8.4375],"rotation":0,"texture":"#0","tintindex":0},"up":{"uv":[5.5,10.4375,5.3125,10.125],"rotation":0,"texture":"#0","tintindex":0}}}],"textures":{"0":"modelengine:entity/miniboss/miniboss_arachna"},"display":{"head":{"translation":[0.0,-6.4,0.0],"scale":[4.0,4.0,4.0]}}}