{"elements":[{"from":[7.459703,2.5074682,7.2289314],"to":[17.173988,4.221754,8.943217],"rotation":{"angle":-45.0,"axis":"z","origin":[13.955932,6.81008,8.046954]},"faces":{"south":{"uv":[7.8125,2.5625,8.875,2.75],"rotation":0,"texture":"#0","tintindex":0},"north":{"uv":[7.8125,2.8125,8.875,3.0],"rotation":0,"texture":"#0","tintindex":0},"down":{"uv":[8.875,3.3125,7.8125,3.5],"rotation":0,"texture":"#0","tintindex":0},"east":{"uv":[4.5625,10.375,4.75,10.5625],"rotation":0,"texture":"#0","tintindex":0},"west":{"uv":[10.375,3.6875,10.5625,3.875],"rotation":0,"texture":"#0","tintindex":0},"up":{"uv":[8.875,3.25,7.8125,3.0625],"rotation":0,"texture":"#0","tintindex":0}}},{"from":[10.247646,1.881783,6.6575027],"to":[13.104789,4.7389255,9.514646],"rotation":{"angle":22.5,"axis":"z","origin":[13.955932,6.81008,8.046954]},"faces":{"south":{"uv":[0.0,9.4375,0.3125,9.75],"rotation":0,"texture":"#0","tintindex":0},"north":{"uv":[7.1875,9.4375,7.5,9.75],"rotation":0,"texture":"#0","tintindex":0},"down":{"uv":[9.8125,3.0,9.5,3.3125],"rotation":0,"texture":"#0","tintindex":0},"east":{"uv":[8.6875,9.4375,9.0,9.75],"rotation":0,"texture":"#0","tintindex":0},"west":{"uv":[9.4375,6.9375,9.75,7.25],"rotation":0,"texture":"#0","tintindex":0},"up":{"uv":[9.8125,2.9375,9.5,2.625],"rotation":0,"texture":"#0","tintindex":0}}}],"textures":{"0":"modelengine:entity/miniboss/miniboss_arachna"},"display":{"head":{"translation":[0.0,-6.4,0.0],"scale":[4.0,4.0,4.0]}}}