{"elements":[{"from":[6.471097,6.665194,6.5146456],"to":[9.32824,9.522337,9.371789],"rotation":{"angle":0.0,"axis":"y","origin":[27.81103,-5.9444857,7.5714283]},"faces":{"south":{"uv":[9.25,9.1875,9.5625,9.5],"rotation":0,"texture":"#0","tintindex":0},"north":{"uv":[9.3125,0.375,9.625,0.6875],"rotation":0,"texture":"#0","tintindex":0},"down":{"uv":[9.625,1.5,9.3125,1.8125],"rotation":0,"texture":"#0","tintindex":0},"east":{"uv":[9.3125,0.75,9.625,1.0625],"rotation":0,"texture":"#0","tintindex":0},"west":{"uv":[9.3125,0.0,9.625,0.3125],"rotation":0,"texture":"#0","tintindex":0},"up":{"uv":[9.625,1.4375,9.3125,1.125],"rotation":0,"texture":"#0","tintindex":0}}},{"from":[7.1237144,-0.3412285,7.0860744],"to":[8.838,7.0873427,8.80036],"rotation":{"angle":0.0,"axis":"y","origin":[27.81103,-5.9444857,7.5714283]},"faces":{"south":{"uv":[7.0625,8.3125,7.25,9.125],"rotation":0,"texture":"#0","tintindex":0},"north":{"uv":[4.8125,8.4375,5.0,9.25],"rotation":0,"texture":"#0","tintindex":0},"down":{"uv":[10.5625,2.9375,10.375,3.125],"rotation":0,"texture":"#0","tintindex":0},"east":{"uv":[5.0625,8.4375,5.25,9.25],"rotation":0,"texture":"#0","tintindex":0},"west":{"uv":[4.5625,8.4375,4.75,9.25],"rotation":0,"texture":"#0","tintindex":0},"up":{"uv":[10.5625,2.875,10.375,2.6875],"rotation":0,"texture":"#0","tintindex":0}}},{"from":[11.8510685,12.861715,5.9432173],"to":[15.8510685,14.576,9.943217],"rotation":{"angle":45.0,"axis":"z","origin":[15.926264,3.1643257,7.904097]},"faces":{"south":{"uv":[8.0625,9.75,8.5,9.9375],"rotation":0,"texture":"#0","tintindex":0},"north":{"uv":[9.8125,7.0625,10.25,7.25],"rotation":0,"texture":"#0","tintindex":0},"down":{"uv":[5.5,7.9375,5.0625,8.375],"rotation":0,"texture":"#0","tintindex":0},"east":{"uv":[8.5625,9.8125,9.0,10.0],"rotation":0,"texture":"#0","tintindex":0},"west":{"uv":[9.8125,6.8125,10.25,7.0],"rotation":0,"texture":"#0","tintindex":0},"up":{"uv":[5.0,8.375,4.5625,7.9375],"rotation":0,"texture":"#0","tintindex":0}}},{"from":[7.4094286,-6.0555153,7.3717885],"to":[8.552286,1.3730569,8.514646],"rotation":{"angle":0.0,"axis":"y","origin":[27.81103,-5.9444857,7.5714283]},"faces":{"south":{"uv":[8.875,7.6875,9.0,8.5],"rotation":0,"texture":"#0","tintindex":0},"north":{"uv":[8.9375,0.75,9.0625,1.5625],"rotation":0,"texture":"#0","tintindex":0},"down":{"uv":[10.75,1.8125,10.625,1.9375],"rotation":0,"texture":"#0","tintindex":0},"east":{"uv":[8.9375,1.625,9.0625,2.4375],"rotation":0,"texture":"#0","tintindex":0},"west":{"uv":[8.875,8.5625,9.0,9.375],"rotation":0,"texture":"#0","tintindex":0},"up":{"uv":[1.8125,10.75,1.6875,10.625],"rotation":0,"texture":"#0","tintindex":0}}}],"textures":{"0":"modelengine:entity/miniboss/miniboss_arachna"},"display":{"head":{"translation":[0.0,-6.4,0.0],"scale":[4.0,4.0,4.0]}}}