{"elements":[{"from":[4.139154,9.594605,7.0860744],"to":[5.85344,22.166035,8.80036],"rotation":{"angle":45.0,"axis":"z","origin":[7.071497,12.182932,7.904097]},"faces":{"south":{"uv":[6.875,6.875,7.0625,8.25],"rotation":0,"texture":"#0","tintindex":0},"north":{"uv":[7.0625,3.9375,7.25,5.3125],"rotation":0,"texture":"#0","tintindex":0},"down":{"uv":[10.5625,2.4375,10.375,2.625],"rotation":0,"texture":"#0","tintindex":0},"east":{"uv":[7.125,0.0,7.3125,1.375],"rotation":0,"texture":"#0","tintindex":0},"west":{"uv":[7.0625,2.5,7.25,3.875],"rotation":0,"texture":"#0","tintindex":0},"up":{"uv":[0.6875,10.5625,0.5,10.375],"rotation":0,"texture":"#0","tintindex":0}}},{"from":[4.996297,11.308891,6.5146456],"to":[6.7105827,18.166035,9.371789],"rotation":{"angle":45.0,"axis":"z","origin":[7.071497,12.182932,7.904097]},"faces":{"south":{"uv":[4.0625,8.5,4.25,9.25],"rotation":0,"texture":"#0","tintindex":0},"north":{"uv":[4.3125,8.5,4.5,9.25],"rotation":0,"texture":"#0","tintindex":0},"down":{"uv":[4.5,10.125,4.3125,10.4375],"rotation":0,"texture":"#0","tintindex":0},"east":{"uv":[7.625,7.125,7.9375,7.875],"rotation":0,"texture":"#0","tintindex":0},"west":{"uv":[7.625,6.3125,7.9375,7.0625],"rotation":0,"texture":"#0","tintindex":0},"up":{"uv":[4.25,10.4375,4.0625,10.125],"rotation":0,"texture":"#0","tintindex":0}}}],"textures":{"0":"modelengine:entity/miniboss/miniboss_arachna"},"display":{"head":{"translation":[0.0,-6.4,0.0],"scale":[4.0,4.0,4.0]}}}