{"elements":[{"from":[7.459703,2.5074682,7.0860744],"to":[17.173988,4.221754,8.80036],"rotation":{"angle":-45.0,"axis":"z","origin":[13.955932,6.81008,7.904097]},"faces":{"south":{"uv":[7.8125,3.5625,8.875,3.75],"rotation":0,"texture":"#0","tintindex":0},"north":{"uv":[7.8125,3.8125,8.875,4.0],"rotation":0,"texture":"#0","tintindex":0},"down":{"uv":[8.875,4.3125,7.8125,4.5],"rotation":0,"texture":"#0","tintindex":0},"east":{"uv":[1.9375,10.4375,2.125,10.625],"rotation":0,"texture":"#0","tintindex":0},"west":{"uv":[10.4375,0.3125,10.625,0.5],"rotation":0,"texture":"#0","tintindex":0},"up":{"uv":[8.875,4.25,7.8125,4.0625],"rotation":0,"texture":"#0","tintindex":0}}},{"from":[10.247646,1.881783,6.5146456],"to":[13.104789,4.7389255,9.371789],"rotation":{"angle":22.5,"axis":"z","origin":[13.955932,6.81008,7.904097]},"faces":{"south":{"uv":[9.4375,9.5625,9.75,9.875],"rotation":0,"texture":"#0","tintindex":0},"north":{"uv":[0.75,9.625,1.0625,9.9375],"rotation":0,"texture":"#0","tintindex":0},"down":{"uv":[9.9375,7.6875,9.625,8.0],"rotation":0,"texture":"#0","tintindex":0},"east":{"uv":[1.125,9.625,1.4375,9.9375],"rotation":0,"texture":"#0","tintindex":0},"west":{"uv":[0.375,9.625,0.6875,9.9375],"rotation":0,"texture":"#0","tintindex":0},"up":{"uv":[9.9375,5.1875,9.625,4.875],"rotation":0,"texture":"#0","tintindex":0}}}],"textures":{"0":"modelengine:entity/miniboss/miniboss_arachna"},"display":{"head":{"translation":[0.0,-6.4,0.0],"scale":[4.0,4.0,4.0]}}}