{"elements":[{"from":[9.575131,9.023177,7.0860744],"to":[11.289417,21.594606,8.80036],"rotation":{"angle":-45.0,"axis":"z","origin":[8.357075,11.611503,7.904097]},"faces":{"south":{"uv":[7.375,0.0,7.5625,1.375],"rotation":0,"texture":"#0","tintindex":0},"north":{"uv":[7.375,7.1875,7.5625,8.5625],"rotation":0,"texture":"#0","tintindex":0},"down":{"uv":[3.6875,10.4375,3.5,10.625],"rotation":0,"texture":"#0","tintindex":0},"east":{"uv":[7.5625,1.4375,7.75,2.8125],"rotation":0,"texture":"#0","tintindex":0},"west":{"uv":[7.375,5.75,7.5625,7.125],"rotation":0,"texture":"#0","tintindex":0},"up":{"uv":[2.8125,10.625,2.625,10.4375],"rotation":0,"texture":"#0","tintindex":0}}},{"from":[8.717989,10.737463,6.5146456],"to":[10.432275,17.594606,9.371789],"rotation":{"angle":-45.0,"axis":"z","origin":[8.357075,11.611503,7.904097]},"faces":{"south":{"uv":[7.3125,8.625,7.5,9.375],"rotation":0,"texture":"#0","tintindex":0},"north":{"uv":[8.625,8.5625,8.8125,9.3125],"rotation":0,"texture":"#0","tintindex":0},"down":{"uv":[1.875,10.25,1.6875,10.5625],"rotation":0,"texture":"#0","tintindex":0},"east":{"uv":[4.1875,7.6875,4.5,8.4375],"rotation":0,"texture":"#0","tintindex":0},"west":{"uv":[3.8125,7.6875,4.125,8.4375],"rotation":0,"texture":"#0","tintindex":0},"up":{"uv":[5.75,10.5,5.5625,10.1875],"rotation":0,"texture":"#0","tintindex":0}}}],"textures":{"0":"modelengine:entity/miniboss/miniboss_arachna"},"display":{"head":{"translation":[0.0,-6.4,0.0],"scale":[4.0,4.0,4.0]}}}