{"elements":[{"from":[5.42332,7.18708,7.0078287],"to":[8.280463,8.901365,8.722115],"rotation":{"angle":0.0,"axis":"y","origin":[9.955372,-3.914075,7.5714283]},"faces":{"south":{"uv":[10.0625,0.375,10.375,0.5625],"rotation":0,"texture":"#0","tintindex":0},"north":{"uv":[8.5625,10.0625,8.875,10.25],"rotation":0,"texture":"#0","tintindex":0},"down":{"uv":[10.375,10.0625,10.0625,10.25],"rotation":0,"texture":"#0","tintindex":0},"east":{"uv":[10.0625,10.3125,10.25,10.5],"rotation":0,"texture":"#0","tintindex":0},"west":{"uv":[10.3125,9.8125,10.5,10.0],"rotation":0,"texture":"#0","tintindex":0},"up":{"uv":[10.0,10.25,9.6875,10.0625],"rotation":0,"texture":"#0","tintindex":0}}},{"from":[1.6527767,8.947383,6.5146456],"to":[4.50992,11.804525,9.371789],"rotation":{"angle":-22.5,"axis":"z","origin":[-2.0786743,5.684977,7.904097]},"faces":{"south":{"uv":[1.25,9.25,1.5625,9.5625],"rotation":0,"texture":"#0","tintindex":0},"north":{"uv":[9.25,7.6875,9.5625,8.0],"rotation":0,"texture":"#0","tintindex":0},"down":{"uv":[9.5625,8.8125,9.25,9.125],"rotation":0,"texture":"#0","tintindex":0},"east":{"uv":[9.25,8.0625,9.5625,8.375],"rotation":0,"texture":"#0","tintindex":0},"west":{"uv":[9.25,4.875,9.5625,5.1875],"rotation":0,"texture":"#0","tintindex":0},"up":{"uv":[9.5625,8.75,9.25,8.4375],"rotation":0,"texture":"#0","tintindex":0}}}],"textures":{"0":"modelengine:entity/miniboss/miniboss_arachna"},"display":{"head":{"translation":[0.0,-6.4,0.0],"scale":[4.0,4.0,4.0]}}}