{"elements":[{"from":[7.726337,7.27832,7.0078287],"to":[10.58348,8.992606,8.722115],"rotation":{"angle":0.0,"axis":"y","origin":[6.0514283,-3.822835,7.5714283]},"faces":{"south":{"uv":[10.1875,6.5625,10.5,6.75],"rotation":0,"texture":"#0","tintindex":0},"north":{"uv":[8.0,10.1875,8.3125,10.375],"rotation":0,"texture":"#0","tintindex":0},"down":{"uv":[10.5625,2.1875,10.25,2.375],"rotation":0,"texture":"#0","tintindex":0},"east":{"uv":[10.375,8.9375,10.5625,9.125],"rotation":0,"texture":"#0","tintindex":0},"west":{"uv":[10.375,8.6875,10.5625,8.875],"rotation":0,"texture":"#0","tintindex":0},"up":{"uv":[1.1875,10.4375,0.875,10.25],"rotation":0,"texture":"#0","tintindex":0}}},{"from":[11.496881,9.038623,6.5146456],"to":[14.354023,11.895766,9.371789],"rotation":{"angle":22.5,"axis":"z","origin":[18.085476,5.776217,7.904097]},"faces":{"south":{"uv":[5.8125,9.5625,6.125,9.875],"rotation":0,"texture":"#0","tintindex":0},"north":{"uv":[6.1875,9.5625,6.5,9.875],"rotation":0,"texture":"#0","tintindex":0},"down":{"uv":[9.375,9.5625,9.0625,9.875],"rotation":0,"texture":"#0","tintindex":0},"east":{"uv":[6.5625,9.5625,6.875,9.875],"rotation":0,"texture":"#0","tintindex":0},"west":{"uv":[9.5625,6.0,9.875,6.3125],"rotation":0,"texture":"#0","tintindex":0},"up":{"uv":[9.875,7.625,9.5625,7.3125],"rotation":0,"texture":"#0","tintindex":0}}}],"textures":{"0":"modelengine:entity/miniboss/miniboss_arachna"},"display":{"head":{"translation":[0.0,-6.4,0.0],"scale":[4.0,4.0,4.0]}}}