{"elements":[{"from":[7.428571,4.594554,14.343383],"to":[8.571428,10.880269,15.48624],"rotation":{"angle":-45.0,"axis":"x","origin":[8.0,4.0231256,10.343383]},"faces":{"south":{"uv":[2.6875,9.6875,2.8125,10.375],"rotation":0,"texture":"#0","tintindex":0},"north":{"uv":[3.6875,9.6875,3.8125,10.375],"rotation":0,"texture":"#0","tintindex":0},"down":{"uv":[10.75,5.125,10.625,5.25],"rotation":0,"texture":"#0","tintindex":0},"east":{"uv":[3.875,9.6875,4.0,10.375],"rotation":0,"texture":"#0","tintindex":0},"west":{"uv":[3.5,9.6875,3.625,10.375],"rotation":0,"texture":"#0","tintindex":0},"up":{"uv":[5.1875,10.75,5.0625,10.625],"rotation":0,"texture":"#0","tintindex":0}}}],"textures":{"0":"modelengine:entity/miniboss/miniboss_arachna"},"display":{"head":{"translation":[0.0,-6.4,0.0],"scale":[4.0,4.0,4.0]}}}