{"elements":[{"from":[7.428571,9.023126,3.9148111],"to":[8.571428,10.165983,12.48624],"rotation":{"angle":-45.0,"axis":"x","origin":[8.0,9.594554,7.343383]},"faces":{"south":{"uv":[4.6875,10.625,4.8125,10.75],"rotation":0,"texture":"#0","tintindex":0},"north":{"uv":[4.875,10.625,5.0,10.75],"rotation":0,"texture":"#0","tintindex":0},"down":{"uv":[2.0625,8.875,1.9375,9.8125],"rotation":0,"texture":"#0","tintindex":0},"east":{"uv":[8.6875,6.75,9.625,6.875],"rotation":0,"texture":"#0","tintindex":0},"west":{"uv":[8.6875,6.5625,9.625,6.6875],"rotation":0,"texture":"#0","tintindex":0},"up":{"uv":[1.875,9.8125,1.75,8.875],"rotation":0,"texture":"#0","tintindex":0}}},{"from":[6.857143,8.451697,9.629097],"to":[9.142858,9.594554,13.057669],"rotation":{"angle":-45.0,"axis":"x","origin":[8.0,9.594554,7.343383]},"faces":{"south":{"uv":[10.5625,1.625,10.8125,1.75],"rotation":0,"texture":"#0","tintindex":0},"north":{"uv":[10.5625,3.9375,10.8125,4.0625],"rotation":0,"texture":"#0","tintindex":0},"down":{"uv":[9.9375,1.8125,9.6875,2.1875],"rotation":0,"texture":"#0","tintindex":0},"east":{"uv":[10.3125,1.4375,10.6875,1.5625],"rotation":0,"texture":"#0","tintindex":0},"west":{"uv":[10.3125,1.25,10.6875,1.375],"rotation":0,"texture":"#0","tintindex":0},"up":{"uv":[9.9375,1.75,9.6875,1.375],"rotation":0,"texture":"#0","tintindex":0}}},{"from":[6.857143,9.594554,11.914812],"to":[9.142858,11.880269,13.057669],"rotation":{"angle":-45.0,"axis":"x","origin":[8.0,9.594554,7.343383]},"faces":{"south":{"uv":[10.0,4.9375,10.25,5.1875],"rotation":0,"texture":"#0","tintindex":0},"north":{"uv":[7.375,10.0,7.625,10.25],"rotation":0,"texture":"#0","tintindex":0},"down":{"uv":[10.8125,4.5625,10.5625,4.6875],"rotation":0,"texture":"#0","tintindex":0},"east":{"uv":[2.375,10.5625,2.5,10.8125],"rotation":0,"texture":"#0","tintindex":0},"west":{"uv":[1.25,10.5625,1.375,10.8125],"rotation":0,"texture":"#0","tintindex":0},"up":{"uv":[10.8125,4.5,10.5625,4.375],"rotation":0,"texture":"#0","tintindex":0}}}],"textures":{"0":"modelengine:entity/miniboss/miniboss_arachna"},"display":{"head":{"translation":[0.0,-6.4,0.0],"scale":[4.0,4.0,4.0]}}}