{"elements":[{"from":[8.0,7.3868685,7.4968057],"to":[9.714286,8.529726,8.639663],"rotation":{"angle":0.0,"axis":"y","origin":[6.285714,-8.285715,8.0]},"faces":{"south":{"uv":[9.3125,10.5625,9.5,10.6875],"rotation":0,"texture":"#0","tintindex":0},"north":{"uv":[9.5625,10.5625,9.75,10.6875],"rotation":0,"texture":"#0","tintindex":0},"down":{"uv":[10.75,9.75,10.5625,9.875],"rotation":0,"texture":"#0","tintindex":0},"east":{"uv":[10.625,5.5,10.75,5.625],"rotation":0,"texture":"#0","tintindex":0},"west":{"uv":[10.625,5.3125,10.75,5.4375],"rotation":0,"texture":"#0","tintindex":0},"up":{"uv":[10.75,9.6875,10.5625,9.5625],"rotation":0,"texture":"#0","tintindex":0}}},{"from":[8.285714,4.954897,2.7224798],"to":[10.0,7.2406116,5.008194],"rotation":{"angle":-22.5,"axis":"x","origin":[9.142858,6.0977545,3.865337]},"faces":{"south":{"uv":[10.3125,1.625,10.5,1.875],"rotation":0,"texture":"#0","tintindex":0},"north":{"uv":[3.125,10.3125,3.3125,10.5625],"rotation":0,"texture":"#0","tintindex":0},"down":{"uv":[6.0,10.3125,5.8125,10.5625],"rotation":0,"texture":"#0","tintindex":0},"east":{"uv":[10.0,7.6875,10.25,7.9375],"rotation":0,"texture":"#0","tintindex":0},"west":{"uv":[7.6875,10.0,7.9375,10.25],"rotation":0,"texture":"#0","tintindex":0},"up":{"uv":[10.5,5.1875,10.3125,4.9375],"rotation":0,"texture":"#0","tintindex":0}}},{"from":[8.571428,6.44632,3.3397884],"to":[9.714286,7.589177,7.911217],"rotation":{"angle":-22.5,"axis":"x","origin":[9.142858,7.0177484,5.3397884]},"faces":{"south":{"uv":[10.625,5.6875,10.75,5.8125],"rotation":0,"texture":"#0","tintindex":0},"north":{"uv":[5.75,10.625,5.875,10.75],"rotation":0,"texture":"#0","tintindex":0},"down":{"uv":[1.4375,10.0,1.3125,10.5],"rotation":0,"texture":"#0","tintindex":0},"east":{"uv":[10.0,8.0,10.5,8.125],"rotation":0,"texture":"#0","tintindex":0},"west":{"uv":[8.0,10.0,8.5,10.125],"rotation":0,"texture":"#0","tintindex":0},"up":{"uv":[6.875,10.4375,6.75,9.9375],"rotation":0,"texture":"#0","tintindex":0}}}],"textures":{"0":"modelengine:entity/miniboss/miniboss_arachna"},"display":{"head":{"translation":[0.0,-6.4,0.0],"scale":[4.0,4.0,4.0]}}}