{"elements":[{"from":[6.857143,6.958297,-1.788909],"to":[9.142858,9.81544,8.496806],"rotation":{"angle":0.0,"axis":"y","origin":[8.0,-9.857143,10.142858]},"faces":{"south":{"uv":[6.4375,9.9375,6.6875,10.25],"rotation":0,"texture":"#0","tintindex":0},"north":{"uv":[9.9375,7.3125,10.1875,7.625],"rotation":0,"texture":"#0","tintindex":0},"down":{"uv":[7.0625,0.0,6.8125,1.125],"rotation":0,"texture":"#0","tintindex":0},"east":{"uv":[6.125,6.5,7.25,6.8125],"rotation":0,"texture":"#0","tintindex":0},"west":{"uv":[6.125,6.125,7.25,6.4375],"rotation":0,"texture":"#0","tintindex":0},"up":{"uv":[6.8125,3.625,6.5625,2.5],"rotation":0,"texture":"#0","tintindex":0}}},{"from":[6.857143,5.2440114,-1.788909],"to":[9.142858,6.958297,-0.64605236],"rotation":{"angle":0.0,"axis":"y","origin":[8.0,-9.857143,10.142858]},"faces":{"south":{"uv":[10.3125,1.9375,10.5625,2.125],"rotation":0,"texture":"#0","tintindex":0},"north":{"uv":[6.0625,10.3125,6.3125,10.5],"rotation":0,"texture":"#0","tintindex":0},"down":{"uv":[10.8125,4.9375,10.5625,5.0625],"rotation":0,"texture":"#0","tintindex":0},"east":{"uv":[0.375,10.625,0.5,10.8125],"rotation":0,"texture":"#0","tintindex":0},"west":{"uv":[0.1875,10.625,0.3125,10.8125],"rotation":0,"texture":"#0","tintindex":0},"up":{"uv":[10.8125,4.875,10.5625,4.75],"rotation":0,"texture":"#0","tintindex":0}}},{"from":[8.0,5.2440114,2.211091],"to":[8.0,6.958297,8.496806],"rotation":{"angle":0.0,"axis":"y","origin":[8.0,-9.857143,10.142858]},"faces":{"south":{"uv":[7.5625,8.875,7.5625,9.0625],"rotation":0,"texture":"#0","tintindex":0},"north":{"uv":[3.5,9.375,3.5,9.5625],"rotation":0,"texture":"#0","tintindex":0},"down":{"uv":[1.4375,10.5625,1.4375,11.25],"rotation":0,"texture":"#0","tintindex":0},"east":{"uv":[8.5,5.0,9.1875,5.1875],"rotation":0,"texture":"#0","tintindex":0},"west":{"uv":[8.4375,7.4375,9.125,7.625],"rotation":0,"texture":"#0","tintindex":0},"up":{"uv":[6.875,11.1875,6.875,10.5],"rotation":0,"texture":"#0","tintindex":0}}},{"from":[5.020737,6.972583,4.0147486],"to":[7.3064513,9.801154,8.586177],"rotation":{"angle":-22.5,"axis":"y","origin":[6.1635942,8.3868685,8.586177]},"faces":{"south":{"uv":[9.0625,9.9375,9.3125,10.25],"rotation":0,"texture":"#0","tintindex":0},"north":{"uv":[9.375,9.9375,9.625,10.25],"rotation":0,"texture":"#0","tintindex":0},"down":{"uv":[1.0625,8.6875,0.8125,9.1875],"rotation":0,"texture":"#0","tintindex":0},"east":{"uv":[8.125,8.1875,8.625,8.5],"rotation":0,"texture":"#0","tintindex":0},"west":{"uv":[8.125,7.8125,8.625,8.125],"rotation":0,"texture":"#0","tintindex":0},"up":{"uv":[0.75,9.1875,0.5,8.6875],"rotation":0,"texture":"#0","tintindex":0}}},{"from":[8.693548,6.972583,4.0147486],"to":[10.979263,9.801154,8.586177],"rotation":{"angle":22.5,"axis":"y","origin":[9.836406,8.3868685,8.586177]},"faces":{"south":{"uv":[0.25,10.0,0.5,10.3125],"rotation":0,"texture":"#0","tintindex":0},"north":{"uv":[0.5625,10.0,0.8125,10.3125],"rotation":0,"texture":"#0","tintindex":0},"down":{"uv":[1.6875,8.6875,1.4375,9.1875],"rotation":0,"texture":"#0","tintindex":0},"east":{"uv":[8.25,6.1875,8.75,6.5],"rotation":0,"texture":"#0","tintindex":0},"west":{"uv":[8.25,5.8125,8.75,6.125],"rotation":0,"texture":"#0","tintindex":0},"up":{"uv":[1.375,9.1875,1.125,8.6875],"rotation":0,"texture":"#0","tintindex":0}}}],"textures":{"0":"modelengine:entity/miniboss/miniboss_arachna"},"display":{"head":{"translation":[0.0,-6.4,0.0],"scale":[4.0,4.0,4.0]}}}