{"elements":[{"from":[2.9523826,-0.38095474,6.6158743],"to":[12.666669,10.476189,14.044446],"rotation":{"angle":0.0,"axis":"y","origin":[7.8095255,1.3333311,-4.8126974]},"faces":{"south":{"uv":[5.0,7.25,6.0625,8.4375],"rotation":0,"texture":"#0","tintindex":0},"north":{"uv":[7.125,7.125,8.1875,8.3125],"rotation":0,"texture":"#0","tintindex":0},"down":{"uv":[9.875,0.875,8.8125,1.6875],"rotation":0,"texture":"#0","tintindex":0},"east":{"uv":[6.125,7.25,6.9375,8.4375],"rotation":0,"texture":"#0","tintindex":0},"west":{"uv":[3.75,8.0,4.5625,9.1875],"rotation":0,"texture":"#0","tintindex":0},"up":{"uv":[9.875,0.8125,8.8125,0.0],"rotation":0,"texture":"#0","tintindex":0}}},{"from":[4.9523826,10.476189,8.901588],"to":[7.8095255,17.333332,11.758732],"rotation":{"angle":0.0,"axis":"y","origin":[7.8095255,1.3333311,-4.8126974]},"faces":{"south":{"uv":[11.125,4.9375,11.4375,5.6875],"rotation":0,"texture":"#0","tintindex":0},"north":{"uv":[4.125,10.9375,4.4375,11.6875],"rotation":0,"texture":"#0","tintindex":0},"down":{"uv":[8.0625,11.6875,7.75,12.0],"rotation":0,"texture":"#0","tintindex":0},"east":{"uv":[4.5,11.0625,4.8125,11.8125],"rotation":0,"texture":"#0","tintindex":0},"west":{"uv":[8.625,11.125,8.9375,11.875],"rotation":0,"texture":"#0","tintindex":0},"up":{"uv":[7.6875,12.0,7.375,11.6875],"rotation":0,"texture":"#0","tintindex":0}}},{"from":[8.952383,10.476189,11.758732],"to":[10.666669,15.047617,13.473017],"rotation":{"angle":0.0,"axis":"y","origin":[7.8095255,1.3333311,-4.8126974]},"faces":{"south":{"uv":[4.875,11.625,5.0625,12.125],"rotation":0,"texture":"#0","tintindex":0},"north":{"uv":[3.5,8.125,3.6875,8.625],"rotation":0,"texture":"#0","tintindex":0},"down":{"uv":[12.0625,1.375,11.875,1.5625],"rotation":0,"texture":"#0","tintindex":0},"east":{"uv":[4.875,11.0625,5.0625,11.5625],"rotation":0,"texture":"#0","tintindex":0},"west":{"uv":[0.875,11.6875,1.0625,12.1875],"rotation":0,"texture":"#0","tintindex":0},"up":{"uv":[12.0625,1.3125,11.875,1.125],"rotation":0,"texture":"#0","tintindex":0}}},{"from":[3.8095255,17.333332,10.33016],"to":[8.952383,22.476189,10.33016],"rotation":{"angle":-45.0,"axis":"y","origin":[6.3809543,19.333332,10.33016]},"faces":{"south":{"uv":[10.6875,0.0,11.25,0.5625],"rotation":0,"texture":"#0","tintindex":0},"north":{"uv":[10.625,10.5625,11.1875,11.125],"rotation":0,"texture":"#0","tintindex":0},"down":{"uv":[12.625,1.625,12.0625,1.625],"rotation":0,"texture":"#0","tintindex":0},"east":{"uv":[1.1875,12.0625,1.1875,12.625],"rotation":0,"texture":"#0","tintindex":0},"west":{"uv":[1.25,12.0625,1.25,12.625],"rotation":0,"texture":"#0","tintindex":0},"up":{"uv":[1.875,12.0625,1.3125,12.0625],"rotation":0,"texture":"#0","tintindex":0}}},{"from":[7.8095255,15.047617,12.615874],"to":[11.8095255,19.047619,12.615874],"rotation":{"angle":-45.0,"axis":"y","origin":[9.8095255,17.047619,12.615874]},"faces":{"south":{"uv":[11.25,9.625,11.6875,10.0625],"rotation":0,"texture":"#0","tintindex":0},"north":{"uv":[11.25,6.5,11.6875,6.9375],"rotation":0,"texture":"#0","tintindex":0},"down":{"uv":[12.5,2.25,12.0625,2.25],"rotation":0,"texture":"#0","tintindex":0},"east":{"uv":[12.0625,1.6875,12.0625,2.125],"rotation":0,"texture":"#0","tintindex":0},"west":{"uv":[1.9375,12.0625,1.9375,12.5],"rotation":0,"texture":"#0","tintindex":0},"up":{"uv":[12.5,2.1875,12.0625,2.1875],"rotation":0,"texture":"#0","tintindex":0}}},{"from":[4.0952396,4.1904745,6.6158743],"to":[11.523811,11.047617,14.615874],"rotation":{"angle":0.0,"axis":"y","origin":[7.8095255,1.3333311,-4.8126974]},"faces":{"south":{"uv":[9.0,9.4375,9.8125,10.1875],"rotation":0,"texture":"#0","tintindex":0},"north":{"uv":[7.0,9.375,7.8125,10.125],"rotation":0,"texture":"#0","tintindex":0},"down":{"uv":[0.8125,9.0,0.0,9.875],"rotation":0,"texture":"#0","tintindex":0},"east":{"uv":[1.875,9.125,2.75,9.875],"rotation":0,"texture":"#0","tintindex":0},"west":{"uv":[2.8125,9.125,3.6875,9.875],"rotation":0,"texture":"#0","tintindex":0},"up":{"uv":[9.625,5.125,8.8125,4.25],"rotation":0,"texture":"#0","tintindex":0}}},{"from":[6.3809543,-4.3809547,14.615874],"to":[9.238097,4.1904745,14.615874],"rotation":{"angle":0.0,"axis":"y","origin":[7.8095255,1.3333311,-4.8126974]},"faces":{"south":{"uv":[5.125,10.875,5.4375,11.8125],"rotation":0,"texture":"#0","tintindex":0},"north":{"uv":[6.625,10.75,6.9375,11.6875],"rotation":0,"texture":"#0","tintindex":0},"down":{"uv":[12.375,2.375,12.0625,2.375],"rotation":0,"texture":"#0","tintindex":0},"east":{"uv":[2.0,12.0625,2.0,13.0],"rotation":0,"texture":"#0","tintindex":0},"west":{"uv":[2.0625,12.0625,2.0625,13.0],"rotation":0,"texture":"#0","tintindex":0},"up":{"uv":[12.375,2.3125,12.0625,2.3125],"rotation":0,"texture":"#0","tintindex":0}}},{"from":[3.8095255,17.333332,10.33016],"to":[8.952383,22.476189,10.33016],"rotation":{"angle":45.0,"axis":"y","origin":[6.3809543,19.90476,10.33016]},"faces":{"south":{"uv":[6.0,10.75,6.5625,11.3125],"rotation":0,"texture":"#0","tintindex":0},"north":{"uv":[10.6875,0.625,11.25,1.1875],"rotation":0,"texture":"#0","tintindex":0},"down":{"uv":[12.625,2.5,12.0625,2.5],"rotation":0,"texture":"#0","tintindex":0},"east":{"uv":[2.125,12.0625,2.125,12.625],"rotation":0,"texture":"#0","tintindex":0},"west":{"uv":[2.1875,12.0625,2.1875,12.625],"rotation":0,"texture":"#0","tintindex":0},"up":{"uv":[12.625,2.4375,12.0625,2.4375],"rotation":0,"texture":"#0","tintindex":0}}},{"from":[7.8095255,15.047617,12.615874],"to":[11.8095255,19.047619,12.615874],"rotation":{"angle":45.0,"axis":"y","origin":[9.8095255,17.047619,12.615874]},"faces":{"south":{"uv":[11.25,10.625,11.6875,11.0625],"rotation":0,"texture":"#0","tintindex":0},"north":{"uv":[11.25,10.125,11.6875,10.5625],"rotation":0,"texture":"#0","tintindex":0},"down":{"uv":[12.5,3.125,12.0625,3.125],"rotation":0,"texture":"#0","tintindex":0},"east":{"uv":[2.5,12.0625,2.5,12.5],"rotation":0,"texture":"#0","tintindex":0},"west":{"uv":[2.5625,12.0625,2.5625,12.5],"rotation":0,"texture":"#0","tintindex":0},"up":{"uv":[12.5,3.0625,12.0625,3.0625],"rotation":0,"texture":"#0","tintindex":0}}}],"textures":{"0":"modelengine:entity/miniboss/miniboss_goblin"},"display":{"head":{"translation":[0.0,-6.4,0.0],"scale":[4.0,4.0,4.0]}}}