{"elements":[{"from":[3.142857,7.714286,4.5714283],"to":[6.5714283,11.142858,5.714286],"rotation":{"angle":0.0,"axis":"y","origin":[8.571428,10.285714,12.857143]},"faces":{"south":{"uv":[9.75,11.625,10.125,12.0],"rotation":0,"texture":"#0","tintindex":0},"north":{"uv":[9.3125,11.625,9.6875,12.0],"rotation":0,"texture":"#0","tintindex":0},"down":{"uv":[12.125,10.5625,11.75,10.6875],"rotation":0,"texture":"#0","tintindex":0},"east":{"uv":[10.9375,4.9375,11.0625,5.3125],"rotation":0,"texture":"#0","tintindex":0},"west":{"uv":[4.25,11.75,4.375,12.125],"rotation":0,"texture":"#0","tintindex":0},"up":{"uv":[12.125,6.9375,11.75,6.8125],"rotation":0,"texture":"#0","tintindex":0}}},{"from":[2.5714283,4.285714,5.714286],"to":[13.428572,11.714286,8.0],"rotation":{"angle":0.0,"axis":"y","origin":[8.0,10.857143,12.857143]},"faces":{"south":{"uv":[1.25,8.125,2.4375,8.9375],"rotation":0,"texture":"#0","tintindex":0},"north":{"uv":[0.0,8.125,1.1875,8.9375],"rotation":0,"texture":"#0","tintindex":0},"down":{"uv":[11.9375,8.0625,10.75,8.3125],"rotation":0,"texture":"#0","tintindex":0},"east":{"uv":[11.125,8.75,11.375,9.5625],"rotation":0,"texture":"#0","tintindex":0},"west":{"uv":[9.0,11.125,9.25,11.9375],"rotation":0,"texture":"#0","tintindex":0},"up":{"uv":[11.6875,6.4375,10.5,6.1875],"rotation":0,"texture":"#0","tintindex":0}}},{"from":[10.118349,4.9061656,5.142857],"to":[10.689777,7.7633085,5.714286],"rotation":{"angle":-22.5,"axis":"z","origin":[9.261206,6.334737,5.142857]},"faces":{"south":{"uv":[7.0,8.0,7.0625,8.3125],"rotation":0,"texture":"#0","tintindex":0},"north":{"uv":[7.0,7.25,7.0625,7.5625],"rotation":0,"texture":"#0","tintindex":0},"down":{"uv":[12.0625,0.25,12.0,0.3125],"rotation":0,"texture":"#0","tintindex":0},"east":{"uv":[7.0,7.625,7.0625,7.9375],"rotation":0,"texture":"#0","tintindex":0},"west":{"uv":[9.6875,4.75,9.75,5.0625],"rotation":0,"texture":"#0","tintindex":0},"up":{"uv":[12.0,12.0,11.9375,11.9375],"rotation":0,"texture":"#0","tintindex":0}}},{"from":[9.379549,6.54692,5.1571426],"to":[11.665263,7.1183486,5.7285714],"rotation":{"angle":-22.5,"axis":"z","origin":[8.236691,7.8326344,5.142857]},"faces":{"south":{"uv":[5.3125,7.125,5.5625,7.1875],"rotation":0,"texture":"#0","tintindex":0},"north":{"uv":[5.0,7.125,5.25,7.1875],"rotation":0,"texture":"#0","tintindex":0},"down":{"uv":[2.4375,9.0,2.1875,9.0625],"rotation":0,"texture":"#0","tintindex":0},"east":{"uv":[8.875,11.9375,8.9375,12.0],"rotation":0,"texture":"#0","tintindex":0},"west":{"uv":[11.9375,10.75,12.0,10.8125],"rotation":0,"texture":"#0","tintindex":0},"up":{"uv":[2.125,9.0625,1.875,9.0],"rotation":0,"texture":"#0","tintindex":0}}},{"from":[8.185383,4.9496627,5.142857],"to":[9.899669,5.5210915,5.714286],"rotation":{"angle":-22.5,"axis":"z","origin":[9.042526,5.8068056,5.142857]},"faces":{"south":{"uv":[1.625,9.8125,1.8125,9.875],"rotation":0,"texture":"#0","tintindex":0},"north":{"uv":[5.625,7.125,5.8125,7.1875],"rotation":0,"texture":"#0","tintindex":0},"down":{"uv":[10.4375,9.3125,10.25,9.375],"rotation":0,"texture":"#0","tintindex":0},"east":{"uv":[11.9375,10.875,12.0,10.9375],"rotation":0,"texture":"#0","tintindex":0},"west":{"uv":[11.9375,11.0,12.0,11.0625],"rotation":0,"texture":"#0","tintindex":0},"up":{"uv":[10.1875,9.375,10.0,9.3125],"rotation":0,"texture":"#0","tintindex":0}}},{"from":[8.404063,7.19188,5.142857],"to":[10.118349,7.7633085,5.714286],"rotation":{"angle":-22.5,"axis":"z","origin":[9.261206,6.334737,5.142857]},"faces":{"south":{"uv":[10.6875,1.25,10.875,1.3125],"rotation":0,"texture":"#0","tintindex":0},"north":{"uv":[10.5,6.5,10.6875,6.5625],"rotation":0,"texture":"#0","tintindex":0},"down":{"uv":[11.9375,4.8125,11.75,4.875],"rotation":0,"texture":"#0","tintindex":0},"east":{"uv":[11.6875,11.9375,11.75,12.0],"rotation":0,"texture":"#0","tintindex":0},"west":{"uv":[11.8125,11.9375,11.875,12.0],"rotation":0,"texture":"#0","tintindex":0},"up":{"uv":[11.125,1.3125,10.9375,1.25],"rotation":0,"texture":"#0","tintindex":0}}}],"textures":{"0":"modelengine:entity/miniboss/miniboss_goblin"},"display":{"head":{"translation":[0.0,-6.4,0.0],"scale":[4.0,4.0,4.0]}}}