{"elements":[{"from":[-2.8571434,5.428571,8.0],"to":[9.142858,11.714286,8.0],"rotation":{"angle":-22.5,"axis":"z","origin":[4.0,7.428571,8.0]},"faces":{"south":{"uv":[8.25,7.875,9.5625,8.5625],"rotation":0,"texture":"#0","tintindex":0},"north":{"uv":[8.25,7.125,9.5625,7.8125],"rotation":0,"texture":"#0","tintindex":0},"down":{"uv":[13.3125,4.0625,12.0,4.0625],"rotation":0,"texture":"#0","tintindex":0},"east":{"uv":[11.5625,12.0,11.5625,12.6875],"rotation":0,"texture":"#0","tintindex":0},"west":{"uv":[11.625,12.0,11.625,12.6875],"rotation":0,"texture":"#0","tintindex":0},"up":{"uv":[13.3125,4.0,12.0,4.0],"rotation":0,"texture":"#0","tintindex":0}}},{"from":[2.5714283,7.142857,6.857143],"to":[3.7142854,9.428572,9.142858],"rotation":{"angle":0.0,"axis":"y","origin":[2.2857141,8.857143,8.0]},"faces":{"south":{"uv":[11.875,1.9375,12.0,2.1875],"rotation":0,"texture":"#0","tintindex":0},"north":{"uv":[11.875,1.625,12.0,1.875],"rotation":0,"texture":"#0","tintindex":0},"down":{"uv":[12.0,3.0625,11.875,3.3125],"rotation":0,"texture":"#0","tintindex":0},"east":{"uv":[11.75,4.5,12.0,4.75],"rotation":0,"texture":"#0","tintindex":0},"west":{"uv":[11.75,6.1875,12.0,6.4375],"rotation":0,"texture":"#0","tintindex":0},"up":{"uv":[12.0,2.5,11.875,2.25],"rotation":0,"texture":"#0","tintindex":0}}},{"from":[0.85714245,8.285714,6.857143],"to":[1.9999995,10.571428,9.142858],"rotation":{"angle":0.0,"axis":"y","origin":[2.2857141,8.857143,8.0]},"faces":{"south":{"uv":[11.875,3.6875,12.0,3.9375],"rotation":0,"texture":"#0","tintindex":0},"north":{"uv":[11.875,3.375,12.0,3.625],"rotation":0,"texture":"#0","tintindex":0},"down":{"uv":[4.75,11.875,4.625,12.125],"rotation":0,"texture":"#0","tintindex":0},"east":{"uv":[11.75,6.5,12.0,6.75],"rotation":0,"texture":"#0","tintindex":0},"west":{"uv":[6.625,11.75,6.875,12.0],"rotation":0,"texture":"#0","tintindex":0},"up":{"uv":[4.5625,12.125,4.4375,11.875],"rotation":0,"texture":"#0","tintindex":0}}}],"textures":{"0":"modelengine:entity/miniboss/miniboss_goblin"},"display":{"head":{"translation":[0.0,-6.4,0.0],"scale":[4.0,4.0,4.0]}}}