{"elements":[{"from":[6.9142857,-2.8000002,6.9142857],"to":[9.085714,-0.62857246,9.085714],"rotation":{"angle":0.0,"axis":"y","origin":[7.428571,-0.8571434,7.428571]},"faces":{"south":{"uv":[7.8125,6.25,8.0,6.4375],"rotation":0,"texture":"#0","tintindex":0},"north":{"uv":[7.8125,6.0625,8.0,6.25],"rotation":0,"texture":"#0","tintindex":0},"down":{"uv":[6.6875,7.8125,6.5,8.0],"rotation":0,"texture":"#0","tintindex":0},"east":{"uv":[6.125,7.8125,6.3125,8.0],"rotation":0,"texture":"#0","tintindex":0},"west":{"uv":[6.3125,7.8125,6.5,8.0],"rotation":0,"texture":"#0","tintindex":0},"up":{"uv":[8.0,6.625,7.8125,6.4375],"rotation":0,"texture":"#0","tintindex":0}}},{"from":[6.5714283,-0.8571434,6.857143],"to":[8.857143,4.285714,9.142858],"rotation":{"angle":0.0,"axis":"y","origin":[7.428571,1.9999995,7.142857]},"faces":{"south":{"uv":[6.875,1.4375,7.125,2.0],"rotation":0,"texture":"#0","tintindex":0},"north":{"uv":[0.375,6.875,0.625,7.4375],"rotation":0,"texture":"#0","tintindex":0},"down":{"uv":[5.1875,7.5,4.9375,7.75],"rotation":0,"texture":"#0","tintindex":0},"east":{"uv":[6.875,0.875,7.125,1.4375],"rotation":0,"texture":"#0","tintindex":0},"west":{"uv":[3.0,6.875,3.25,7.4375],"rotation":0,"texture":"#0","tintindex":0},"up":{"uv":[7.75,5.125,7.5,4.875],"rotation":0,"texture":"#0","tintindex":0}}},{"from":[6.857143,4.285714,7.142857],"to":[8.571428,8.857143,8.857143],"rotation":{"angle":0.0,"axis":"y","origin":[7.428571,6.5714283,7.428571]},"faces":{"south":{"uv":[1.875,7.3125,2.0625,7.8125],"rotation":0,"texture":"#0","tintindex":0},"north":{"uv":[5.625,7.0,5.8125,7.5],"rotation":0,"texture":"#0","tintindex":0},"down":{"uv":[0.8125,6.875,0.625,7.0625],"rotation":0,"texture":"#0","tintindex":0},"east":{"uv":[1.6875,7.3125,1.875,7.8125],"rotation":0,"texture":"#0","tintindex":0},"west":{"uv":[7.3125,2.25,7.5,2.75],"rotation":0,"texture":"#0","tintindex":0},"up":{"uv":[7.0,3.875,6.8125,3.6875],"rotation":0,"texture":"#0","tintindex":0}}},{"from":[6.385714,-1.0857143,6.6285715],"to":[9.1285715,4.5142856,9.3714285],"rotation":{"angle":0.0,"axis":"y","origin":[7.4714284,1.9999995,7.142857]},"faces":{"south":{"uv":[4.25,6.9375,4.5,7.5],"rotation":0,"texture":"#0","tintindex":0},"north":{"uv":[2.75,6.9375,3.0,7.5],"rotation":0,"texture":"#0","tintindex":0},"down":{"uv":[7.8125,3.875,7.5625,4.125],"rotation":0,"texture":"#0","tintindex":0},"east":{"uv":[4.0,6.9375,4.25,7.5],"rotation":0,"texture":"#0","tintindex":0},"west":{"uv":[6.9375,4.3125,7.1875,4.875],"rotation":0,"texture":"#0","tintindex":0},"up":{"uv":[7.8125,3.875,7.5625,3.625],"rotation":0,"texture":"#0","tintindex":0}}},{"from":[6.0571427,4.0571427,6.9142857],"to":[8.228572,9.085714,9.085714],"rotation":{"angle":0.0,"axis":"y","origin":[6.857143,6.5714283,7.428571]},"faces":{"south":{"uv":[0.5,7.4375,0.6875,7.9375],"rotation":0,"texture":"#0","tintindex":0},"north":{"uv":[7.375,3.625,7.5625,4.125],"rotation":0,"texture":"#0","tintindex":0},"down":{"uv":[6.125,7.8125,5.9375,8.0],"rotation":0,"texture":"#0","tintindex":0},"east":{"uv":[0.3125,7.4375,0.5,7.9375],"rotation":0,"texture":"#0","tintindex":0},"west":{"uv":[0.6875,7.4375,0.875,7.9375],"rotation":0,"texture":"#0","tintindex":0},"up":{"uv":[5.9375,8.0,5.75,7.8125],"rotation":0,"texture":"#0","tintindex":0}}},{"from":[7.142857,-2.5714293,7.142857],"to":[8.857143,-0.8571434,8.857143],"rotation":{"angle":0.0,"axis":"y","origin":[7.428571,-0.8571434,7.428571]},"faces":{"south":{"uv":[7.6875,5.25,7.875,5.4375],"rotation":0,"texture":"#0","tintindex":0},"north":{"uv":[6.9375,6.0625,7.125,6.25],"rotation":0,"texture":"#0","tintindex":0},"down":{"uv":[7.9375,5.625,7.75,5.8125],"rotation":0,"texture":"#0","tintindex":0},"east":{"uv":[7.6875,0.75,7.875,0.9375],"rotation":0,"texture":"#0","tintindex":0},"west":{"uv":[7.75,4.875,7.9375,5.0625],"rotation":0,"texture":"#0","tintindex":0},"up":{"uv":[7.9375,5.625,7.75,5.4375],"rotation":0,"texture":"#0","tintindex":0}}}],"textures":{"0":"modelengine:entity/monaska_2faza/monaska_2"},"display":{"head":{"translation":[0.0,-6.4,0.0],"scale":[4.0,4.0,4.0]}}}