{"elements":[{"from":[5.7144876,9.428572,5.191676],"to":[10.285916,11.714286,5.7631044],"rotation":{"angle":0.0,"axis":"y","origin":[8.0,4.8571424,6.857143]},"faces":{"south":{"uv":[4.5,7.75,5.5,8.25],"rotation":0,"texture":"#0","tintindex":0},"north":{"uv":[3.375,7.75,4.375,8.25],"rotation":0,"texture":"#0","tintindex":0},"down":{"uv":[11.625,5.625,10.625,5.75],"rotation":0,"texture":"#0","tintindex":0},"east":{"uv":[6.0,10.875,6.125,11.375],"rotation":0,"texture":"#0","tintindex":0},"west":{"uv":[8.875,11.0,9.0,11.5],"rotation":0,"texture":"#0","tintindex":0},"up":{"uv":[11.625,3.875,10.625,3.75],"rotation":0,"texture":"#0","tintindex":0}}},{"from":[7.4287734,6.5714283,4.6202474],"to":[8.5716305,8.857143,5.7631044],"rotation":{"angle":0.0,"axis":"y","origin":[8.0,4.8571424,6.857143]},"faces":{"south":{"uv":[10.75,9.625,11.0,10.125],"rotation":0,"texture":"#0","tintindex":0},"north":{"uv":[3.75,10.75,4.0,11.25],"rotation":0,"texture":"#0","tintindex":0},"down":{"uv":[11.25,9.125,11.0,9.375],"rotation":0,"texture":"#0","tintindex":0},"east":{"uv":[4.125,10.75,4.375,11.25],"rotation":0,"texture":"#0","tintindex":0},"west":{"uv":[10.25,10.75,10.5,11.25],"rotation":0,"texture":"#0","tintindex":0},"up":{"uv":[9.375,11.25,9.125,11.0],"rotation":0,"texture":"#0","tintindex":0}}},{"from":[6.2859163,7.428571,5.191676],"to":[6.8573446,8.571428,5.7631044],"rotation":{"angle":0.0,"axis":"y","origin":[8.0,4.5714283,6.857143]},"faces":{"south":{"uv":[8.5,9.5,8.625,9.75],"rotation":0,"texture":"#0","tintindex":0},"north":{"uv":[1.125,6.0,1.25,6.25],"rotation":0,"texture":"#0","tintindex":0},"down":{"uv":[8.875,2.5,8.75,2.625],"rotation":0,"texture":"#0","tintindex":0},"east":{"uv":[1.25,8.875,1.375,9.125],"rotation":0,"texture":"#0","tintindex":0},"west":{"uv":[6.0,9.625,6.125,9.875],"rotation":0,"texture":"#0","tintindex":0},"up":{"uv":[2.125,5.0,2.0,4.875],"rotation":0,"texture":"#0","tintindex":0}}},{"from":[9.143059,7.428571,5.191676],"to":[9.714488,8.571428,5.7631044],"rotation":{"angle":0.0,"axis":"y","origin":[8.0,4.5714283,6.857143]},"faces":{"south":{"uv":[11.375,4.0,11.5,4.25],"rotation":0,"texture":"#0","tintindex":0},"north":{"uv":[10.375,6.5,10.5,6.75],"rotation":0,"texture":"#0","tintindex":0},"down":{"uv":[11.5,9.25,11.375,9.375],"rotation":0,"texture":"#0","tintindex":0},"east":{"uv":[4.0,11.375,4.125,11.625],"rotation":0,"texture":"#0","tintindex":0},"west":{"uv":[4.25,11.375,4.375,11.625],"rotation":0,"texture":"#0","tintindex":0},"up":{"uv":[10.125,9.875,10.0,9.75],"rotation":0,"texture":"#0","tintindex":0}}},{"from":[5.7144876,7.142857,5.7631044],"to":[10.285916,11.714286,10.334534],"rotation":{"angle":0.0,"axis":"y","origin":[8.0,4.8571424,6.857143]},"faces":{"south":{"uv":[4.75,5.375,5.75,6.375],"rotation":0,"texture":"#0","tintindex":0},"north":{"uv":[2.5,5.25,3.5,6.25],"rotation":0,"texture":"#0","tintindex":0},"down":{"uv":[7.0,0.0,6.0,1.0],"rotation":0,"texture":"#0","tintindex":0},"east":{"uv":[3.625,5.25,4.625,6.25],"rotation":0,"texture":"#0","tintindex":0},"west":{"uv":[5.875,5.375,6.875,6.375],"rotation":0,"texture":"#0","tintindex":0},"up":{"uv":[1.0,7.0,0.0,6.0],"rotation":0,"texture":"#0","tintindex":0}}},{"from":[6.0143576,7.142857,8.675132],"to":[6.0143576,11.714286,13.246561],"rotation":{"angle":-45.0,"axis":"y","origin":[8.0,4.8571424,7.428571]},"faces":{"south":{"uv":[10.5,11.375,10.5,12.375],"rotation":0,"texture":"#0","tintindex":0},"north":{"uv":[1.0,11.25,1.0,12.25],"rotation":0,"texture":"#0","tintindex":0},"down":{"uv":[0.25,11.5,0.25,12.5],"rotation":0,"texture":"#0","tintindex":0},"east":{"uv":[6.125,2.25,7.125,3.25],"rotation":0,"texture":"#0","tintindex":0},"west":{"uv":[1.125,6.375,2.125,7.375],"rotation":0,"texture":"#0","tintindex":0},"up":{"uv":[11.5,1.0,11.5,0.0],"rotation":0,"texture":"#0","tintindex":0}}},{"from":[9.985642,7.142857,8.675132],"to":[9.985642,11.714286,13.246561],"rotation":{"angle":45.0,"axis":"y","origin":[8.0,4.8571424,7.428571]},"faces":{"south":{"uv":[10.5,11.375,10.5,12.375],"rotation":0,"texture":"#0","tintindex":0},"north":{"uv":[1.0,11.25,1.0,12.25],"rotation":0,"texture":"#0","tintindex":0},"down":{"uv":[0.25,11.5,0.25,12.5],"rotation":0,"texture":"#0","tintindex":0},"east":{"uv":[6.375,1.125,7.375,2.125],"rotation":0,"texture":"#0","tintindex":0},"west":{"uv":[2.25,6.375,3.25,7.375],"rotation":0,"texture":"#0","tintindex":0},"up":{"uv":[11.5,1.0,11.5,0.0],"rotation":0,"texture":"#0","tintindex":0}}},{"from":[5.1430593,7.142857,5.191676],"to":[5.7144876,12.857143,10.334534],"rotation":{"angle":0.0,"axis":"y","origin":[4.5716305,7.142857,5.7631044]},"faces":{"south":{"uv":[1.625,9.875,1.75,11.125],"rotation":0,"texture":"#0","tintindex":0},"north":{"uv":[0.375,9.75,0.5,11.0],"rotation":0,"texture":"#0","tintindex":0},"down":{"uv":[7.875,10.125,7.75,11.25],"rotation":0,"texture":"#0","tintindex":0},"east":{"uv":[3.75,1.125,4.875,2.375],"rotation":0,"texture":"#0","tintindex":0},"west":{"uv":[2.25,3.75,3.375,5.0],"rotation":0,"texture":"#0","tintindex":0},"up":{"uv":[2.25,11.25,2.125,10.125],"rotation":0,"texture":"#0","tintindex":0}}},{"from":[10.285916,7.142857,5.191676],"to":[10.857346,12.857143,10.334534],"rotation":{"angle":0.0,"axis":"y","origin":[9.714488,7.142857,5.7631044]},"faces":{"south":{"uv":[1.875,10.125,2.0,11.375],"rotation":0,"texture":"#0","tintindex":0},"north":{"uv":[3.0,10.0,3.125,11.25],"rotation":0,"texture":"#0","tintindex":0},"down":{"uv":[4.875,10.25,4.75,11.375],"rotation":0,"texture":"#0","tintindex":0},"east":{"uv":[3.75,2.5,4.875,3.75],"rotation":0,"texture":"#0","tintindex":0},"west":{"uv":[3.5,3.875,4.625,5.125],"rotation":0,"texture":"#0","tintindex":0},"up":{"uv":[4.625,11.375,4.5,10.25],"rotation":0,"texture":"#0","tintindex":0}}},{"from":[5.7144876,11.714286,5.191676],"to":[10.285916,12.857143,10.334534],"rotation":{"angle":0.0,"axis":"y","origin":[9.143059,7.142857,5.7631044]},"faces":{"south":{"uv":[9.5,3.75,10.5,4.0],"rotation":0,"texture":"#0","tintindex":0},"north":{"uv":[9.0,7.0,10.0,7.25],"rotation":0,"texture":"#0","tintindex":0},"down":{"uv":[2.375,5.125,1.375,6.25],"rotation":0,"texture":"#0","tintindex":0},"east":{"uv":[5.0,3.5,6.125,3.75],"rotation":0,"texture":"#0","tintindex":0},"west":{"uv":[8.875,3.375,10.0,3.625],"rotation":0,"texture":"#0","tintindex":0},"up":{"uv":[6.0,3.375,5.0,2.25],"rotation":0,"texture":"#0","tintindex":0}}},{"from":[6.000202,12.857143,6.0488186],"to":[10.000202,15.142858,9.47739],"rotation":{"angle":0.0,"axis":"y","origin":[8.857345,9.428572,5.4773903]},"faces":{"south":{"uv":[8.0,0.0,8.875,0.5],"rotation":0,"texture":"#0","tintindex":0},"north":{"uv":[5.625,7.75,6.5,8.25],"rotation":0,"texture":"#0","tintindex":0},"down":{"uv":[8.25,7.125,7.375,7.875],"rotation":0,"texture":"#0","tintindex":0},"east":{"uv":[8.125,2.75,8.875,3.25],"rotation":0,"texture":"#0","tintindex":0},"west":{"uv":[0.625,8.25,1.375,8.75],"rotation":0,"texture":"#0","tintindex":0},"up":{"uv":[8.25,7.0,7.375,6.25],"rotation":0,"texture":"#0","tintindex":0}}},{"from":[7.1430593,16.515785,7.707135],"to":[8.857345,17.658642,9.992849],"rotation":{"angle":-45.0,"axis":"x","origin":[7.7144876,17.087215,8.849993]},"faces":{"south":{"uv":[10.875,8.375,11.25,8.625],"rotation":0,"texture":"#0","tintindex":0},"north":{"uv":[10.875,8.0,11.25,8.25],"rotation":0,"texture":"#0","tintindex":0},"down":{"uv":[5.375,10.0,5.0,10.5],"rotation":0,"texture":"#0","tintindex":0},"east":{"uv":[10.75,10.25,11.25,10.5],"rotation":0,"texture":"#0","tintindex":0},"west":{"uv":[10.625,10.75,11.125,11.0],"rotation":0,"texture":"#0","tintindex":0},"up":{"uv":[2.875,10.5,2.5,10.0],"rotation":0,"texture":"#0","tintindex":0}}},{"from":[6.5716305,14.618509,6.970605],"to":[9.428774,16.904224,9.256319],"rotation":{"angle":22.5,"axis":"x","origin":[7.7144876,15.761367,8.113462]},"faces":{"south":{"uv":[8.75,7.5,9.375,8.0],"rotation":0,"texture":"#0","tintindex":0},"north":{"uv":[2.625,8.75,3.25,9.25],"rotation":0,"texture":"#0","tintindex":0},"down":{"uv":[9.375,8.75,8.75,9.25],