{"elements":[{"from":[7.142655,7.714286,7.191676],"to":[8.856941,8.857143,8.905962],"rotation":{"angle":0.0,"axis":"y","origin":[6.5714283,11.142858,6.857143]},"faces":{"south":{"uv":[5.5,10.875,5.875,11.125],"rotation":0,"texture":"#0","tintindex":0},"north":{"uv":[10.875,4.0,11.25,4.25],"rotation":0,"texture":"#0","tintindex":0},"down":{"uv":[10.5,7.375,10.125,7.75],"rotation":0,"texture":"#0","tintindex":0},"east":{"uv":[10.875,4.875,11.25,5.125],"rotation":0,"texture":"#0","tintindex":0},"west":{"uv":[10.875,5.875,11.25,6.125],"rotation":0,"texture":"#0","tintindex":0},"up":{"uv":[7.625,10.5,7.25,10.125],"rotation":0,"texture":"#0","tintindex":0}}},{"from":[6.8569407,7.428571,6.9059615],"to":[9.142655,8.0,9.191676],"rotation":{"angle":0.0,"axis":"y","origin":[6.5714283,12.571428,6.857143]},"faces":{"south":{"uv":[11.125,6.5,11.625,6.625],"rotation":0,"texture":"#0","tintindex":0},"north":{"uv":[2.375,11.125,2.875,11.25],"rotation":0,"texture":"#0","tintindex":0},"down":{"uv":[1.75,9.25,1.25,9.75],"rotation":0,"texture":"#0","tintindex":0},"east":{"uv":[6.25,11.125,6.75,11.25],"rotation":0,"texture":"#0","tintindex":0},"west":{"uv":[11.125,6.75,11.625,6.875],"rotation":0,"texture":"#0","tintindex":0},"up":{"uv":[4.5,9.625,4.0,9.125],"rotation":0,"texture":"#0","tintindex":0}}},{"from":[6.8569407,6.285714,5.7631044],"to":[9.142655,7.428571,9.191676],"rotation":{"angle":0.0,"axis":"y","origin":[6.5714283,12.571428,6.857143]},"faces":{"south":{"uv":[10.75,5.25,11.25,5.5],"rotation":0,"texture":"#0","tintindex":0},"north":{"uv":[10.75,4.5,11.25,4.75],"rotation":0,"texture":"#0","tintindex":0},"down":{"uv":[0.5,8.25,0.0,9.0],"rotation":0,"texture":"#0","tintindex":0},"east":{"uv":[10.0,1.875,10.75,2.125],"rotation":0,"texture":"#0","tintindex":0},"west":{"uv":[10.0,4.875,10.75,5.125],"rotation":0,"texture":"#0","tintindex":0},"up":{"uv":[8.625,8.75,8.125,8.0],"rotation":0,"texture":"#0","tintindex":0}}},{"from":[6.742857,6.742857,5.028571],"to":[7.542857,7.542857,6.4],"rotation":{"angle":0.0,"axis":"y","origin":[8.0,6.857143,5.142857]},"faces":{"south":{"uv":[11.375,11.25,11.5,11.375],"rotation":0,"texture":"#0","tintindex":0},"north":{"uv":[11.375,11.0,11.5,11.125],"rotation":0,"texture":"#0","tintindex":0},"down":{"uv":[6.375,11.375,6.25,11.625],"rotation":0,"texture":"#0","tintindex":0},"east":{"uv":[11.375,5.125,11.625,5.25],"rotation":0,"texture":"#0","tintindex":0},"west":{"uv":[11.375,5.375,11.625,5.5],"rotation":0,"texture":"#0","tintindex":0},"up":{"uv":[11.5,6.125,11.375,5.875],"rotation":0,"texture":"#0","tintindex":0}}},{"from":[7.885714,6.742857,5.028571],"to":[9.257143,7.542857,6.4],"rotation":{"angle":0.0,"axis":"y","origin":[9.142858,6.857143,5.142857]},"faces":{"south":{"uv":[11.375,8.0,11.625,8.125],"rotation":0,"texture":"#0","tintindex":0},"north":{"uv":[6.5,11.375,6.75,11.5],"rotation":0,"texture":"#0","tintindex":0},"down":{"uv":[11.375,7.0,11.125,7.25],"rotation":0,"texture":"#0","tintindex":0},"east":{"uv":[7.625,11.375,7.875,11.5],"rotation":0,"texture":"#0","tintindex":0},"west":{"uv":[11.375,8.25,11.625,8.375],"rotation":0,"texture":"#0","tintindex":0},"up":{"uv":[7.125,11.375,6.875,11.125],"rotation":0,"texture":"#0","tintindex":0}}}],"textures":{"0":"modelengine:entity/goblins/goblin_2"},"display":{"head":{"translation":[0.0,-6.4,0.0],"scale":[4.0,4.0,4.0]}}}