{"elements":[{"from":[7.7680855,7.714286,8.114285],"to":[8.339515,16.857143,8.685715],"rotation":{"angle":0.0,"axis":"y","origin":[12.857143,16.857143,8.0]},"faces":{"south":{"uv":[3.254,9.004,3.371,10.996],"rotation":0,"texture":"#0","tintindex":0},"north":{"uv":[6.754,8.879,6.871,10.871],"rotation":0,"texture":"#0","tintindex":0},"down":{"uv":[9.746,1.879,9.629,1.996],"rotation":0,"texture":"#0","tintindex":0},"east":{"uv":[3.129,9.004,3.246,10.996],"rotation":0,"texture":"#0","tintindex":0},"west":{"uv":[3.379,9.004,3.496,10.996],"rotation":0,"texture":"#0","tintindex":0},"up":{"uv":[5.121,7.871,5.004,7.754],"rotation":0,"texture":"#0","tintindex":0}}},{"from":[7.6538,7.6,8.0],"to":[8.4538,16.971428,8.8],"rotation":{"angle":0.0,"axis":"y","origin":[12.857143,16.857143,8.0]},"faces":{"south":{"uv":[5.254,9.129,5.371,11.121],"rotation":0,"texture":"#0","tintindex":0},"north":{"uv":[5.004,9.129,5.121,11.121],"rotation":0,"texture":"#0","tintindex":0},"down":{"uv":[11.496,7.379,11.379,7.496],"rotation":0,"texture":"#0","tintindex":0},"east":{"uv":[5.129,9.129,5.246,11.121],"rotation":0,"texture":"#0","tintindex":0},"west":{"uv":[5.379,9.129,5.496,11.121],"rotation":0,"texture":"#0","tintindex":0},"up":{"uv":[11.496,7.371,11.379,7.254],"rotation":0,"texture":"#0","tintindex":0}}}],"textures":{"0":"modelengine:entity/monaska/skelet_monah"},"display":{"head":{"translation":[0.0,-6.4,0.0],"scale":[4.0,4.0,4.0]}}}