{"elements":[{"from":[7.7680855,-0.8571434,8.114285],"to":[8.339515,8.285714,8.685715],"rotation":{"angle":0.0,"axis":"y","origin":[12.857143,-0.8571434,8.0]},"faces":{"south":{"uv":[4.754,9.004,4.871,10.996],"rotation":0,"texture":"#0","tintindex":0},"north":{"uv":[4.504,9.004,4.621,10.996],"rotation":0,"texture":"#0","tintindex":0},"down":{"uv":[7.371,11.379,7.254,11.496],"rotation":0,"texture":"#0","tintindex":0},"east":{"uv":[4.629,9.004,4.746,10.996],"rotation":0,"texture":"#0","tintindex":0},"west":{"uv":[4.879,9.004,4.996,10.996],"rotation":0,"texture":"#0","tintindex":0},"up":{"uv":[11.496,7.246,11.379,7.129],"rotation":0,"texture":"#0","tintindex":0}}},{"from":[7.6538,-0.9714289,8.0],"to":[8.4538,8.4,8.8],"rotation":{"angle":0.0,"axis":"y","origin":[12.857143,-0.8571434,8.0]},"faces":{"south":{"uv":[6.254,9.129,6.371,11.121],"rotation":0,"texture":"#0","tintindex":0},"north":{"uv":[6.004,9.129,6.121,11.121],"rotation":0,"texture":"#0","tintindex":0},"down":{"uv":[11.496,11.379,11.379,11.496],"rotation":0,"texture":"#0","tintindex":0},"east":{"uv":[6.129,9.129,6.246,11.121],"rotation":0,"texture":"#0","tintindex":0},"west":{"uv":[6.379,9.129,6.496,11.121],"rotation":0,"texture":"#0","tintindex":0},"up":{"uv":[11.496,11.371,11.379,11.254],"rotation":0,"texture":"#0","tintindex":0}}}],"textures":{"0":"modelengine:entity/monaska/skelet_monah"},"display":{"head":{"translation":[0.0,-6.4,0.0],"scale":[4.0,4.0,4.0]}}}