{"elements":[{"from":[7.142857,5.142857,7.142857],"to":[8.857143,7.428571,8.857143],"rotation":{"angle":0.0,"axis":"y","origin":[4.285714,16.57143,8.285714]},"faces":{"south":{"uv":[9.254,1.004,9.621,1.496],"rotation":0,"texture":"#0","tintindex":0},"north":{"uv":[9.254,0.004,9.621,0.496],"rotation":0,"texture":"#0","tintindex":0},"down":{"uv":[7.996,10.004,7.629,10.371],"rotation":0,"texture":"#0","tintindex":0},"east":{"uv":[9.254,0.504,9.621,0.996],"rotation":0,"texture":"#0","tintindex":0},"west":{"uv":[9.254,1.504,9.621,1.996],"rotation":0,"texture":"#0","tintindex":0},"up":{"uv":[10.371,7.621,10.004,7.254],"rotation":0,"texture":"#0","tintindex":0}}},{"from":[7.142857,2.2857141,7.428571],"to":[8.857143,4.5714283,9.142858],"rotation":{"angle":0.0,"axis":"y","origin":[11.714286,16.57143,8.571428]},"faces":{"south":{"uv":[9.254,7.004,9.621,7.496],"rotation":0,"texture":"#0","tintindex":0},"north":{"uv":[9.254,6.004,9.621,6.496],"rotation":0,"texture":"#0","tintindex":0},"down":{"uv":[8.371,10.004,8.004,10.371],"rotation":0,"texture":"#0","tintindex":0},"east":{"uv":[9.254,6.504,9.621,6.996],"rotation":0,"texture":"#0","tintindex":0},"west":{"uv":[9.254,7.504,9.621,7.996],"rotation":0,"texture":"#0","tintindex":0},"up":{"uv":[10.371,7.996,10.004,7.629],"rotation":0,"texture":"#0","tintindex":0}}},{"from":[7.142857,2.2857141,6.285714],"to":[8.857143,3.4285712,7.428571],"rotation":{"angle":0.0,"axis":"y","origin":[10.571428,16.57143,6.857143]},"faces":{"south":{"uv":[10.254,0.754,10.621,0.996],"rotation":0,"texture":"#0","tintindex":0},"north":{"uv":[10.129,8.754,10.496,8.996],"rotation":0,"texture":"#0","tintindex":0},"down":{"uv":[10.496,10.629,10.129,10.871],"rotation":0,"texture":"#0","tintindex":0},"east":{"uv":[8.004,1.004,8.246,1.246],"rotation":0,"texture":"#0","tintindex":0},"west":{"uv":[9.379,10.004,9.621,10.246],"rotation":0,"texture":"#0","tintindex":0},"up":{"uv":[7.246,10.871,6.879,10.629],"rotation":0,"texture":"#0","tintindex":0}}},{"from":[6.9142857,4.9142857,6.9142857],"to":[9.085714,7.6571426,9.085714],"rotation":{"angle":0.0,"axis":"y","origin":[4.285714,16.57143,8.285714]},"faces":{"south":{"uv":[6.879,9.379,7.246,9.871],"rotation":0,"texture":"#0","tintindex":0},"north":{"uv":[9.379,2.004,9.746,2.496],"rotation":0,"texture":"#0","tintindex":0},"down":{"uv":[10.746,3.254,10.379,3.621],"rotation":0,"texture":"#0","tintindex":0},"east":{"uv":[9.379,2.504,9.746,2.996],"rotation":0,"texture":"#0","tintindex":0},"west":{"uv":[7.254,9.379,7.621,9.871],"rotation":0,"texture":"#0","tintindex":0},"up":{"uv":[10.746,3.246,10.379,2.879],"rotation":0,"texture":"#0","tintindex":0}}},{"from":[6.9142857,2.0571427,6.0571427],"to":[9.085714,3.6571426,7.6571426],"rotation":{"angle":0.0,"axis":"y","origin":[10.571428,16.57143,6.857143]},"faces":{"south":{"uv":[10.754,7.254,11.121,7.496],"rotation":0,"texture":"#0","tintindex":0},"north":{"uv":[10.754,5.129,11.121,5.371],"rotation":0,"texture":"#0","tintindex":0},"down":{"uv":[7.996,10.754,7.629,10.996],"rotation":0,"texture":"#0","tintindex":0},"east":{"uv":[2.879,10.879,3.121,11.121],"rotation":0,"texture":"#0","tintindex":0},"west":{"uv":[3.504,10.879,3.746,11.121],"rotation":0,"texture":"#0","tintindex":0},"up":{"uv":[11.121,7.746,10.754,7.504],"rotation":0,"texture":"#0","tintindex":0}}},{"from":[6.9142857,2.0571427,7.2],"to":[9.085714,4.8,9.3714285],"rotation":{"angle":0.0,"axis":"y","origin":[22.57143,16.57143,8.571428]},"faces":{"south":{"uv":[0.379,9.629,0.746,10.121],"rotation":0,"texture":"#0","tintindex":0},"north":{"uv":[0.004,9.629,0.371,10.121],"rotation":0,"texture":"#0","tintindex":0},"down":{"uv":[7.621,10.504,7.254,10.871],"rotation":0,"texture":"#0","tintindex":0},"east":{"uv":[9.629,0.004,9.996,0.496],"rotation":0,"texture":"#0","tintindex":0},"west":{"uv":[9.629,0.504,9.996,0.996],"rotation":0,"texture":"#0","tintindex":0},"up":{"uv":[10.871,7.246,10.504,6.879],"rotation":0,"texture":"#0","tintindex":0}}}],"textures":{"0":"modelengine:entity/monaska/skelet_monah"},"display":{"head":{"translation":[0.0,-6.4,0.0],"scale":[4.0,4.0,4.0]}}}