{"elements":[{"from":[6.285714,-0.57142925,6.857143],"to":[8.571428,5.142857,9.142858],"rotation":{"angle":0.0,"axis":"y","origin":[17.142857,3.4285712,8.571428]},"faces":{"south":{"uv":[0.504,7.379,0.996,8.621],"rotation":0,"texture":"#0","tintindex":0},"north":{"uv":[6.879,7.129,7.371,8.371],"rotation":0,"texture":"#0","tintindex":0},"down":{"uv":[8.621,3.004,8.129,3.496],"rotation":0,"texture":"#0","tintindex":0},"east":{"uv":[0.004,7.379,0.496,8.621],"rotation":0,"texture":"#0","tintindex":0},"west":{"uv":[1.004,7.379,1.496,8.621],"rotation":0,"texture":"#0","tintindex":0},"up":{"uv":[8.496,5.246,8.004,4.754],"rotation":0,"texture":"#0","tintindex":0}}},{"from":[6.857143,5.142857,7.142857],"to":[8.571428,9.714286,8.857143],"rotation":{"angle":0.0,"axis":"y","origin":[17.142857,2.8571424,8.285714]},"faces":{"south":{"uv":[8.004,0.004,8.371,0.996],"rotation":0,"texture":"#0","tintindex":0},"north":{"uv":[5.254,2.504,5.621,3.496],"rotation":0,"texture":"#0","tintindex":0},"down":{"uv":[9.371,10.004,9.004,10.371],"rotation":0,"texture":"#0","tintindex":0},"east":{"uv":[6.504,7.879,6.871,8.871],"rotation":0,"texture":"#0","tintindex":0},"west":{"uv":[8.129,2.004,8.496,2.996],"rotation":0,"texture":"#0","tintindex":0},"up":{"uv":[8.996,10.371,8.629,10.004],"rotation":0,"texture":"#0","tintindex":0}}},{"from":[6.5714283,-5.1428576,6.857143],"to":[8.285714,-3.4285717,8.571428],"rotation":{"angle":0.0,"axis":"y","origin":[6.5714283,-3.4285717,7.428571]},"faces":{"south":{"uv":[10.129,1.504,10.496,1.871],"rotation":0,"texture":"#0","tintindex":0},"north":{"uv":[0.379,10.129,0.746,10.496],"rotation":0,"texture":"#0","tintindex":0},"down":{"uv":[5.871,10.129,5.504,10.496],"rotation":0,"texture":"#0","tintindex":0},"east":{"uv":[0.754,10.129,1.121,10.496],"rotation":0,"texture":"#0","tintindex":0},"west":{"uv":[10.129,3.754,10.496,4.121],"rotation":0,"texture":"#0","tintindex":0},"up":{"uv":[10.496,4.496,10.129,4.129],"rotation":0,"texture":"#0","tintindex":0}}},{"from":[6.857143,-3.4285717,7.142857],"to":[8.0,-0.57142925,8.285714],"rotation":{"angle":0.0,"axis":"y","origin":[6.857143,-1.7142859,7.142857]},"faces":{"south":{"uv":[1.629,9.629,1.871,10.246],"rotation":0,"texture":"#0","tintindex":0},"north":{"uv":[2.879,9.504,3.121,10.121],"rotation":0,"texture":"#0","tintindex":0},"down":{"uv":[9.371,10.379,9.129,10.621],"rotation":0,"texture":"#0","tintindex":0},"east":{"uv":[4.254,9.504,4.496,10.121],"rotation":0,"texture":"#0","tintindex":0},"west":{"uv":[8.379,9.754,8.621,10.371],"rotation":0,"texture":"#0","tintindex":0},"up":{"uv":[9.996,10.496,9.754,10.254],"rotation":0,"texture":"#0","tintindex":0}}},{"from":[6.0571427,-0.8000002,6.6285715],"to":[8.8,5.3714285,9.3714285],"rotation":{"angle":0.0,"axis":"y","origin":[17.142857,3.4285712,8.571428]},"faces":{"south":{"uv":[3.504,7.754,3.996,8.996],"rotation":0,"texture":"#0","tintindex":0},"north":{"uv":[2.504,7.754,2.996,8.996],"rotation":0,"texture":"#0","tintindex":0},"down":{"uv":[9.246,0.504,8.754,0.996],"rotation":0,"texture":"#0","tintindex":0},"east":{"uv":[3.004,7.754,3.496,8.996],"rotation":0,"texture":"#0","tintindex":0},"west":{"uv":[4.004,7.754,4.496,8.996],"rotation":0,"texture":"#0","tintindex":0},"up":{"uv":[9.246,0.496,8.754,0.004],"rotation":0,"texture":"#0","tintindex":0}}},{"from":[6.6285715,4.9142857,6.9142857],"to":[8.8,9.942858,9.085714],"rotation":{"angle":0.0,"axis":"y","origin":[17.142857,2.8571424,8.285714]},"faces":{"south":{"uv":[8.629,1.004,8.996,1.996],"rotation":0,"texture":"#0","tintindex":0},"north":{"uv":[0.379,8.629,0.746,9.621],"rotation":0,"texture":"#0","tintindex":0},"down":{"uv":[7.996,10.379,7.629,10.746],"rotation":0,"texture":"#0","tintindex":0},"east":{"uv":[0.754,8.629,1.121,9.621],"rotation":0,"texture":"#0","tintindex":0},"west":{"uv":[1.129,8.629,1.496,9.621],"rotation":0,"texture":"#0","tintindex":0},"up":{"uv":[10.746,7.621,10.379,7.254],"rotation":0,"texture":"#0","tintindex":0}}},{"from":[6.342857,-5.3714285,6.6285715],"to":[8.514286,-3.2000008,8.8],"rotation":{"angle":0.0,"axis":"y","origin":[6.5714283,-3.4285717,7.428571]},"faces":{"south":{"uv":[10.379,10.254,10.746,10.621],"rotation":0,"texture":"#0","tintindex":0},"north":{"uv":[10.379,9.504,10.746,9.871],"rotation":0,"texture":"#0","tintindex":0},"down":{"uv":[0.746,10.504,0.379,10.871],"rotation":0,"texture":"#0","tintindex":0},"east":{"uv":[10.379,9.879,10.746,10.246],"rotation":0,"texture":"#0","tintindex":0},"west":{"uv":[0.004,10.504,0.371,10.871],"rotation":0,"texture":"#0","tintindex":0},"up":{"uv":[10.871,0.371,10.504,0.004],"rotation":0,"texture":"#0","tintindex":0}}},{"from":[6.6285715,-3.6571436,6.9142857],"to":[8.228572,-0.34285736,8.514286],"rotation":{"angle":0.0,"axis":"y","origin":[6.857143,-1.7142859,7.142857]},"faces":{"south":{"uv":[2.129,10.004,2.371,10.621],"rotation":0,"texture":"#0","tintindex":0},"north":{"uv":[1.379,10.004,1.621,10.621],"rotation":0,"texture":"#0","tintindex":0},"down":{"uv":[3.996,10.879,3.754,11.121],"rotation":0,"texture":"#0","tintindex":0},"east":{"uv":[1.879,10.004,2.121,10.621],"rotation":0,"texture":"#0","tintindex":0},"west":{"uv":[2.379,10.004,2.621,10.621],"rotation":0,"texture":"#0","tintindex":0},"up":{"uv":[11.121,3.871,10.879,3.629],"rotation":0,"texture":"#0","tintindex":0}}}],"textures":{"0":"modelengine:entity/monaska/skelet_monah"},"display":{"head":{"translation":[0.0,-6.4,0.0],"scale":[4.0,4.0,4.0]}}}