{"elements":[{"from":[7.142857,5.142857,7.142857],"to":[8.857143,7.428571,8.857143],"rotation":{"angle":0.0,"axis":"y","origin":[11.714286,16.57143,8.285714]},"faces":{"south":{"uv":[8.254,9.254,8.621,9.746],"rotation":0,"texture":"#0","tintindex":0},"north":{"uv":[7.879,9.254,8.246,9.746],"rotation":0,"texture":"#0","tintindex":0},"down":{"uv":[0.371,10.129,0.004,10.496],"rotation":0,"texture":"#0","tintindex":0},"east":{"uv":[9.254,8.004,9.621,8.496],"rotation":0,"texture":"#0","tintindex":0},"west":{"uv":[9.254,8.504,9.621,8.996],"rotation":0,"texture":"#0","tintindex":0},"up":{"uv":[10.371,10.121,10.004,9.754],"rotation":0,"texture":"#0","tintindex":0}}},{"from":[7.142857,2.2857141,6.285714],"to":[8.857143,3.4285712,7.428571],"rotation":{"angle":0.0,"axis":"y","origin":[-5.4285717,16.57143,6.857143]},"faces":{"south":{"uv":[10.754,2.879,11.121,3.121],"rotation":0,"texture":"#0","tintindex":0},"north":{"uv":[10.504,10.629,10.871,10.871],"rotation":0,"texture":"#0","tintindex":0},"down":{"uv":[11.121,3.379,10.754,3.621],"rotation":0,"texture":"#0","tintindex":0},"east":{"uv":[10.879,2.379,11.121,2.621],"rotation":0,"texture":"#0","tintindex":0},"west":{"uv":[2.629,10.879,2.871,11.121],"rotation":0,"texture":"#0","tintindex":0},"up":{"uv":[11.121,3.371,10.754,3.129],"rotation":0,"texture":"#0","tintindex":0}}},{"from":[6.9142857,4.9142857,6.9142857],"to":[9.085714,7.6571426,9.085714],"rotation":{"angle":0.0,"axis":"y","origin":[11.714286,16.57143,8.285714]},"faces":{"south":{"uv":[2.504,9.504,2.871,9.996],"rotation":0,"texture":"#0","tintindex":0},"north":{"uv":[9.379,9.004,9.746,9.496],"rotation":0,"texture":"#0","tintindex":0},"down":{"uv":[9.121,10.379,8.754,10.746],"rotation":0,"texture":"#0","tintindex":0},"east":{"uv":[2.129,9.504,2.496,9.996],"rotation":0,"texture":"#0","tintindex":0},"west":{"uv":[3.504,9.504,3.871,9.996],"rotation":0,"texture":"#0","tintindex":0},"up":{"uv":[8.746,10.746,8.379,10.379],"rotation":0,"texture":"#0","tintindex":0}}},{"from":[6.9142857,2.0571427,6.0571427],"to":[9.085714,3.6571426,7.6571426],"rotation":{"angle":0.0,"axis":"y","origin":[-5.4285717,16.57143,6.857143]},"faces":{"south":{"uv":[8.004,10.754,8.371,10.996],"rotation":0,"texture":"#0","tintindex":0},"north":{"uv":[10.754,7.754,11.121,7.996],"rotation":0,"texture":"#0","tintindex":0},"down":{"uv":[9.121,10.754,8.754,10.996],"rotation":0,"texture":"#0","tintindex":0},"east":{"uv":[10.879,4.129,11.121,4.371],"rotation":0,"texture":"#0","tintindex":0},"west":{"uv":[4.254,10.879,4.496,11.121],"rotation":0,"texture":"#0","tintindex":0},"up":{"uv":[8.746,10.996,8.379,10.754],"rotation":0,"texture":"#0","tintindex":0}}},{"from":[6.9142857,2.0571427,7.2],"to":[9.085714,4.8,9.3714285],"rotation":{"angle":0.0,"axis":"y","origin":[-6.5714293,16.57143,8.571428]},"faces":{"south":{"uv":[8.879,9.504,9.246,9.996],"rotation":0,"texture":"#0","tintindex":0},"north":{"uv":[3.879,9.504,4.246,9.996],"rotation":0,"texture":"#0","tintindex":0},"down":{"uv":[10.871,6.504,10.504,6.871],"rotation":0,"texture":"#0","tintindex":0},"east":{"uv":[9.504,4.754,9.871,5.246],"rotation":0,"texture":"#0","tintindex":0},"west":{"uv":[9.254,9.504,9.621,9.996],"rotation":0,"texture":"#0","tintindex":0},"up":{"uv":[5.871,10.871,5.504,10.504],"rotation":0,"texture":"#0","tintindex":0}}},{"from":[7.142857,2.2857141,7.428571],"to":[8.857143,4.5714283,9.142858],"rotation":{"angle":0.0,"axis":"y","origin":[4.285714,16.57143,8.571428]},"faces":{"south":{"uv":[9.621,7.004,9.254,7.496],"rotation":0,"texture":"#0","tintindex":0},"north":{"uv":[9.621,6.004,9.254,6.496],"rotation":0,"texture":"#0","tintindex":0},"down":{"uv":[8.004,10.004,8.371,10.371],"rotation":0,"texture":"#0","tintindex":0},"east":{"uv":[9.621,7.504,9.254,7.996],"rotation":0,"texture":"#0","tintindex":0},"west":{"uv":[9.621,6.504,9.254,6.996],"rotation":0,"texture":"#0","tintindex":0},"up":{"uv":[10.004,7.996,10.371,7.629],"rotation":0,"texture":"#0","tintindex":0}}}],"textures":{"0":"modelengine:entity/monaska/skelet_monah"},"display":{"head":{"translation":[0.0,-6.4,0.0],"scale":[4.0,4.0,4.0]}}}