{"elements":[{"from":[3.6773653,12.101034,1.9463253],"to":[12.248795,15.529606,10.517755],"rotation":{"angle":0.0,"axis":"y","origin":[8.248795,2.958177,6.517754]},"faces":{"south":{"uv":[10.3125,2.25,11.25,2.625],"rotation":0,"texture":"#0","tintindex":0},"north":{"uv":[10.3125,1.375,11.25,1.75],"rotation":0,"texture":"#0","tintindex":0},"down":{"uv":[7.9375,8.375,7.0,9.3125],"rotation":0,"texture":"#0","tintindex":0},"east":{"uv":[10.3125,1.8125,11.25,2.1875],"rotation":0,"texture":"#0","tintindex":0},"west":{"uv":[10.3125,2.6875,11.25,3.0625],"rotation":0,"texture":"#0","tintindex":0},"up":{"uv":[3.4375,9.0625,2.5,8.125],"rotation":0,"texture":"#0","tintindex":0}}},{"from":[3.6773653,5.2438912,1.9463253],"to":[12.248795,9.243892,10.517755],"rotation":{"angle":0.0,"axis":"y","origin":[8.248795,2.958177,6.517754]},"faces":{"south":{"uv":[6.0,10.25,6.9375,10.6875],"rotation":0,"texture":"#0","tintindex":0},"north":{"uv":[8.375,6.625,9.3125,7.0625],"rotation":0,"texture":"#0","tintindex":0},"down":{"uv":[8.9375,8.625,8.0,9.5625],"rotation":0,"texture":"#0","tintindex":0},"east":{"uv":[10.0,8.8125,10.9375,9.25],"rotation":0,"texture":"#0","tintindex":0},"west":{"uv":[8.625,10.25,9.5625,10.6875],"rotation":0,"texture":"#0","tintindex":0},"up":{"uv":[6.9375,9.4375,6.0,8.5],"rotation":0,"texture":"#0","tintindex":0}}},{"from":[3.6773653,9.243892,3.6606112],"to":[12.248795,12.101034,10.517755],"rotation":{"angle":0.0,"axis":"y","origin":[8.248795,2.958177,6.517754]},"faces":{"south":{"uv":[8.625,10.75,9.5625,11.0625],"rotation":0,"texture":"#0","tintindex":0},"north":{"uv":[10.75,8.375,11.6875,8.6875],"rotation":0,"texture":"#0","tintindex":0},"down":{"uv":[9.9375,8.625,9.0,9.375],"rotation":0,"texture":"#0","tintindex":0},"east":{"uv":[5.0,6.75,5.75,7.0625],"rotation":0,"texture":"#0","tintindex":0},"west":{"uv":[10.9375,4.5625,11.6875,4.875],"rotation":0,"texture":"#0","tintindex":0},"up":{"uv":[1.8125,9.75,0.875,9.0],"rotation":0,"texture":"#0","tintindex":0}}},{"from":[4.248794,7.529606,0.23203945],"to":[5.96308,10.958178,1.9463253],"rotation":{"angle":-45.0,"axis":"x","origin":[5.105937,9.81532,1.0891824]},"faces":{"south":{"uv":[2.25,11.75,2.4375,12.125],"rotation":0,"texture":"#0","tintindex":0},"north":{"uv":[3.5,8.6875,3.6875,9.0625],"rotation":0,"texture":"#0","tintindex":0},"down":{"uv":[12.0,9.0,11.8125,9.1875],"rotation":0,"texture":"#0","tintindex":0},"east":{"uv":[9.375,6.625,9.5625,7.0],"rotation":0,"texture":"#0","tintindex":0},"west":{"uv":[3.0,11.75,3.1875,12.125],"rotation":0,"texture":"#0","tintindex":0},"up":{"uv":[8.1875,8.5625,8.0,8.375],"rotation":0,"texture":"#0","tintindex":0}}},{"from":[4.820223,10.017349,0.24639988],"to":[5.391651,12.303063,0.8178282],"rotation":{"angle":0.0,"axis":"y","origin":[5.105937,11.731634,0.532114]},"faces":{"south":{"uv":[5.125,10.25,5.1875,10.5],"rotation":0,"texture":"#0","tintindex":0},"north":{"uv":[0.75,9.9375,0.8125,10.1875],"rotation":0,"texture":"#0","tintindex":0},"down":{"uv":[10.9375,7.3125,10.875,7.375],"rotation":0,"texture":"#0","tintindex":0},"east":{"uv":[0.75,10.25,0.8125,10.5],"rotation":0,"texture":"#0","tintindex":0},"west":{"uv":[10.5,9.9375,10.5625,10.1875],"rotation":0,"texture":"#0","tintindex":0},"up":{"uv":[10.8125,6.5625,10.75,6.5],"rotation":0,"texture":"#0","tintindex":0}}},{"from":[9.96308,7.529606,0.23203945],"to":[11.677366,10.958178,1.9463253],"rotation":{"angle":-45.0,"axis":"x","origin":[10.820223,9.81532,1.0891824]},"faces":{"south":{"uv":[3.75,11.75,3.9375,12.125],"rotation":0,"texture":"#0","tintindex":0},"north":{"uv":[3.25,11.75,3.4375,12.125],"rotation":0,"texture":"#0","tintindex":0},"down":{"uv":[12.0625,0.875,11.875,1.0625],"rotation":0,"texture":"#0","tintindex":0},"east":{"uv":[3.5,11.75,3.6875,12.125],"rotation":0,"texture":"#0","tintindex":0},"west":{"uv":[4.0,11.75,4.1875,12.125],"rotation":0,"texture":"#0","tintindex":0},"up":{"uv":[12.0625,0.1875,11.875,0.0],"rotation":0,"texture":"#0","tintindex":0}}},{"from":[10.534509,10.017349,0.24639988],"to":[11.105937,12.303063,0.8178282],"rotation":{"angle":0.0,"axis":"y","origin":[10.820223,11.731634,0.532114]},"faces":{"south":{"uv":[3.0,10.625,3.0625,10.875],"rotation":0,"texture":"#0","tintindex":0},"north":{"uv":[5.125,10.5625,5.1875,10.8125],"rotation":0,"texture":"#0","tintindex":0},"down":{"uv":[11.1875,9.8125,11.125,9.875],"rotation":0,"texture":"#0","tintindex":0},"east":{"uv":[0.625,10.625,0.6875,10.875],"rotation":0,"texture":"#0","tintindex":0},"west":{"uv":[5.875,10.875,5.9375,11.125],"rotation":0,"texture":"#0","tintindex":0},"up":{"uv":[4.5625,11.0,4.5,10.9375],"rotation":0,"texture":"#0","tintindex":0}}},{"from":[6.5345087,8.874492,1.389257],"to":[7.105937,10.017349,1.9606853],"rotation":{"angle":-22.5,"axis":"x","origin":[6.820223,10.017349,1.6749711]},"faces":{"south":{"uv":[10.8125,3.75,10.875,3.875],"rotation":0,"texture":"#0","tintindex":0},"north":{"uv":[9.5625,4.0,9.625,4.125],"rotation":0,"texture":"#0","tintindex":0},"down":{"uv":[11.9375,0.25,11.875,0.3125],"rotation":0,"texture":"#0","tintindex":0},"east":{"uv":[7.75,10.1875,7.8125,10.3125],"rotation":0,"texture":"#0","tintindex":0},"west":{"uv":[0.625,10.9375,0.6875,11.0625],"rotation":0,"texture":"#0","tintindex":0},"up":{"uv":[11.25,1.3125,11.1875,1.25],"rotation":0,"texture":"#0","tintindex":0}}},{"from":[8.820223,8.874492,1.389257],"to":[9.391651,10.017349,1.9606853],"rotation":{"angle":-22.5,"axis":"x","origin":[9.105937,10.017349,1.6749711]},"faces":{"south":{"uv":[11.0,8.9375,11.0625,9.0625],"rotation":0,"texture":"#0","tintindex":0},"north":{"uv":[10.9375,5.375,11.0,5.5],"rotation":0,"texture":"#0","tintindex":0},"down":{"uv":[11.375,11.875,11.3125,11.9375],"rotation":0,"texture":"#0","tintindex":0},"east":{"uv":[11.0,8.75,11.0625,8.875],"rotation":0,"texture":"#0","tintindex":0},"west":{"uv":[11.0,9.125,11.0625,9.25],"rotation":0,"texture":"#0","tintindex":0},"up":{"uv":[11.9375,4.0625,11.875,4.0],"rotation":0,"texture":"#0","tintindex":0}}},{"from":[7.677366,8.874492,1.389257],"to":[8.248795,10.017349,1.9606853],"rotation":{"angle":-22.5,"axis":"x","origin":[7.96308,10.017349,1.6749711]},"faces":{"south":{"uv":[0.5,11.25,0.5625,11.375],"rotation":0,"texture":"#0","tintindex":0},"north":{"uv":[11.125,9.625,11.1875,9.75],"rotation":0,"texture":"#0","tintindex":0},"down":{"uv":[11.625,11.875,11.5625,11.9375],"rotation":0,"texture":"#0","tintindex":0},"east":{"uv":[5.875,11.1875,5.9375,11.3125],"rotation":0,"texture":"#0","tintindex":0},"west":{"uv":[0.5,11.4375,0.5625,11.5625],"rotation":0,"texture":"#0","tintindex":0},"up":{"uv":[11.5,11.9375,11.4375,11.875],"rotation":0,"texture":"#0","tintindex":0}}},{"from":[8.820223,11.327578,1.389257],"to":[9.391651,12.470434,1.9606853],"rotation":{"angle":22.5,"axis":"x","origin":[9.105937,11.327578,1.6749711]},"faces":{"south":{"uv":[2.5,11.75,2.5625,11.875],"rotation":0,"texture":"#0","tintindex":0},"north":{"uv":[8.125,11.6875,8.1875,11.8125],"rotation":0,"texture":"#0","tintindex":0},"down":{"uv":[2.5625,11.9375,2.5,12.0],"rotation":0,"texture":"#0","tintindex":0},"east":{"uv":[0.375,11.75,0.4375,11.875],"rotation":0,"texture":"#0","tintindex":0},"west":{"uv":[11.875,2.5625,11.9375,2.6875],"rotation":0,"texture":"#0","tintindex":0},"up":{"uv":[0.4375,12.0,0.375,11.9375],"rotation":0,"texture":"#0","tintindex":0}}},{"from":[6.5345087,11.327578,1.389257],"to":[7.105937,12.470434,1.9606853],"rotation":{"angle":22.5,"axis":"x","origin":[6.820223,11.327578,1.6749711]},"faces":{"south":{"uv":[11.875,5.125,11.9375,5.25],"rotation":0,"texture":"#0","tintindex":0},"north":{"uv":[11.875,4.9375,11.9375,5.0625],"rotation":0,"texture":"#0","tintindex":0},"down":{"uv":[6.0625,11.9375,6.0,12.0],"rotation":0,"texture":"#0","tintindex":0},"east":{"uv":[5.125,11.875,5.1875,12.0],"rotation":0,"texture":"#0","tintindex":0},"west":{"uv":[5.25,11.875,5.3125,12.0],"rotation":0,"texture":"#0","tintindex":0},"up":{"uv":[5.9375,12.0,5.875,11.9375],"rotation":0,"texture":"#0",