{"elements":[{"from":[6.5714283,1.1428566,6.5714283],"to":[9.428572,8.0,9.428572],"rotation":{"angle":0.0,"axis":"y","origin":[8.0,8.0,8.0]},"faces":{"south":{"uv":[3.75,10.9375,4.0625,11.6875],"rotation":0,"texture":"#0","tintindex":0},"north":{"uv":[3.0,10.9375,3.3125,11.6875],"rotation":0,"texture":"#0","tintindex":0},"down":{"uv":[7.3125,11.6875,7.0,12.0],"rotation":0,"texture":"#0","tintindex":0},"east":{"uv":[3.375,10.9375,3.6875,11.6875],"rotation":0,"texture":"#0","tintindex":0},"west":{"uv":[10.9375,3.75,11.25,4.5],"rotation":0,"texture":"#0","tintindex":0},"up":{"uv":[5.8125,12.0,5.5,11.6875],"rotation":0,"texture":"#0","tintindex":0}}},{"from":[6.5714283,1.1428566,4.285714],"to":[9.428572,2.8571424,6.5714283],"rotation":{"angle":0.0,"axis":"y","origin":[8.0,8.0,7.857143]},"faces":{"south":{"uv":[11.75,8.375,12.0625,8.5625],"rotation":0,"texture":"#0","tintindex":0},"north":{"uv":[11.75,7.75,12.0625,7.9375],"rotation":0,"texture":"#0","tintindex":0},"down":{"uv":[1.4375,11.75,1.125,12.0],"rotation":0,"texture":"#0","tintindex":0},"east":{"uv":[11.75,10.0625,12.0,10.25],"rotation":0,"texture":"#0","tintindex":0},"west":{"uv":[11.75,10.3125,12.0,10.5],"rotation":0,"texture":"#0","tintindex":0},"up":{"uv":[0.3125,12.0,0.0,11.75],"rotation":0,"texture":"#0","tintindex":0}}}],"textures":{"0":"modelengine:entity/miniboss/miniboss_goblin"},"display":{"head":{"translation":[0.0,-6.4,0.0],"scale":[4.0,4.0,4.0]}}}