{"elements":[{"from":[4.5714283,4.5714283,4.8571424],"to":[10.857143,10.285714,11.142858],"rotation":{"angle":0.0,"axis":"y","origin":[7.714286,7.142857,8.0]},"faces":{"south":{"uv":[9.9375,0.6875,10.625,1.3125],"rotation":0,"texture":"#0","tintindex":0},"north":{"uv":[0.0,9.9375,0.6875,10.5625],"rotation":0,"texture":"#0","tintindex":0},"down":{"uv":[10.375,4.0,9.6875,4.6875],"rotation":0,"texture":"#0","tintindex":0},"east":{"uv":[9.9375,0.0,10.625,0.625],"rotation":0,"texture":"#0","tintindex":0},"west":{"uv":[1.625,9.9375,2.3125,10.5625],"rotation":0,"texture":"#0","tintindex":0},"up":{"uv":[8.5625,10.3125,7.875,9.625],"rotation":0,"texture":"#0","tintindex":0}}},{"from":[6.5714283,11.142858,6.428571],"to":[6.5714283,15.714286,9.285714],"rotation":{"angle":0.0,"axis":"y","origin":[6.5714283,-5.4285717,20.57143]},"faces":{"south":{"uv":[11.375,12.0,11.375,12.5],"rotation":0,"texture":"#0","tintindex":0},"north":{"uv":[11.3125,12.0,11.3125,12.5],"rotation":0,"texture":"#0","tintindex":0},"down":{"uv":[11.5,12.0,11.5,12.3125],"rotation":0,"texture":"#0","tintindex":0},"east":{"uv":[11.4375,8.75,11.75,9.25],"rotation":0,"texture":"#0","tintindex":0},"west":{"uv":[11.5,4.9375,11.8125,5.4375],"rotation":0,"texture":"#0","tintindex":0},"up":{"uv":[11.4375,12.3125,11.4375,12.0],"rotation":0,"texture":"#0","tintindex":0}}},{"from":[6.5714283,6.0,11.142858],"to":[6.5714283,8.857143,15.714286],"rotation":{"angle":0.0,"axis":"y","origin":[6.5714283,-8.57143,1.4285712]},"faces":{"south":{"uv":[9.125,12.0,9.125,12.3125],"rotation":0,"texture":"#0","tintindex":0},"north":{"uv":[12.0,8.625,12.0,8.9375],"rotation":0,"texture":"#0","tintindex":0},"down":{"uv":[9.25,12.0,9.25,12.5],"rotation":0,"texture":"#0","tintindex":0},"east":{"uv":[11.3125,1.6875,11.8125,2.0],"rotation":0,"texture":"#0","tintindex":0},"west":{"uv":[11.3125,2.0625,11.8125,2.375],"rotation":0,"texture":"#0","tintindex":0},"up":{"uv":[9.1875,12.5,9.1875,12.0],"rotation":0,"texture":"#0","tintindex":0}}},{"from":[6.5714283,6.0,0.28571415],"to":[6.5714283,8.857143,4.8571424],"rotation":{"angle":0.0,"axis":"y","origin":[6.5714283,12.0,3.142857]},"faces":{"south":{"uv":[8.5625,12.0,8.5625,12.3125],"rotation":0,"texture":"#0","tintindex":0},"north":{"uv":[8.5,12.0,8.5,12.3125],"rotation":0,"texture":"#0","tintindex":0},"down":{"uv":[9.0625,12.0,9.0625,12.5],"rotation":0,"texture":"#0","tintindex":0},"east":{"uv":[11.3125,0.9375,11.8125,1.25],"rotation":0,"texture":"#0","tintindex":0},"west":{"uv":[11.3125,1.3125,11.8125,1.625],"rotation":0,"texture":"#0","tintindex":0},"up":{"uv":[9.0,12.5,9.0,12.0],"rotation":0,"texture":"#0","tintindex":0}}},{"from":[6.5714283,9.428572,11.714286],"to":[6.5714283,14.0,14.571428],"rotation":{"angle":45.0,"axis":"x","origin":[6.5714283,12.285715,13.142858]},"faces":{"south":{"uv":[8.375,12.0,8.375,12.5],"rotation":0,"texture":"#0","tintindex":0},"north":{"uv":[8.3125,12.0,8.3125,12.5],"rotation":0,"texture":"#0","tintindex":0},"down":{"uv":[8.4375,12.0,8.4375,12.3125],"rotation":0,"texture":"#0","tintindex":0},"east":{"uv":[8.625,9.625,8.9375,10.125],"rotation":0,"texture":"#0","tintindex":0},"west":{"uv":[11.3125,0.375,11.625,0.875],"rotation":0,"texture":"#0","tintindex":0},"up":{"uv":[12.0,8.3125,12.0,8.0],"rotation":0,"texture":"#0","tintindex":0}}},{"from":[6.5714283,10.571428,0.85714245],"to":[6.5714283,13.428572,5.428571],"rotation":{"angle":45.0,"axis":"x","origin":[6.5714283,12.0,3.142857]},"faces":{"south":{"uv":[4.8125,11.875,4.8125,12.1875],"rotation":0,"texture":"#0","tintindex":0},"north":{"uv":[6.9375,11.75,6.9375,12.0625],"rotation":0,"texture":"#0","tintindex":0},"down":{"uv":[8.25,12.0,8.25,12.5],"rotation":0,"texture":"#0","tintindex":0},"east":{"uv":[11.125,5.75,11.625,6.0625],"rotation":0,"texture":"#0","tintindex":0},"west":{"uv":[11.3125,0.0,11.8125,0.3125],"rotation":0,"texture":"#0","tintindex":0},"up":{"uv":[12.0,5.3125,12.0,4.8125],"rotation":0,"texture":"#0","tintindex":0}}},{"from":[4.0,4.0,4.285714],"to":[9.142858,5.714286,11.714286],"rotation":{"angle":0.0,"axis":"y","origin":[7.714286,7.142857,8.0]},"faces":{"south":{"uv":[11.6875,5.75,12.25,5.9375],"rotation":0,"texture":"#0","tintindex":0},"north":{"uv":[11.5,5.5,12.0625,5.6875],"rotation":0,"texture":"#0","tintindex":0},"down":{"uv":[10.4375,9.4375,9.875,10.25],"rotation":0,"texture":"#0","tintindex":0},"east":{"uv":[11.25,7.0,12.0625,7.1875],"rotation":0,"texture":"#0","tintindex":0},"west":{"uv":[11.3125,2.8125,12.125,3.0],"rotation":0,"texture":"#0","tintindex":0},"up":{"uv":[10.375,5.5625,9.8125,4.75],"rotation":0,"texture":"#0","tintindex":0}}},{"from":[3.4285712,5.714286,3.7142854],"to":[9.714286,11.428572,12.285715],"rotation":{"angle":0.0,"axis":"y","origin":[7.714286,7.142857,8.0]},"faces":{"south":{"uv":[3.875,10.25,4.5625,10.875],"rotation":0,"texture":"#0","tintindex":0},"north":{"uv":[3.125,10.25,3.8125,10.875],"rotation":0,"texture":"#0","tintindex":0},"down":{"uv":[5.1875,9.25,4.5,10.1875],"rotation":0,"texture":"#0","tintindex":0},"east":{"uv":[8.8125,5.1875,9.75,5.8125],"rotation":0,"texture":"#0","tintindex":0},"west":{"uv":[5.25,9.5,6.1875,10.125],"rotation":0,"texture":"#0","tintindex":0},"up":{"uv":[4.4375,10.1875,3.75,9.25],"rotation":0,"texture":"#0","tintindex":0}}}],"textures":{"0":"modelengine:entity/miniboss/miniboss_goblin"},"display":{"head":{"translation":[0.0,-6.4,0.0],"scale":[4.0,4.0,4.0]}}}