{"elements":[{"from":[4.8571424,2.8571424,4.8571424],"to":[11.142858,8.571428,11.142858],"rotation":{"angle":0.0,"axis":"y","origin":[15.142858,16.0,8.285714]},"faces":{"south":{"uv":[5.25,10.1875,5.9375,10.8125],"rotation":0,"texture":"#0","tintindex":0},"north":{"uv":[2.375,9.9375,3.0625,10.5625],"rotation":0,"texture":"#0","tintindex":0},"down":{"uv":[1.5625,9.8125,0.875,10.5],"rotation":0,"texture":"#0","tintindex":0},"east":{"uv":[10.0,8.125,10.6875,8.75],"rotation":0,"texture":"#0","tintindex":0},"west":{"uv":[7.0,10.1875,7.6875,10.8125],"rotation":0,"texture":"#0","tintindex":0},"up":{"uv":[10.4375,6.5625,9.75,5.875],"rotation":0,"texture":"#0","tintindex":0}}},{"from":[5.428571,1.1428566,5.428571],"to":[10.571428,2.8571424,10.571428],"rotation":{"angle":0.0,"axis":"y","origin":[15.142858,16.0,8.285714]},"faces":{"south":{"uv":[3.125,9.9375,3.6875,10.125],"rotation":0,"texture":"#0","tintindex":0},"north":{"uv":[5.25,9.25,5.8125,9.4375],"rotation":0,"texture":"#0","tintindex":0},"down":{"uv":[11.1875,9.9375,10.625,10.5],"rotation":0,"texture":"#0","tintindex":0},"east":{"uv":[9.8125,5.625,10.375,5.8125],"rotation":0,"texture":"#0","tintindex":0},"west":{"uv":[11.4375,9.3125,12.0,9.5],"rotation":0,"texture":"#0","tintindex":0},"up":{"uv":[2.5625,11.1875,2.0,10.625],"rotation":0,"texture":"#0","tintindex":0}}},{"from":[6.0,0.5714283,6.0],"to":[10.0,4.5714283,10.0],"rotation":{"angle":0.0,"axis":"y","origin":[15.142858,17.142857,8.285714]},"faces":{"south":{"uv":[0.0,11.25,0.4375,11.6875],"rotation":0,"texture":"#0","tintindex":0},"north":{"uv":[10.3125,11.1875,10.75,11.625],"rotation":0,"texture":"#0","tintindex":0},"down":{"uv":[2.5625,11.25,2.125,11.6875],"rotation":0,"texture":"#0","tintindex":0},"east":{"uv":[10.8125,11.1875,11.25,11.625],"rotation":0,"texture":"#0","tintindex":0},"west":{"uv":[1.125,11.25,1.5625,11.6875],"rotation":0,"texture":"#0","tintindex":0},"up":{"uv":[2.0625,11.6875,1.625,11.25],"rotation":0,"texture":"#0","tintindex":0}}},{"from":[8.0,-1.1428576,7.714286],"to":[8.0,0.5714283,8.285714],"rotation":{"angle":0.0,"axis":"y","origin":[15.142858,17.142857,8.285714]},"faces":{"south":{"uv":[10.4375,5.5625,10.4375,5.75],"rotation":0,"texture":"#0","tintindex":0},"north":{"uv":[5.8125,6.75,5.8125,6.9375],"rotation":0,"texture":"#0","tintindex":0},"down":{"uv":[11.0625,5.375,11.0625,5.4375],"rotation":0,"texture":"#0","tintindex":0},"east":{"uv":[5.875,9.25,5.9375,9.4375],"rotation":0,"texture":"#0","tintindex":0},"west":{"uv":[7.875,9.375,7.9375,9.5625],"rotation":0,"texture":"#0","tintindex":0},"up":{"uv":[5.8125,7.0625,5.8125,7.0],"rotation":0,"texture":"#0","tintindex":0}}},{"from":[0.85714245,5.9994287,7.142857],"to":[5.428571,5.9994287,10.0],"rotation":{"angle":0.0,"axis":"y","origin":[26.0,5.713714,-6.8571434]},"faces":{"south":{"uv":[11.125,6.125,11.625,6.125],"rotation":0,"texture":"#0","tintindex":0},"north":{"uv":[3.125,10.1875,3.625,10.1875],"rotation":0,"texture":"#0","tintindex":0},"down":{"uv":[11.8125,3.75,11.3125,4.0625],"rotation":0,"texture":"#0","tintindex":0},"east":{"uv":[8.625,10.1875,8.9375,10.1875],"rotation":0,"texture":"#0","tintindex":0},"west":{"uv":[10.375,8.0625,10.6875,8.0625],"rotation":0,"texture":"#0","tintindex":0},"up":{"uv":[11.8125,2.75,11.3125,2.4375],"rotation":0,"texture":"#0","tintindex":0}}},{"from":[2.142857,6.0,2.5714283],"to":[5.0,6.0,7.142857],"rotation":{"angle":45.0,"axis":"y","origin":[3.5714283,7.428571,3.7142854]},"faces":{"south":{"uv":[11.3125,4.5,11.625,4.5],"rotation":0,"texture":"#0","tintindex":0},"north":{"uv":[11.25,7.25,11.5625,7.25],"rotation":0,"texture":"#0","tintindex":0},"down":{"uv":[6.1875,11.375,5.875,11.875],"rotation":0,"texture":"#0","tintindex":0},"east":{"uv":[11.3125,3.0625,11.8125,3.0625],"rotation":0,"texture":"#0","tintindex":0},"west":{"uv":[11.8125,9.25,12.3125,9.25],"rotation":0,"texture":"#0","tintindex":0},"up":{"uv":[11.625,11.625,11.3125,11.125],"rotation":0,"texture":"#0","tintindex":0}}},{"from":[2.142857,6.0,8.857143],"to":[5.0,6.0,13.428572],"rotation":{"angle":-45.0,"axis":"y","origin":[3.5714283,7.428571,12.285715]},"faces":{"south":{"uv":[12.0,2.625,12.3125,2.625],"rotation":0,"texture":"#0","tintindex":0},"north":{"uv":[11.875,2.75,12.1875,2.75],"rotation":0,"texture":"#0","tintindex":0},"down":{"uv":[8.5625,11.9375,8.25,11.4375],"rotation":0,"texture":"#0","tintindex":0},"east":{"uv":[12.0,2.5625,12.5,2.5625],"rotation":0,"texture":"#0","tintindex":0},"west":{"uv":[12.0,2.6875,12.5,2.6875],"rotation":0,"texture":"#0","tintindex":0},"up":{"uv":[6.5625,11.875,6.25,11.375],"rotation":0,"texture":"#0","tintindex":0}}}],"textures":{"0":"modelengine:entity/miniboss/miniboss_goblin"},"display":{"head":{"translation":[0.0,-6.4,0.0],"scale":[4.0,4.0,4.0]}}}