{"elements":[{"from":[6.5714283,1.1428566,6.5714283],"to":[9.428572,8.0,9.428572],"rotation":{"angle":0.0,"axis":"y","origin":[8.0,8.0,8.0]},"faces":{"south":{"uv":[7.0,10.875,7.3125,11.625],"rotation":0,"texture":"#0","tintindex":0},"north":{"uv":[5.5,10.875,5.8125,11.625],"rotation":0,"texture":"#0","tintindex":0},"down":{"uv":[2.9375,11.6875,2.625,12.0],"rotation":0,"texture":"#0","tintindex":0},"east":{"uv":[10.875,6.5,11.1875,7.25],"rotation":0,"texture":"#0","tintindex":0},"west":{"uv":[7.375,10.875,7.6875,11.625],"rotation":0,"texture":"#0","tintindex":0},"up":{"uv":[10.25,1.6875,9.9375,1.375],"rotation":0,"texture":"#0","tintindex":0}}},{"from":[6.5714283,1.1428566,4.285714],"to":[9.428572,2.8571424,6.5714283],"rotation":{"angle":0.0,"axis":"y","origin":[8.0,8.0,7.857143]},"faces":{"south":{"uv":[11.75,7.5,12.0625,7.6875],"rotation":0,"texture":"#0","tintindex":0},"north":{"uv":[11.75,7.25,12.0625,7.4375],"rotation":0,"texture":"#0","tintindex":0},"down":{"uv":[12.0,11.625,11.6875,11.875],"rotation":0,"texture":"#0","tintindex":0},"east":{"uv":[11.75,9.5625,12.0,9.75],"rotation":0,"texture":"#0","tintindex":0},"west":{"uv":[11.75,9.8125,12.0,10.0],"rotation":0,"texture":"#0","tintindex":0},"up":{"uv":[12.0,11.5625,11.6875,11.3125],"rotation":0,"texture":"#0","tintindex":0}}}],"textures":{"0":"modelengine:entity/miniboss/miniboss_goblin"},"display":{"head":{"translation":[0.0,-6.4,0.0],"scale":[4.0,4.0,4.0]}}}