{"elements":[{"from":[5.428571,2.8571424,5.428571],"to":[10.571428,8.0,10.571428],"rotation":{"angle":0.0,"axis":"y","origin":[0.85714245,16.0,8.285714]},"faces":{"south":{"uv":[10.5,9.3125,11.0625,9.875],"rotation":0,"texture":"#0","tintindex":0},"north":{"uv":[10.375,7.4375,10.9375,8.0],"rotation":0,"texture":"#0","tintindex":0},"down":{"uv":[1.9375,10.625,1.375,11.1875],"rotation":0,"texture":"#0","tintindex":0},"east":{"uv":[10.5,5.5625,11.0625,6.125],"rotation":0,"texture":"#0","tintindex":0},"west":{"uv":[0.75,10.5625,1.3125,11.125],"rotation":0,"texture":"#0","tintindex":0},"up":{"uv":[0.5625,11.1875,0.0,10.625],"rotation":0,"texture":"#0","tintindex":0}}}],"textures":{"0":"modelengine:entity/miniboss/miniboss_goblin"},"display":{"head":{"translation":[0.0,-6.4,0.0],"scale":[4.0,4.0,4.0]}}}