{"elements":[{"from":[10.0,8.0,9.428572],"to":[12.285715,9.714286,13.428572],"rotation":{"angle":0.0,"axis":"y","origin":[11.714286,8.0,12.285715]},"faces":{"south":{"uv":[6.75,0.875,7.25,1.25],"rotation":0,"texture":"#0","tintindex":0},"north":{"uv":[5.375,0.875,5.875,1.25],"rotation":0,"texture":"#0","tintindex":0},"down":{"uv":[6.375,0.0,5.875,0.875],"rotation":0,"texture":"#0","tintindex":0},"east":{"uv":[4.5,0.875,5.375,1.25],"rotation":0,"texture":"#0","tintindex":0},"west":{"uv":[5.875,0.875,6.75,1.25],"rotation":0,"texture":"#0","tintindex":0},"up":{"uv":[5.875,0.875,5.375,0.0],"rotation":0,"texture":"#0","tintindex":0}}},{"from":[11.142858,7.9428573,8.285714],"to":[11.714286,9.085714,10.0],"rotation":{"angle":0.0,"axis":"y","origin":[11.142858,7.9428573,11.714286]},"faces":{"south":{"uv":[5.375,3.875,5.5,4.125],"rotation":0,"texture":"#0","tintindex":0},"north":{"uv":[4.875,3.875,5.0,4.125],"rotation":0,"texture":"#0","tintindex":0},"down":{"uv":[5.125,3.5,5.0,3.875],"rotation":0,"texture":"#0","tintindex":0},"east":{"uv":[4.5,3.875,4.875,4.125],"rotation":0,"texture":"#0","tintindex":0},"west":{"uv":[5.0,3.875,5.375,4.125],"rotation":0,"texture":"#0","tintindex":0},"up":{"uv":[5.0,3.875,4.875,3.5],"rotation":0,"texture":"#0","tintindex":0}}},{"from":[11.857143,7.9428573,8.285714],"to":[12.428572,9.085714,10.571428],"rotation":{"angle":0.0,"axis":"y","origin":[11.857143,7.9428573,11.714286]},"faces":{"south":{"uv":[2.625,7.5,2.75,7.75],"rotation":0,"texture":"#0","tintindex":0},"north":{"uv":[2.0,7.5,2.125,7.75],"rotation":0,"texture":"#0","tintindex":0},"down":{"uv":[2.25,7.0,2.125,7.5],"rotation":0,"texture":"#0","tintindex":0},"east":{"uv":[1.5,7.5,2.0,7.75],"rotation":0,"texture":"#0","tintindex":0},"west":{"uv":[2.125,7.5,2.625,7.75],"rotation":0,"texture":"#0","tintindex":0},"up":{"uv":[2.125,7.5,2.0,7.0],"rotation":0,"texture":"#0","tintindex":0}}},{"from":[10.428572,7.9428573,8.428572],"to":[11.0,9.085714,11.285714],"rotation":{"angle":0.0,"axis":"y","origin":[10.428572,7.9428573,11.857143]},"faces":{"south":{"uv":[9.375,3.625,9.5,3.875],"rotation":0,"texture":"#0","tintindex":0},"north":{"uv":[8.625,3.625,8.75,3.875],"rotation":0,"texture":"#0","tintindex":0},"down":{"uv":[8.875,3.0,8.75,3.625],"rotation":0,"texture":"#0","tintindex":0},"east":{"uv":[8.0,3.625,8.625,3.875],"rotation":0,"texture":"#0","tintindex":0},"west":{"uv":[8.75,3.625,9.375,3.875],"rotation":0,"texture":"#0","tintindex":0},"up":{"uv":[8.75,3.625,8.625,3.0],"rotation":0,"texture":"#0","tintindex":0}}},{"from":[9.714286,7.9428573,8.714286],"to":[10.285714,9.085714,11.571428],"rotation":{"angle":0.0,"axis":"y","origin":[10.0,8.514286,10.142858]},"faces":{"south":{"uv":[1.375,7.625,1.5,7.875],"rotation":0,"texture":"#0","tintindex":0},"north":{"uv":[0.625,7.625,0.75,7.875],"rotation":0,"texture":"#0","tintindex":0},"down":{"uv":[0.875,7.0,0.75,7.625],"rotation":0,"texture":"#0","tintindex":0},"east":{"uv":[0.0,7.625,0.625,7.875],"rotation":0,"texture":"#0","tintindex":0},"west":{"uv":[0.75,7.625,1.375,7.875],"rotation":0,"texture":"#0","tintindex":0},"up":{"uv":[0.75,7.625,0.625,7.0],"rotation":0,"texture":"#0","tintindex":0}}},{"from":[8.428572,16.0,11.428572],"to":[10.142858,23.428572,13.142858],"rotation":{"angle":0.0,"axis":"y","origin":[9.285714,22.57143,12.285715]},"faces":{"south":{"uv":[6.625,2.875,7.0,4.5],"rotation":0,"texture":"#0","tintindex":0},"north":{"uv":[5.875,2.875,6.25,4.5],"rotation":0,"texture":"#0","tintindex":0},"down":{"uv":[6.625,2.5,6.25,2.875],"rotation":0,"texture":"#0","tintindex":0},"east":{"uv":[5.5,2.875,5.875,4.5],"rotation":0,"texture":"#0","tintindex":0},"west":{"uv":[6.25,2.875,6.625,4.5],"rotation":0,"texture":"#0","tintindex":0},"up":{"uv":[6.25,2.875,5.875,2.5],"rotation":0,"texture":"#0","tintindex":0}}},{"from":[15.0,16.0,11.428572],"to":[16.714287,23.428572,13.142858],"rotation":{"angle":0.0,"axis":"y","origin":[15.857143,22.57143,12.285715]},"faces":{"south":{"uv":[7.0,2.875,6.625,4.5],"rotation":0,"texture":"#0","tintindex":0},"north":{"uv":[6.25,2.875,5.875,4.5],"rotation":0,"texture":"#0","tintindex":0},"down":{"uv":[6.25,2.5,6.625,2.875],"rotation":0,"texture":"#0","tintindex":0},"east":{"uv":[6.625,2.875,6.25,4.5],"rotation":0,"texture":"#0","tintindex":0},"west":{"uv":[5.875,2.875,5.5,4.5],"rotation":0,"texture":"#0","tintindex":0},"up":{"uv":[5.875,2.875,6.25,2.5],"rotation":0,"texture":"#0","tintindex":0}}},{"from":[15.428572,16.57143,9.714286],"to":[16.57143,17.714287,14.285715],"rotation":{"angle":0.0,"axis":"y","origin":[16.57143,16.0,10.857143]},"faces":{"south":{"uv":[6.75,2.25,7.0,2.5],"rotation":0,"texture":"#0","tintindex":0},"north":{"uv":[5.5,2.25,5.75,2.5],"rotation":0,"texture":"#0","tintindex":0},"down":{"uv":[6.0,1.25,5.75,2.25],"rotation":0,"texture":"#0","tintindex":0},"east":{"uv":[4.5,2.25,5.5,2.5],"rotation":0,"texture":"#0","tintindex":0},"west":{"uv":[5.75,2.25,6.75,2.5],"rotation":0,"texture":"#0","tintindex":0},"up":{"uv":[5.75,2.25,5.5,1.25],"rotation":0,"texture":"#0","tintindex":0}}},{"from":[14.857143,16.0,0.0],"to":[17.142857,18.285715,10.285714],"rotation":{"angle":0.0,"axis":"y","origin":[16.57143,16.0,6.285714]},"faces":{"south":{"uv":[5.0,6.5,5.5,7.0],"rotation":0,"texture":"#0","tintindex":0},"north":{"uv":[2.25,6.5,2.75,7.0],"rotation":0,"texture":"#0","tintindex":0},"down":{"uv":[3.25,4.25,2.75,6.5],"rotation":0,"texture":"#0","tintindex":0},"east":{"uv":[0.0,6.5,2.25,7.0],"rotation":0,"texture":"#0","tintindex":0},"west":{"uv":[2.75,6.5,5.0,7.0],"rotation":0,"texture":"#0","tintindex":0},"up":{"uv":[2.75,6.5,2.25,4.25],"rotation":0,"texture":"#0","tintindex":0}}},{"from":[10.285714,9.142858,11.428572],"to":[12.0,16.57143,13.142858],"rotation":{"angle":0.0,"axis":"y","origin":[11.428572,9.142858,12.571428]},"faces":{"south":{"uv":[6.625,4.875,7.0,6.5],"rotation":0,"texture":"#0","tintindex":0},"north":{"uv":[5.875,4.875,6.25,6.5],"rotation":0,"texture":"#0","tintindex":0},"down":{"uv":[6.625,4.5,6.25,4.875],"rotation":0,"texture":"#0","tintindex":0},"east":{"uv":[5.5,4.875,5.875,6.5],"rotation":0,"texture":"#0","tintindex":0},"west":{"uv":[6.25,4.875,6.625,6.5],"rotation":0,"texture":"#0","tintindex":0},"up":{"uv":[6.25,4.875,5.875,4.5],"rotation":0,"texture":"#0","tintindex":0}}},{"from":[12.857143,8.0,9.428572],"to":[15.142858,9.714286,13.428572],"rotation":{"angle":0.0,"axis":"y","origin":[13.428572,8.0,12.285715]},"faces":{"south":{"uv":[7.25,0.875,6.75,1.25],"rotation":0,"texture":"#0","tintindex":0},"north":{"uv":[5.875,0.875,5.375,1.25],"rotation":0,"texture":"#0","tintindex":0},"down":{"uv":[5.875,0.0,6.375,0.875],"rotation":0,"texture":"#0","tintindex":0},"east":{"uv":[6.75,0.875,5.875,1.25],"rotation":0,"texture":"#0","tintindex":0},"west":{"uv":[5.375,0.875,4.5,1.25],"rotation":0,"texture":"#0","tintindex":0},"up":{"uv":[5.375,0.875,5.875,0.0],"rotation":0,"texture":"#0","tintindex":0}}},{"from":[13.142858,9.142858,11.428572],"to":[14.857143,16.57143,13.142858],"rotation":{"angle":0.0,"axis":"y","origin":[13.714286,9.142858,12.571428]},"faces":{"south":{"uv":[7.0,4.875,6.625,6.5],"rotation":0,"texture":"#0","tintindex":0},"north":{"uv":[6.25,4.875,5.875,6.5],"rotation":0,"texture":"#0","tintindex":0},"down":{"uv":[6.25,4.5,6.625,4.875],"rotation":0,"texture":"#0","tintindex":0},"east":{"uv":[6.625,4.875,6.25,6.5],"rotation":0,"texture":"#0","tintindex":0},"west":{"uv":[5.875,4.875,5.5,6.5],"rotation":0,"texture":"#0","tintindex":0},"up":{"uv":[5.875,4.875,6.25,4.5],"rotation":0,"texture":"#0","tintindex":0}}},{"from":[13.428572,7.9428573,8.285714],"to":[14.0,9.085714,10.0],"rotation":{"angle":0.0,"axis":"y","origin":[14.0,7.9428573,11.714286]},"faces":{"south":{"uv":[5.5,3.875,5.375,4.125],"rotation":0,"texture":"#0","tintindex":0},"north":{"uv":[5.0,3.875,4.875,4.125],"rotation":0,"texture":"#0","tintindex":0},"down":{"uv":[5.0,3.5,5.125,3.875],"rotation":0,"texture":"#0","tintindex":0},"east":{"uv":[5.375,3.875,5.0,4.125],"rotation":0,"texture":"#0","tintindex":0},