{"elements":[{"from":[7.142857,4.8571424,7.428571],"to":[8.857143,6.5714283,8.571428],"rotation":{"angle":0.0,"axis":"y","origin":[8.0,11.0,8.0]},"faces":{"south":{"uv":[0.5625,7.9375,0.75,8.125],"rotation":0,"texture":"#0","tintindex":0},"north":{"uv":[0.5625,7.9375,0.75,8.125],"rotation":0,"texture":"#0","tintindex":0},"down":{"uv":[7.25,7.9375,7.0625,8.0625],"rotation":0,"texture":"#0","tintindex":0},"east":{"uv":[7.9375,6.625,8.0625,6.8125],"rotation":0,"texture":"#0","tintindex":0},"west":{"uv":[7.9375,6.8125,8.0625,7.0],"rotation":0,"texture":"#0","tintindex":0},"up":{"uv":[7.3125,2.0,7.125,1.875],"rotation":0,"texture":"#0","tintindex":0}}},{"from":[7.142857,9.428572,7.142857],"to":[8.857143,11.142858,8.857143],"rotation":{"angle":0.0,"axis":"y","origin":[8.0,11.0,8.0]},"faces":{"south":{"uv":[7.9375,0.5625,8.125,0.75],"rotation":0,"texture":"#0","tintindex":0},"north":{"uv":[7.9375,0.5625,8.125,0.75],"rotation":0,"texture":"#0","tintindex":0},"down":{"uv":[8.125,1.125,7.9375,1.3125],"rotation":0,"texture":"#0","tintindex":0},"east":{"uv":[0.75,7.9375,0.9375,8.125],"rotation":0,"texture":"#0","tintindex":0},"west":{"uv":[0.9375,7.9375,1.125,8.125],"rotation":0,"texture":"#0","tintindex":0},"up":{"uv":[1.3125,8.125,1.125,7.9375],"rotation":0,"texture":"#0","tintindex":0}}},{"from":[8.5050745,10.564252,7.428571],"to":[10.790789,11.7071085,8.571428],"rotation":{"angle":-45.0,"axis":"z","origin":[8.0,11.0,8.0]},"faces":{"south":{"uv":[7.75,5.8125,8.0,5.9375],"rotation":0,"texture":"#0","tintindex":0},"north":{"uv":[7.625,1.625,7.875,1.75],"rotation":0,"texture":"#0","tintindex":0},"down":{"uv":[8.125,7.5625,7.875,7.6875],"rotation":0,"texture":"#0","tintindex":0},"east":{"uv":[3.875,6.75,4.0,6.875],"rotation":0,"texture":"#0","tintindex":0},"west":{"uv":[7.1875,2.3125,7.3125,2.4375],"rotation":0,"texture":"#0","tintindex":0},"up":{"uv":[8.125,1.75,7.875,1.625],"rotation":0,"texture":"#0","tintindex":0}}},{"from":[9.647931,11.7071085,7.428571],"to":[10.790789,12.849966,8.571428],"rotation":{"angle":-45.0,"axis":"z","origin":[8.0,11.0,8.0]},"faces":{"south":{"uv":[2.1875,7.8125,2.3125,7.9375],"rotation":0,"texture":"#0","tintindex":0},"north":{"uv":[7.5,1.125,7.625,1.25],"rotation":0,"texture":"#0","tintindex":0},"down":{"uv":[0.125,8.0,0.0,8.125],"rotation":0,"texture":"#0","tintindex":0},"east":{"uv":[0.1875,7.8125,0.3125,7.9375],"rotation":0,"texture":"#0","tintindex":0},"west":{"uv":[7.25,7.9375,7.375,8.0625],"rotation":0,"texture":"#0","tintindex":0},"up":{"uv":[7.5,8.0625,7.375,7.9375],"rotation":0,"texture":"#0","tintindex":0}}},{"from":[5.2092113,10.564252,7.428571],"to":[7.4949255,11.7071085,8.571428],"rotation":{"angle":45.0,"axis":"z","origin":[8.0,11.0,8.0]},"faces":{"south":{"uv":[2.1875,7.9375,2.4375,8.0625],"rotation":0,"texture":"#0","tintindex":0},"north":{"uv":[7.9375,1.3125,8.1875,1.4375],"rotation":0,"texture":"#0","tintindex":0},"down":{"uv":[8.1875,4.9375,7.9375,5.0625],"rotation":0,"texture":"#0","tintindex":0},"east":{"uv":[8.0,0.0,8.125,0.125],"rotation":0,"texture":"#0","tintindex":0},"west":{"uv":[1.4375,8.0,1.5625,8.125],"rotation":0,"texture":"#0","tintindex":0},"up":{"uv":[8.1875,4.9375,7.9375,4.8125],"rotation":0,"texture":"#0","tintindex":0}}},{"from":[5.2092113,11.7071085,7.428571],"to":[6.3520684,12.849966,8.571428],"rotation":{"angle":45.0,"axis":"z","origin":[8.0,11.0,8.0]},"faces":{"south":{"uv":[1.8125,8.0,1.9375,8.125],"rotation":0,"texture":"#0","tintindex":0},"north":{"uv":[1.5625,8.0,1.6875,8.125],"rotation":0,"texture":"#0","tintindex":0},"down":{"uv":[8.125,2.0,8.0,2.125],"rotation":0,"texture":"#0","tintindex":0},"east":{"uv":[1.6875,8.0,1.8125,8.125],"rotation":0,"texture":"#0","tintindex":0},"west":{"uv":[8.0,1.875,8.125,2.0],"rotation":0,"texture":"#0","tintindex":0},"up":{"uv":[2.0625,8.125,1.9375,8.0],"rotation":0,"texture":"#0","tintindex":0}}},{"from":[7.428571,6.5714283,7.714286],"to":[8.571428,9.428572,8.285714],"rotation":{"angle":0.0,"axis":"y","origin":[8.0,11.0,8.0]},"faces":{"south":{"uv":[5.0625,7.75,5.1875,8.0625],"rotation":0,"texture":"#0","tintindex":0},"north":{"uv":[4.9375,7.75,5.0625,8.0625],"rotation":0,"texture":"#0","tintindex":0},"down":{"uv":[5.75,1.25,5.625,1.3125],"rotation":0,"texture":"#0","tintindex":0},"east":{"uv":[6.375,1.625,6.4375,1.9375],"rotation":0,"texture":"#0","tintindex":0},"west":{"uv":[6.875,4.3125,6.9375,4.625],"rotation":0,"texture":"#0","tintindex":0},"up":{"uv":[5.6875,2.625,5.5625,2.5625],"rotation":0,"texture":"#0","tintindex":0}}},{"from":[4.5714283,8.857143,8.0],"to":[11.428572,23.714287,8.0],"rotation":{"angle":0.0,"axis":"y","origin":[8.0,11.0,8.0]},"faces":{"south":{"uv":[1.5625,1.75,0.8125,3.375],"rotation":0,"texture":"#0","tintindex":0},"north":{"uv":[0.8125,1.75,1.5625,3.375],"rotation":0,"texture":"#0","tintindex":0},"down":{"uv":[0.75,0.0,0.0,0.0],"rotation":0,"texture":"#0","tintindex":0},"east":{"uv":[0.0,0.0,0.0,1.625],"rotation":0,"texture":"#0","tintindex":0},"west":{"uv":[0.0,0.0,0.0,1.625],"rotation":0,"texture":"#0","tintindex":0},"up":{"uv":[0.75,0.0,0.0,0.0],"rotation":0,"texture":"#0","tintindex":0}}}],"textures":{"0":"modelengine:entity/monaska_1faza/monaska_2"},"display":{"head":{"translation":[0.0,-6.4,0.0],"scale":[4.0,4.0,4.0]}}}