{"elements":[{"from":[7.142655,6.857143,7.191676],"to":[8.856941,8.0,8.905962],"rotation":{"angle":0.0,"axis":"y","origin":[6.5714283,10.285714,6.857143]},"faces":{"south":{"uv":[8.0,2.0,8.375,2.25],"rotation":0,"texture":"#0","tintindex":0},"north":{"uv":[0.5,8.0,0.875,8.25],"rotation":0,"texture":"#0","tintindex":0},"down":{"uv":[4.75,7.625,4.375,8.0],"rotation":0,"texture":"#0","tintindex":0},"east":{"uv":[1.75,8.0,2.125,8.25],"rotation":0,"texture":"#0","tintindex":0},"west":{"uv":[8.0,4.0,8.375,4.25],"rotation":0,"texture":"#0","tintindex":0},"up":{"uv":[3.625,8.0,3.25,7.625],"rotation":0,"texture":"#0","tintindex":0}}},{"from":[6.8569407,5.428571,6.9059615],"to":[9.142655,6.0,9.191676],"rotation":{"angle":0.0,"axis":"y","origin":[6.5714283,10.571428,6.857143]},"faces":{"south":{"uv":[8.125,7.625,8.625,7.75],"rotation":0,"texture":"#0","tintindex":0},"north":{"uv":[8.125,6.875,8.625,7.0],"rotation":0,"texture":"#0","tintindex":0},"down":{"uv":[7.125,4.375,6.625,4.875],"rotation":0,"texture":"#0","tintindex":0},"east":{"uv":[7.125,8.125,7.625,8.25],"rotation":0,"texture":"#0","tintindex":0},"west":{"uv":[7.75,8.125,8.25,8.25],"rotation":0,"texture":"#0","tintindex":0},"up":{"uv":[7.125,4.25,6.625,3.75],"rotation":0,"texture":"#0","tintindex":0}}},{"from":[6.5712266,6.0,6.6202474],"to":[9.4283695,7.142857,9.47739],"rotation":{"angle":0.0,"axis":"y","origin":[6.5714283,10.571428,6.857143]},"faces":{"south":{"uv":[7.625,0.75,8.25,1.0],"rotation":0,"texture":"#0","tintindex":0},"north":{"uv":[7.125,7.375,7.75,7.625],"rotation":0,"texture":"#0","tintindex":0},"down":{"uv":[1.375,5.625,0.75,6.25],"rotation":0,"texture":"#0","tintindex":0},"east":{"uv":[0.5,7.625,1.125,7.875],"rotation":0,"texture":"#0","tintindex":0},"west":{"uv":[7.625,1.125,8.25,1.375],"rotation":0,"texture":"#0","tintindex":0},"up":{"uv":[0.625,6.25,0.0,5.625],"rotation":0,"texture":"#0","tintindex":0}}},{"from":[6.8569407,4.285714,5.7631044],"to":[9.142655,5.428571,9.191676],"rotation":{"angle":0.0,"axis":"y","origin":[6.5714283,10.571428,6.857143]},"faces":{"south":{"uv":[7.625,6.5,8.125,6.75],"rotation":0,"texture":"#0","tintindex":0},"north":{"uv":[5.875,7.625,6.375,7.875],"rotation":0,"texture":"#0","tintindex":0},"down":{"uv":[3.875,5.75,3.375,6.5],"rotation":0,"texture":"#0","tintindex":0},"east":{"uv":[3.25,7.25,4.0,7.5],"rotation":0,"texture":"#0","tintindex":0},"west":{"uv":[7.25,3.625,8.0,3.875],"rotation":0,"texture":"#0","tintindex":0},"up":{"uv":[3.25,6.5,2.75,5.75],"rotation":0,"texture":"#0","tintindex":0}}},{"from":[6.742857,4.742857,5.028571],"to":[7.542857,5.542857,6.4],"rotation":{"angle":0.0,"axis":"y","origin":[8.0,4.8571424,5.142857]},"faces":{"south":{"uv":[8.875,8.375,9.0,8.5],"rotation":0,"texture":"#0","tintindex":0},"north":{"uv":[8.375,8.875,8.5,9.0],"rotation":0,"texture":"#0","tintindex":0},"down":{"uv":[0.875,8.875,0.75,9.125],"rotation":0,"texture":"#0","tintindex":0},"east":{"uv":[6.375,8.75,6.625,8.875],"rotation":0,"texture":"#0","tintindex":0},"west":{"uv":[6.75,8.75,7.0,8.875],"rotation":0,"texture":"#0","tintindex":0},"up":{"uv":[8.875,7.75,8.75,7.5],"rotation":0,"texture":"#0","tintindex":0}}},{"from":[7.885714,4.742857,5.028571],"to":[9.257143,5.542857,6.4],"rotation":{"angle":0.0,"axis":"y","origin":[9.142858,4.8571424,5.142857]},"faces":{"south":{"uv":[2.0,8.875,2.25,9.0],"rotation":0,"texture":"#0","tintindex":0},"north":{"uv":[8.75,6.875,9.0,7.0],"rotation":0,"texture":"#0","tintindex":0},"down":{"uv":[6.375,8.375,6.125,8.625],"rotation":0,"texture":"#0","tintindex":0},"east":{"uv":[8.75,7.875,9.0,8.0],"rotation":0,"texture":"#0","tintindex":0},"west":{"uv":[8.875,2.25,9.125,2.375],"rotation":0,"texture":"#0","tintindex":0},"up":{"uv":[8.625,5.875,8.375,5.625],"rotation":0,"texture":"#0","tintindex":0}}}],"textures":{"0":"modelengine:entity/goblins/goblin_1"},"display":{"head":{"translation":[0.0,-6.4,0.0],"scale":[4.0,4.0,4.0]}}}