{"elements":[{"from":[5.714286,8.0,5.714286],"to":[10.285714,12.571428,10.285714],"rotation":{"angle":0.0,"axis":"y","origin":[8.0,10.285714,8.0]},"faces":{"south":{"uv":[3.75,3.5,4.75,4.5],"rotation":0,"texture":"#0","tintindex":0},"north":{"uv":[3.75,1.25,4.75,2.25],"rotation":0,"texture":"#0","tintindex":0},"down":{"uv":[3.25,4.0,2.25,5.0],"rotation":0,"texture":"#0","tintindex":0},"east":{"uv":[3.75,2.375,4.75,3.375],"rotation":0,"texture":"#0","tintindex":0},"west":{"uv":[3.875,0.0,4.875,1.0],"rotation":0,"texture":"#0","tintindex":0},"up":{"uv":[1.0,5.0,0.0,4.0],"rotation":0,"texture":"#0","tintindex":0}}},{"from":[9.142858,5.142857,5.142857],"to":[10.285714,9.142858,6.285714],"rotation":{"angle":0.0,"axis":"y","origin":[8.571428,8.0,5.142857]},"faces":{"south":{"uv":[9.75,0.625,10.0,1.5],"rotation":0,"texture":"#0","tintindex":0},"north":{"uv":[2.25,9.625,2.5,10.5],"rotation":0,"texture":"#0","tintindex":0},"down":{"uv":[11.875,2.875,11.625,3.125],"rotation":0,"texture":"#0","tintindex":0},"east":{"uv":[0.375,9.75,0.625,10.625],"rotation":0,"texture":"#0","tintindex":0},"west":{"uv":[0.75,9.75,1.0,10.625],"rotation":0,"texture":"#0","tintindex":0},"up":{"uv":[11.875,2.75,11.625,2.5],"rotation":0,"texture":"#0","tintindex":0}}},{"from":[8.571428,9.142858,5.142857],"to":[9.714286,9.714286,6.285714],"rotation":{"angle":0.0,"axis":"y","origin":[7.428571,9.142858,5.142857]},"faces":{"south":{"uv":[6.625,7.5,6.875,7.625],"rotation":0,"texture":"#0","tintindex":0},"north":{"uv":[2.25,3.75,2.5,3.875],"rotation":0,"texture":"#0","tintindex":0},"down":{"uv":[6.625,11.625,6.375,11.875],"rotation":0,"texture":"#0","tintindex":0},"east":{"uv":[5.125,7.25,5.375,7.375],"rotation":0,"texture":"#0","tintindex":0},"west":{"uv":[9.5,3.625,9.75,3.75],"rotation":0,"texture":"#0","tintindex":0},"up":{"uv":[6.25,11.875,6.0,11.625],"rotation":0,"texture":"#0","tintindex":0}}},{"from":[5.714286,11.428572,5.142857],"to":[10.285714,12.571428,5.714286],"rotation":{"angle":0.0,"axis":"y","origin":[6.285714,10.857143,4.5714283]},"faces":{"south":{"uv":[3.5,9.0,4.5,9.25],"rotation":0,"texture":"#0","tintindex":0},"north":{"uv":[9.0,2.625,10.0,2.875],"rotation":0,"texture":"#0","tintindex":0},"down":{"uv":[7.375,0.625,6.375,0.75],"rotation":0,"texture":"#0","tintindex":0},"east":{"uv":[7.875,7.375,8.0,7.625],"rotation":0,"texture":"#0","tintindex":0},"west":{"uv":[4.75,8.5,4.875,8.75],"rotation":0,"texture":"#0","tintindex":0},"up":{"uv":[6.0,1.0,5.0,0.875],"rotation":0,"texture":"#0","tintindex":0}}},{"from":[5.714286,11.428572,10.285714],"to":[10.285714,12.571428,10.857143],"rotation":{"angle":0.0,"axis":"y","origin":[6.285714,10.857143,9.714286]},"faces":{"south":{"uv":[7.875,9.0,8.875,9.25],"rotation":0,"texture":"#0","tintindex":0},"north":{"uv":[9.0,6.875,10.0,7.125],"rotation":0,"texture":"#0","tintindex":0},"down":{"uv":[11.5,6.0,10.5,6.125],"rotation":0,"texture":"#0","tintindex":0},"east":{"uv":[11.875,7.875,12.0,8.125],"rotation":0,"texture":"#0","tintindex":0},"west":{"uv":[9.0,11.875,9.125,12.125],"rotation":0,"texture":"#0","tintindex":0},"up":{"uv":[11.25,2.5,10.25,2.375],"rotation":0,"texture":"#0","tintindex":0}}},{"from":[10.285714,11.428572,5.142857],"to":[10.857143,12.571428,10.857143],"rotation":{"angle":0.0,"axis":"y","origin":[6.857143,10.857143,9.714286]},"faces":{"south":{"uv":[9.5,11.875,9.625,12.125],"rotation":0,"texture":"#0","tintindex":0},"north":{"uv":[9.25,11.875,9.375,12.125],"rotation":0,"texture":"#0","tintindex":0},"down":{"uv":[9.0,10.125,8.875,11.375],"rotation":0,"texture":"#0","tintindex":0},"east":{"uv":[8.125,3.5,9.375,3.75],"rotation":0,"texture":"#0","tintindex":0},"west":{"uv":[8.25,0.5,9.5,0.75],"rotation":0,"texture":"#0","tintindex":0},"up":{"uv":[4.0,11.25,3.875,10.0],"rotation":0,"texture":"#0","tintindex":0}}},{"from":[5.142857,11.428572,5.142857],"to":[5.714286,12.571428,10.857143],"rotation":{"angle":0.0,"axis":"y","origin":[1.7142854,10.857143,9.714286]},"faces":{"south":{"uv":[10.0,11.875,10.125,12.125],"rotation":0,"texture":"#0","tintindex":0},"north":{"uv":[9.75,11.875,9.875,12.125],"rotation":0,"texture":"#0","tintindex":0},"down":{"uv":[1.875,10.25,1.75,11.5],"rotation":0,"texture":"#0","tintindex":0},"east":{"uv":[5.875,8.5,7.125,8.75],"rotation":0,"texture":"#0","tintindex":0},"west":{"uv":[8.625,3.875,9.875,4.125],"rotation":0,"texture":"#0","tintindex":0},"up":{"uv":[1.625,11.5,1.5,10.25],"rotation":0,"texture":"#0","tintindex":0}}},{"from":[5.714286,12.0,5.714286],"to":[10.285714,13.714286,10.285714],"rotation":{"angle":0.0,"axis":"y","origin":[6.285714,12.0,5.142857]},"faces":{"south":{"uv":[2.75,8.0,3.75,8.375],"rotation":0,"texture":"#0","tintindex":0},"north":{"uv":[7.875,6.875,8.875,7.25],"rotation":0,"texture":"#0","tintindex":0},"down":{"uv":[5.5,4.625,4.5,5.625],"rotation":0,"texture":"#0","tintindex":0},"east":{"uv":[8.0,1.625,9.0,2.0],"rotation":0,"texture":"#0","tintindex":0},"west":{"uv":[3.875,8.0,4.875,8.375],"rotation":0,"texture":"#0","tintindex":0},"up":{"uv":[4.375,5.625,3.375,4.625],"rotation":0,"texture":"#0","tintindex":0}}},{"from":[7.428571,12.571428,5.142857],"to":[8.571428,14.285715,5.714286],"rotation":{"angle":0.0,"axis":"y","origin":[6.285714,12.571428,4.5714283]},"faces":{"south":{"uv":[7.875,11.25,8.125,11.625],"rotation":0,"texture":"#0","tintindex":0},"north":{"uv":[1.625,9.125,1.875,9.5],"rotation":0,"texture":"#0","tintindex":0},"down":{"uv":[10.5,0.375,10.25,0.5],"rotation":0,"texture":"#0","tintindex":0},"east":{"uv":[7.875,8.5,8.0,8.875],"rotation":0,"texture":"#0","tintindex":0},"west":{"uv":[9.25,3.0,9.375,3.375],"rotation":0,"texture":"#0","tintindex":0},"up":{"uv":[10.375,3.5,10.125,3.375],"rotation":0,"texture":"#0","tintindex":0}}},{"from":[7.428571,12.571428,10.285714],"to":[8.571428,14.285715,10.857143],"rotation":{"angle":0.0,"axis":"y","origin":[6.285714,12.571428,9.714286]},"faces":{"south":{"uv":[11.375,1.25,11.625,1.625],"rotation":0,"texture":"#0","tintindex":0},"north":{"uv":[11.25,11.125,11.5,11.5],"rotation":0,"texture":"#0","tintindex":0},"down":{"uv":[12.125,5.0,11.875,5.125],"rotation":0,"texture":"#0","tintindex":0},"east":{"uv":[9.375,0.0,9.5,0.375],"rotation":0,"texture":"#0","tintindex":0},"west":{"uv":[4.375,9.375,4.5,9.75],"rotation":0,"texture":"#0","tintindex":0},"up":{"uv":[11.875,3.375,11.625,3.25],"rotation":0,"texture":"#0","tintindex":0}}},{"from":[7.428571,13.714286,5.714286],"to":[8.571428,14.285715,10.285714],"rotation":{"angle":0.0,"axis":"y","origin":[6.285714,12.571428,9.142858]},"faces":{"south":{"uv":[10.25,11.875,10.5,12.0],"rotation":0,"texture":"#0","tintindex":0},"north":{"uv":[11.875,8.25,12.125,8.375],"rotation":0,"texture":"#0","tintindex":0},"down":{"uv":[0.25,9.125,0.0,10.125],"rotation":0,"texture":"#0","tintindex":0},"east":{"uv":[10.5,7.5,11.5,7.625],"rotation":0,"texture":"#0","tintindex":0},"west":{"uv":[10.625,4.125,11.625,4.25],"rotation":0,"texture":"#0","tintindex":0},"up":{"uv":[9.25,9.375,9.0,8.375],"rotation":0,"texture":"#0","tintindex":0}}},{"from":[4.508577,8.382688,5.428571],"to":[5.0800056,11.811259,11.142858],"rotation":{"angle":-22.5,"axis":"z","origin":[4.7942915,10.096973,8.285714]},"faces":{"south":{"uv":[10.625,11.25,10.75,12.0],"rotation":0,"texture":"#0","tintindex":0},"north":{"uv":[8.25,11.25,8.375,12.0],"rotation":0,"texture":"#0","tintindex":0},"down":{"uv":[6.25,10.25,6.125,11.5],"rotation":0,"texture":"#0","tintindex":0},"east":{"uv":[4.875,1.125,6.125,1.875],"rotation":0,"texture":"#0","tintindex":0},"west":{"uv":[4.875,2.0,6.125,2.75],"rotation":0,"texture":"#0","tintindex":0},"up":{"uv":[2.125,11.5,2.0,10.25],"rotation":0,"texture":"#0","tintindex":0}}},{"from":[10.919994,8.23983,5.428571],"to":[11.491423,11.668402,11.142858],"rotation":{"angle":22.5,"axis":"z","origin":[11.2057085,9.954116,8.285714]},"faces":{"south":{"uv":[11.375,2.625,11.5,3.375],"rotation":0,"texture":"#0","tintindex":0},"north":{"uv":[11.375,1.75,11.5,2.5],"rotation":0,"texture":"#0","tintindex":0},