{"elements":[{"from":[7.142857,1.9999995,6.714286],"to":[9.428572,4.285714,9.0],"rotation":{"angle":0.0,"axis":"y","origin":[8.285714,1.4285712,6.714286]},"faces":{"south":{"uv":[9.375,9.125,9.875,9.625],"rotation":0,"texture":"#0","tintindex":0},"north":{"uv":[9.375,7.875,9.875,8.375],"rotation":0,"texture":"#0","tintindex":0},"down":{"uv":[9.0,9.5,8.5,10.0],"rotation":0,"texture":"#0","tintindex":0},"east":{"uv":[9.375,8.5,9.875,9.0],"rotation":0,"texture":"#0","tintindex":0},"west":{"uv":[2.625,9.5,3.125,10.0],"rotation":0,"texture":"#0","tintindex":0},"up":{"uv":[10.0,3.5,9.5,3.0],"rotation":0,"texture":"#0","tintindex":0}}},{"from":[6.857143,3.7142854,6.428571],"to":[9.714286,4.8571424,9.285714],"rotation":{"angle":0.0,"axis":"y","origin":[8.0,3.142857,7.0]},"faces":{"south":{"uv":[10.625,3.375,11.25,3.625],"rotation":0,"texture":"#0","tintindex":0},"north":{"uv":[10.625,1.625,11.25,1.875],"rotation":0,"texture":"#0","tintindex":0},"down":{"uv":[8.5,4.625,7.875,5.25],"rotation":0,"texture":"#0","tintindex":0},"east":{"uv":[10.625,2.0,11.25,2.25],"rotation":0,"texture":"#0","tintindex":0},"west":{"uv":[10.625,3.75,11.25,4.0],"rotation":0,"texture":"#0","tintindex":0},"up":{"uv":[8.5,4.5,7.875,3.875],"rotation":0,"texture":"#0","tintindex":0}}},{"from":[7.142857,4.8571424,6.714286],"to":[9.428572,6.5714283,9.0],"rotation":{"angle":0.0,"axis":"y","origin":[8.285714,4.285714,6.714286]},"faces":{"south":{"uv":[10.125,1.125,10.625,1.5],"rotation":0,"texture":"#0","tintindex":0},"north":{"uv":[10.0,9.125,10.5,9.5],"rotation":0,"texture":"#0","tintindex":0},"down":{"uv":[2.125,9.625,1.625,10.125],"rotation":0,"texture":"#0","tintindex":0},"east":{"uv":[10.125,0.625,10.625,1.0],"rotation":0,"texture":"#0","tintindex":0},"west":{"uv":[2.625,10.125,3.125,10.5],"rotation":0,"texture":"#0","tintindex":0},"up":{"uv":[10.125,0.5,9.625,0.0],"rotation":0,"texture":"#0","tintindex":0}}},{"from":[7.142857,6.5714283,6.285714],"to":[10.0,9.428572,9.714286],"rotation":{"angle":0.0,"axis":"y","origin":[8.285714,6.5714283,6.285714]},"faces":{"south":{"uv":[7.875,6.125,8.5,6.75],"rotation":0,"texture":"#0","tintindex":0},"north":{"uv":[7.875,5.375,8.5,6.0],"rotation":0,"texture":"#0","tintindex":0},"down":{"uv":[8.125,0.0,7.5,0.75],"rotation":0,"texture":"#0","tintindex":0},"east":{"uv":[3.375,7.25,4.125,7.875],"rotation":0,"texture":"#0","tintindex":0},"west":{"uv":[4.25,7.25,5.0,7.875],"rotation":0,"texture":"#0","tintindex":0},"up":{"uv":[8.0,3.75,7.375,3.0],"rotation":0,"texture":"#0","tintindex":0}}}],"textures":{"0":"modelengine:entity/dwarfs/dwarf_2"},"display":{"head":{"translation":[0.0,-6.4,0.0],"scale":[4.0,4.0,4.0]}}}