{"elements":[{"from":[0.85714245,3.7142854,4.0],"to":[14.571428,11.142858,12.0],"rotation":{"angle":0.0,"axis":"y","origin":[14.0,3.7142854,7.428571]},"faces":{"south":{"uv":[6.5,7.3125,8.0,8.125],"rotation":0,"texture":"#0","tintindex":0},"north":{"uv":[6.5,7.3125,8.0,8.125],"rotation":0,"texture":"#0","tintindex":0},"down":{"uv":[8.75,3.75,7.25,4.625],"rotation":0,"texture":"#0","tintindex":0},"east":{"uv":[3.625,10.125,4.5,10.9375],"rotation":0,"texture":"#0","tintindex":0},"west":{"uv":[3.625,10.125,4.5,10.9375],"rotation":0,"texture":"#0","tintindex":0},"up":{"uv":[3.0625,7.5625,1.5625,6.6875],"rotation":0,"texture":"#0","tintindex":0}}},{"from":[0.85714245,12.651842,4.41382],"to":[14.571428,13.223271,12.41382],"rotation":{"angle":22.5,"axis":"x","origin":[7.714286,12.937557,8.41382]},"faces":{"south":{"uv":[13.0625,11.25,14.5625,11.3125],"rotation":0,"texture":"#0","tintindex":0},"north":{"uv":[13.0625,11.25,14.5625,11.3125],"rotation":0,"texture":"#0","tintindex":0},"down":{"uv":[8.75,3.75,7.25,4.625],"rotation":0,"texture":"#0","tintindex":0},"east":{"uv":[13.3125,9.6875,14.1875,9.75],"rotation":0,"texture":"#0","tintindex":0},"west":{"uv":[13.5,2.3125,14.375,2.375],"rotation":0,"texture":"#0","tintindex":0},"up":{"uv":[8.75,5.5625,7.25,4.6875],"rotation":0,"texture":"#0","tintindex":0}}},{"from":[4.8571424,13.727356,7.7099805],"to":[10.571428,17.155928,7.7099805],"rotation":{"angle":22.5,"axis":"x","origin":[7.714286,11.106943,6.857143]},"faces":{"south":{"uv":[12.5,5.75,13.125,6.125],"rotation":0,"texture":"#0","tintindex":0},"north":{"uv":[12.5,5.75,13.125,6.125],"rotation":0,"texture":"#0","tintindex":0},"down":{"uv":[14.6875,6.125,14.0625,6.125],"rotation":0,"texture":"#0","tintindex":0},"east":{"uv":[14.125,5.6875,14.125,6.0625],"rotation":0,"texture":"#0","tintindex":0},"west":{"uv":[14.125,5.6875,14.125,6.0625],"rotation":0,"texture":"#0","tintindex":0},"up":{"uv":[14.6875,6.125,14.0625,6.125],"rotation":0,"texture":"#0","tintindex":0}}},{"from":[5.714286,10.571428,3.5532637],"to":[7.428571,11.714286,5.2675495],"rotation":{"angle":0.0,"axis":"y","origin":[9.428572,11.106943,6.857143]},"faces":{"south":{"uv":[13.9375,9.8125,14.125,9.9375],"rotation":0,"texture":"#0","tintindex":0},"north":{"uv":[13.9375,3.3125,14.125,3.4375],"rotation":0,"texture":"#0","tintindex":0},"down":{"uv":[13.875,5.0,13.6875,5.1875],"rotation":0,"texture":"#0","tintindex":0},"east":{"uv":[13.9375,7.5,14.125,7.625],"rotation":0,"texture":"#0","tintindex":0},"west":{"uv":[10.0,13.9375,10.1875,14.0625],"rotation":0,"texture":"#0","tintindex":0},"up":{"uv":[13.875,3.4375,13.6875,3.25],"rotation":0,"texture":"#0","tintindex":0}}},{"from":[11.428572,10.571428,3.5532637],"to":[13.142858,11.714286,5.2675495],"rotation":{"angle":0.0,"axis":"y","origin":[9.428572,11.106943,6.857143]},"faces":{"south":{"uv":[13.9375,9.8125,14.125,9.9375],"rotation":0,"texture":"#0","tintindex":0},"north":{"uv":[13.9375,3.3125,14.125,3.4375],"rotation":0,"texture":"#0","tintindex":0},"down":{"uv":[13.875,5.0,13.6875,5.1875],"rotation":0,"texture":"#0","tintindex":0},"east":{"uv":[13.9375,7.5,14.125,7.625],"rotation":0,"texture":"#0","tintindex":0},"west":{"uv":[10.0,13.9375,10.1875,14.0625],"rotation":0,"texture":"#0","tintindex":0},"up":{"uv":[13.875,3.4375,13.6875,3.25],"rotation":0,"texture":"#0","tintindex":0}}},{"from":[6.0,11.142858,5.2675495],"to":[12.857143,14.571428,12.124693],"rotation":{"angle":0.0,"axis":"y","origin":[9.428572,11.106943,6.857143]},"faces":{"south":{"uv":[12.0,4.4375,12.75,4.8125],"rotation":0,"texture":"#0","tintindex":0},"north":{"uv":[11.875,10.625,12.625,11.0],"rotation":0,"texture":"#0","tintindex":0},"down":{"uv":[6.0,10.375,5.25,11.125],"rotation":0,"texture":"#0","tintindex":0},"east":{"uv":[11.9375,8.1875,12.6875,8.5625],"rotation":0,"texture":"#0","tintindex":0},"west":{"uv":[12.0,4.875,12.75,5.25],"rotation":0,"texture":"#0","tintindex":0},"up":{"uv":[2.8125,11.0625,2.0625,10.3125],"rotation":0,"texture":"#0","tintindex":0}}}],"textures":{"0":"modelengine:entity/zombie_santa/sanata_v3"},"display":{"head":{"translation":[0.0,-6.4,0.0],"scale":[4.0,4.0,4.0]}}}