{"display":{"thirdperson_righthand":{"rotation":[37,34,46],"translation":[-2.5,1.75,0],"scale":[0.75,0.75,0.75]},"thirdperson_lefthand":{"rotation":[37,34,46],"translation":[-2.5,1.75,0],"scale":[0.75,0.75,0.75]},"firstperson_righthand":{"rotation":[0,29,0],"translation":[1.5,4.5,0],"scale":[0.5,0.5,0.5]},"firstperson_lefthand":{"rotation":[0,-50,0],"translation":[1.5,4.5,0],"scale":[0.5,0.5,0.5]},"gui":{"rotation":[30,-135,0],"translation":[0.5,1.75,0]},"fixed":{"rotation":[0,89,0],"translation":[0,1.5,-3]}},"texture_size":[32,32],"textures":{"5":"reallyworld:item/sphere/order"},"elements":[{"from":[5.05,3,4.925],"to":[11.05,9,10.925],"rotation":{"angle":0,"axis":"y","origin":[8,6.075,8]},"faces":{"north":{"uv":[0.51613,0.51613,3.61291,3.61291],"texture":"#5"},"east":{"uv":[0.51613,0.51613,3.61291,3.61291],"texture":"#5"},"south":{"uv":[0.51613,0.51613,3.61291,3.61291],"texture":"#5"},"west":{"uv":[0.51613,0.51613,3.61291,3.61291],"texture":"#5"},"up":{"uv":[3.61291,3.6129,0.51613,0.51612],"texture":"#5"},"down":{"uv":[3.6129,0.51613,0.51613,3.61291],"texture":"#5"}}},{"from":[11.4,2.5,4.675],"to":[4.8,9.575,11.275],"rotation":{"angle":0,"axis":"y","origin":[8.25,6.075,8.25]},"faces":{"north":{"uv":[8.25807,0.51613,8.46129,4.05363],"texture":"#5"},"east":{"uv":[8.25807,0.51613,8.46129,4.05363],"texture":"#5"},"south":{"uv":[8.25807,0.51613,8.46129,4.05363],"texture":"#5"},"west":{"uv":[8.25807,0.51613,8.46129,4.05363],"texture":"#5"},"up":{"uv":[8.25807,0.71936,8.46129,0.51613],"texture":"#5"},"down":{"uv":[8.30968,3.97097,8.51291,3.76774],"texture":"#5"}}},{"from":[11.75,2.5,4.225],"to":[4.35,9.575,11.625],"rotation":{"angle":0,"axis":"y","origin":[7.8,6.075,7.8]},"faces":{"north":{"uv":[4.12903,0.51613,4.64516,4.12903],"texture":"#5"},"east":{"uv":[4.12903,0.51613,4.64516,4.12903],"texture":"#5"},"south":{"uv":[4.12903,0.51613,4.64516,4.12903],"texture":"#5"},"west":{"uv":[4.12903,0.51613,4.64516,4.12903],"texture":"#5"},"up":{"uv":[4.12903,0.51613,4.64516,1.03226],"texture":"#5"},"down":{"uv":[4.12903,3.61291,4.64516,4.12903],"texture":"#5"}}},{"from":[12.05,2.575,3.925],"to":[4.05,9.5,11.925],"rotation":{"angle":0,"axis":"y","origin":[7.5,6.075,7.5]},"faces":{"north":{"uv":[5.67742,0.51613,6.19355,4.12903],"texture":"#5"},"east":{"uv":[5.67742,0.51613,6.19355,4.12903],"texture":"#5"},"south":{"uv":[5.67742,0.51613,6.19355,4.12903],"texture":"#5"},"west":{"uv":[5.67742,0.51613,6.19355,4.12903],"texture":"#5"},"up":{"uv":[5.67742,0.51613,6.19355,1.03226],"texture":"#5"},"down":{"uv":[5.67742,3.61291,6.19355,4.12903],"texture":"#5"}}}]}