{"elements":[{"from":[6.0,5.428571,8.0],"to":[10.0,10.0,9.142858],"rotation":{"angle":-22.5,"axis":"z","origin":[7.142857,7.714286,8.571428]},"faces":{"south":{"uv":[0.0,7.125,0.875,8.125],"rotation":0,"texture":"#0","tintindex":0},"north":{"uv":[7.0,5.125,7.875,6.125],"rotation":0,"texture":"#0","tintindex":0},"down":{"uv":[10.875,0.5,10.0,0.75],"rotation":0,"texture":"#0","tintindex":0},"east":{"uv":[4.625,9.125,4.875,10.125],"rotation":0,"texture":"#0","tintindex":0},"west":{"uv":[6.875,9.5,7.125,10.5],"rotation":0,"texture":"#0","tintindex":0},"up":{"uv":[10.75,9.0,9.875,8.75],"rotation":0,"texture":"#0","tintindex":0}}},{"from":[5.714286,5.142857,7.428571],"to":[6.285714,10.285714,9.714286],"rotation":{"angle":-22.5,"axis":"z","origin":[7.142857,7.714286,8.571428]},"faces":{"south":{"uv":[9.75,10.625,9.875,11.75],"rotation":0,"texture":"#0","tintindex":0},"north":{"uv":[8.25,10.625,8.375,11.75],"rotation":0,"texture":"#0","tintindex":0},"down":{"uv":[11.5,2.75,11.375,3.25],"rotation":0,"texture":"#0","tintindex":0},"east":{"uv":[2.125,7.5,2.625,8.625],"rotation":0,"texture":"#0","tintindex":0},"west":{"uv":[2.75,7.5,3.25,8.625],"rotation":0,"texture":"#0","tintindex":0},"up":{"uv":[5.875,11.75,5.75,11.25],"rotation":0,"texture":"#0","tintindex":0}}},{"from":[6.285714,5.142857,9.142858],"to":[10.285714,10.285714,9.714286],"rotation":{"angle":-22.5,"axis":"z","origin":[7.142857,7.714286,8.571428]},"faces":{"south":{"uv":[6.375,6.5,7.25,7.625],"rotation":0,"texture":"#0","tintindex":0},"north":{"uv":[5.375,6.5,6.25,7.625],"rotation":0,"texture":"#0","tintindex":0},"down":{"uv":[11.75,2.5,10.875,2.625],"rotation":0,"texture":"#0","tintindex":0},"east":{"uv":[10.0,10.625,10.125,11.75],"rotation":0,"texture":"#0","tintindex":0},"west":{"uv":[0.0,10.75,0.125,11.875],"rotation":0,"texture":"#0","tintindex":0},"up":{"uv":[11.75,2.375,10.875,2.25],"rotation":0,"texture":"#0","tintindex":0}}},{"from":[6.285714,5.142857,7.428571],"to":[10.285714,10.285714,8.0],"rotation":{"angle":-22.5,"axis":"z","origin":[7.142857,7.714286,8.571428]},"faces":{"south":{"uv":[4.375,6.5,5.25,7.625],"rotation":0,"texture":"#0","tintindex":0},"north":{"uv":[3.375,6.375,4.25,7.5],"rotation":0,"texture":"#0","tintindex":0},"down":{"uv":[11.75,2.0,10.875,2.125],"rotation":0,"texture":"#0","tintindex":0},"east":{"uv":[9.5,10.5,9.625,11.625],"rotation":0,"texture":"#0","tintindex":0},"west":{"uv":[8.0,10.625,8.125,11.75],"rotation":0,"texture":"#0","tintindex":0},"up":{"uv":[11.75,1.875,10.875,1.75],"rotation":0,"texture":"#0","tintindex":0}}}],"textures":{"0":"modelengine:entity/goblins/goblin_2"},"display":{"head":{"translation":[0.0,-6.4,0.0],"scale":[4.0,4.0,4.0]}}}