{"elements":[{"from":[6.8573446,6.285714,5.7631044],"to":[9.143059,7.428571,9.191676],"rotation":{"angle":0.0,"axis":"y","origin":[9.428572,12.571428,6.857143]},"faces":{"south":{"uv":[10.125,4.5,10.625,4.75],"rotation":0,"texture":"#0","tintindex":0},"north":{"uv":[7.5,1.875,8.0,2.125],"rotation":0,"texture":"#0","tintindex":0},"down":{"uv":[8.625,1.875,8.125,2.625],"rotation":0,"texture":"#0","tintindex":0},"east":{"uv":[7.25,9.75,8.0,10.0],"rotation":0,"texture":"#0","tintindex":0},"west":{"uv":[10.0,0.875,10.75,1.125],"rotation":0,"texture":"#0","tintindex":0},"up":{"uv":[8.5,5.875,8.0,5.125],"rotation":0,"texture":"#0","tintindex":0}}},{"from":[6.8573446,7.428571,6.9059615],"to":[9.143059,8.0,9.191676],"rotation":{"angle":0.0,"axis":"y","origin":[9.428572,12.571428,6.857143]},"faces":{"south":{"uv":[10.875,3.5,11.375,3.625],"rotation":0,"texture":"#0","tintindex":0},"north":{"uv":[1.375,4.875,1.875,5.0],"rotation":0,"texture":"#0","tintindex":0},"down":{"uv":[8.625,8.875,8.125,9.375],"rotation":0,"texture":"#0","tintindex":0},"east":{"uv":[9.0,3.125,9.5,3.25],"rotation":0,"texture":"#0","tintindex":0},"west":{"uv":[10.875,6.25,11.375,6.375],"rotation":0,"texture":"#0","tintindex":0},"up":{"uv":[9.375,4.25,8.875,3.75],"rotation":0,"texture":"#0","tintindex":0}}},{"from":[7.1430593,7.714286,7.191676],"to":[8.857345,8.857143,8.905962],"rotation":{"angle":0.0,"axis":"y","origin":[9.428572,11.142858,6.857143]},"faces":{"south":{"uv":[10.875,3.125,11.25,3.375],"rotation":0,"texture":"#0","tintindex":0},"north":{"uv":[0.625,10.875,1.0,11.125],"rotation":0,"texture":"#0","tintindex":0},"down":{"uv":[10.5,6.875,10.125,7.25],"rotation":0,"texture":"#0","tintindex":0},"east":{"uv":[10.875,2.75,11.25,3.0],"rotation":0,"texture":"#0","tintindex":0},"west":{"uv":[3.25,10.875,3.625,11.125],"rotation":0,"texture":"#0","tintindex":0},"up":{"uv":[6.625,10.5,6.25,10.125],"rotation":0,"texture":"#0","tintindex":0}}},{"from":[6.742857,6.742857,5.028571],"to":[8.114285,7.542857,6.4],"rotation":{"angle":0.0,"axis":"y","origin":[6.857143,6.857143,5.142857]},"faces":{"south":{"uv":[8.625,5.75,8.875,5.875],"rotation":0,"texture":"#0","tintindex":0},"north":{"uv":[7.0,6.25,7.25,6.375],"rotation":0,"texture":"#0","tintindex":0},"down":{"uv":[5.25,11.125,5.0,11.375],"rotation":0,"texture":"#0","tintindex":0},"east":{"uv":[8.0,6.0,8.25,6.125],"rotation":0,"texture":"#0","tintindex":0},"west":{"uv":[4.0,8.875,4.25,9.0],"rotation":0,"texture":"#0","tintindex":0},"up":{"uv":[0.5,11.375,0.25,11.125],"rotation":0,"texture":"#0","tintindex":0}}},{"from":[8.457143,6.742857,5.028571],"to":[9.257143,7.542857,6.4],"rotation":{"angle":0.0,"axis":"y","origin":[8.0,6.857143,5.142857]},"faces":{"south":{"uv":[11.375,10.25,11.5,10.375],"rotation":0,"texture":"#0","tintindex":0},"north":{"uv":[10.25,11.375,10.375,11.5],"rotation":0,"texture":"#0","tintindex":0},"down":{"uv":[11.5,4.75,11.375,5.0],"rotation":0,"texture":"#0","tintindex":0},"east":{"uv":[9.5,9.125,9.75,9.25],"rotation":0,"texture":"#0","tintindex":0},"west":{"uv":[11.125,7.75,11.375,7.875],"rotation":0,"texture":"#0","tintindex":0},"up":{"uv":[11.5,4.625,11.375,4.375],"rotation":0,"texture":"#0","tintindex":0}}}],"textures":{"0":"modelengine:entity/goblins/goblin_2"},"display":{"head":{"translation":[0.0,-6.4,0.0],"scale":[4.0,4.0,4.0]}}}