{"elements":[{"from":[7.428571,5.142857,7.428571],"to":[8.571428,12.571428,8.571428],"rotation":{"angle":0.0,"axis":"y","origin":[7.428571,11.285714,8.0]},"faces":{"south":{"uv":[7.375,8.0,7.625,9.625],"rotation":0,"texture":"#0","tintindex":0},"north":{"uv":[6.625,7.75,6.875,9.375],"rotation":0,"texture":"#0","tintindex":0},"down":{"uv":[11.25,11.125,11.0,11.375],"rotation":0,"texture":"#0","tintindex":0},"east":{"uv":[7.0,7.75,7.25,9.375],"rotation":0,"texture":"#0","tintindex":0},"west":{"uv":[7.75,8.0,8.0,9.625],"rotation":0,"texture":"#0","tintindex":0},"up":{"uv":[10.875,11.375,10.625,11.125],"rotation":0,"texture":"#0","tintindex":0}}},{"from":[8.571428,16.57143,7.142857],"to":[10.285714,18.285715,8.857143],"rotation":{"angle":0.0,"axis":"y","origin":[7.428571,11.285714,8.0]},"faces":{"south":{"uv":[3.25,10.375,3.625,10.75],"rotation":0,"texture":"#0","tintindex":0},"north":{"uv":[10.375,0.0,10.75,0.375],"rotation":0,"texture":"#0","tintindex":0},"down":{"uv":[10.875,1.25,10.5,1.625],"rotation":0,"texture":"#0","tintindex":0},"east":{"uv":[0.625,10.375,1.0,10.75],"rotation":0,"texture":"#0","tintindex":0},"west":{"uv":[10.375,6.0,10.75,6.375],"rotation":0,"texture":"#0","tintindex":0},"up":{"uv":[1.5,10.875,1.125,10.5],"rotation":0,"texture":"#0","tintindex":0}}},{"from":[9.714286,13.714286,7.428571],"to":[10.857143,17.142857,8.571428],"rotation":{"angle":0.0,"axis":"y","origin":[7.428571,11.285714,8.0]},"faces":{"south":{"uv":[5.5,10.0,5.75,10.75],"rotation":0,"texture":"#0","tintindex":0},"north":{"uv":[5.5,10.0,5.75,10.75],"rotation":0,"texture":"#0","tintindex":0},"down":{"uv":[1.75,11.25,1.5,11.5],"rotation":0,"texture":"#0","tintindex":0},"east":{"uv":[5.875,10.0,6.125,10.75],"rotation":0,"texture":"#0","tintindex":0},"west":{"uv":[10.0,6.0,10.25,6.75],"rotation":0,"texture":"#0","tintindex":0},"up":{"uv":[0.875,11.5,0.625,11.25],"rotation":0,"texture":"#0","tintindex":0}}},{"from":[5.142857,16.57143,7.142857],"to":[6.857143,18.285715,8.857143],"rotation":{"angle":0.0,"axis":"y","origin":[7.428571,11.285714,8.0]},"faces":{"south":{"uv":[10.5,9.125,10.875,9.5],"rotation":0,"texture":"#0","tintindex":0},"north":{"uv":[8.5,10.5,8.875,10.875],"rotation":0,"texture":"#0","tintindex":0},"down":{"uv":[6.625,10.625,6.25,11.0],"rotation":0,"texture":"#0","tintindex":0},"east":{"uv":[9.0,10.5,9.375,10.875],"rotation":0,"texture":"#0","tintindex":0},"west":{"uv":[2.375,10.625,2.75,11.0],"rotation":0,"texture":"#0","tintindex":0},"up":{"uv":[5.375,11.0,5.0,10.625],"rotation":0,"texture":"#0","tintindex":0}}},{"from":[7.428571,12.571428,7.142857],"to":[10.285714,13.714286,8.857143],"rotation":{"angle":0.0,"axis":"y","origin":[7.428571,11.285714,8.0]},"faces":{"south":{"uv":[10.125,2.25,10.75,2.5],"rotation":0,"texture":"#0","tintindex":0},"north":{"uv":[10.0,5.25,10.625,5.5],"rotation":0,"texture":"#0","tintindex":0},"down":{"uv":[10.25,0.0,9.625,0.375],"rotation":0,"texture":"#0","tintindex":0},"east":{"uv":[10.875,8.75,11.25,9.0],"rotation":0,"texture":"#0","tintindex":0},"west":{"uv":[11.0,0.375,11.375,0.625],"rotation":0,"texture":"#0","tintindex":0},"up":{"uv":[6.875,3.75,6.25,3.375],"rotation":0,"texture":"#0","tintindex":0}}},{"from":[7.428571,3.4285712,7.142857],"to":[9.142858,5.142857,8.857143],"rotation":{"angle":0.0,"axis":"y","origin":[7.428571,11.285714,8.0]},"faces":{"south":{"uv":[10.625,6.5,11.0,6.875],"rotation":0,"texture":"#0","tintindex":0},"north":{"uv":[10.625,6.5,11.0,6.875],"rotation":0,"texture":"#0","tintindex":0},"down":{"uv":[11.0,7.5,10.625,7.875],"rotation":0,"texture":"#0","tintindex":0},"east":{"uv":[6.75,10.625,7.125,11.0],"rotation":0,"texture":"#0","tintindex":0},"west":{"uv":[10.625,7.0,11.0,7.375],"rotation":0,"texture":"#0","tintindex":0},"up":{"uv":[7.625,11.0,7.25,10.625],"rotation":0,"texture":"#0","tintindex":0}}},{"from":[6.285714,17.714287,7.428571],"to":[9.142858,18.857143,8.571428],"rotation":{"angle":0.0,"axis":"y","origin":[7.428571,11.285714,8.0]},"faces":{"south":{"uv":[10.125,3.0,10.75,3.25],"rotation":0,"texture":"#0","tintindex":0},"north":{"uv":[10.125,2.625,10.75,2.875],"rotation":0,"texture":"#0","tintindex":0},"down":{"uv":[10.75,4.125,10.125,4.375],"rotation":0,"texture":"#0","tintindex":0},"east":{"uv":[11.25,10.625,11.5,10.875],"rotation":0,"texture":"#0","tintindex":0},"west":{"uv":[11.375,1.25,11.625,1.5],"rotation":0,"texture":"#0","tintindex":0},"up":{"uv":[10.75,3.625,10.125,3.375],"rotation":0,"texture":"#0","tintindex":0}}},{"from":[4.0,15.428572,7.428571],"to":[5.142857,17.142857,8.571428],"rotation":{"angle":0.0,"axis":"y","origin":[7.428571,11.285714,8.0]},"faces":{"south":{"uv":[11.0,1.25,11.25,1.625],"rotation":0,"texture":"#0","tintindex":0},"north":{"uv":[6.25,9.0,6.5,9.375],"rotation":0,"texture":"#0","tintindex":0},"down":{"uv":[2.75,11.375,2.5,11.625],"rotation":0,"texture":"#0","tintindex":0},"east":{"uv":[1.125,11.0,1.375,11.375],"rotation":0,"texture":"#0","tintindex":0},"west":{"uv":[8.5,11.0,8.75,11.375],"rotation":0,"texture":"#0","tintindex":0},"up":{"uv":[2.375,11.625,2.125,11.375],"rotation":0,"texture":"#0","tintindex":0}}},{"from":[3.2857141,3.4285712,8.0],"to":[11.285714,20.0,8.0],"rotation":{"angle":0.0,"axis":"y","origin":[7.428571,11.285714,8.0]},"faces":{"south":{"uv":[1.875,0.0,3.625,3.625],"rotation":0,"texture":"#0","tintindex":0},"north":{"uv":[0.0,0.0,1.75,3.625],"rotation":0,"texture":"#0","tintindex":0},"down":{"uv":[13.125,1.625,11.375,1.625],"rotation":0,"texture":"#0","tintindex":0},"east":{"uv":[0.375,11.5,0.375,15.125],"rotation":0,"texture":"#0","tintindex":0},"west":{"uv":[0.375,11.5,0.375,15.125],"rotation":0,"texture":"#0","tintindex":0},"up":{"uv":[13.125,1.625,11.375,1.625],"rotation":0,"texture":"#0","tintindex":0}}}],"textures":{"0":"modelengine:entity/goblins/goblin_2"},"display":{"head":{"translation":[0.0,-6.4,0.0],"scale":[4.0,4.0,4.0]}}}