{"elements":[{"from":[6.0,6.5714283,6.285714],"to":[8.857143,9.428572,9.714286],"rotation":{"angle":0.0,"axis":"y","origin":[7.714286,6.5714283,6.285714]},"faces":{"south":{"uv":[5.125,7.5,5.75,8.125],"rotation":0,"texture":"#0","tintindex":0},"north":{"uv":[0.75,7.5,1.375,8.125],"rotation":0,"texture":"#0","tintindex":0},"down":{"uv":[7.75,6.875,7.125,7.625],"rotation":0,"texture":"#0","tintindex":0},"east":{"uv":[7.0,4.5,7.75,5.125],"rotation":0,"texture":"#0","tintindex":0},"west":{"uv":[7.0,5.25,7.75,5.875],"rotation":0,"texture":"#0","tintindex":0},"up":{"uv":[7.75,6.75,7.125,6.0],"rotation":0,"texture":"#0","tintindex":0}}},{"from":[6.285714,3.7142854,6.428571],"to":[9.142858,4.8571424,9.285714],"rotation":{"angle":0.0,"axis":"y","origin":[8.0,3.142857,7.0]},"faces":{"south":{"uv":[6.875,10.375,7.5,10.625],"rotation":0,"texture":"#0","tintindex":0},"north":{"uv":[10.25,4.875,10.875,5.125],"rotation":0,"texture":"#0","tintindex":0},"down":{"uv":[8.0,7.75,7.375,8.375],"rotation":0,"texture":"#0","tintindex":0},"east":{"uv":[9.875,10.25,10.5,10.5],"rotation":0,"texture":"#0","tintindex":0},"west":{"uv":[10.375,8.25,11.0,8.5],"rotation":0,"texture":"#0","tintindex":0},"up":{"uv":[7.25,8.375,6.625,7.75],"rotation":0,"texture":"#0","tintindex":0}}},{"from":[6.5714283,1.9999995,6.714286],"to":[8.857143,4.285714,9.0],"rotation":{"angle":0.0,"axis":"y","origin":[7.714286,1.4285712,6.714286]},"faces":{"south":{"uv":[9.125,1.5,9.625,2.0],"rotation":0,"texture":"#0","tintindex":0},"north":{"uv":[9.125,0.875,9.625,1.375],"rotation":0,"texture":"#0","tintindex":0},"down":{"uv":[9.75,4.875,9.25,5.375],"rotation":0,"texture":"#0","tintindex":0},"east":{"uv":[1.0,9.125,1.5,9.625],"rotation":0,"texture":"#0","tintindex":0},"west":{"uv":[9.25,4.25,9.75,4.75],"rotation":0,"texture":"#0","tintindex":0},"up":{"uv":[5.125,9.75,4.625,9.25],"rotation":0,"texture":"#0","tintindex":0}}},{"from":[6.5714283,4.8571424,6.714286],"to":[8.857143,6.5714283,9.0],"rotation":{"angle":0.0,"axis":"y","origin":[7.714286,4.285714,6.714286]},"faces":{"south":{"uv":[9.875,9.75,10.375,10.125],"rotation":0,"texture":"#0","tintindex":0},"north":{"uv":[7.25,9.875,7.75,10.25],"rotation":0,"texture":"#0","tintindex":0},"down":{"uv":[9.75,5.5,9.25,6.0],"rotation":0,"texture":"#0","tintindex":0},"east":{"uv":[9.875,7.25,10.375,7.625],"rotation":0,"texture":"#0","tintindex":0},"west":{"uv":[3.25,10.0,3.75,10.375],"rotation":0,"texture":"#0","tintindex":0},"up":{"uv":[5.75,9.75,5.25,9.25],"rotation":0,"texture":"#0","tintindex":0}}},{"from":[6.0,2.5714283,6.285714],"to":[8.285714,3.7142854,8.571428],"rotation":{"angle":0.0,"axis":"y","origin":[7.142857,3.142857,7.428571]},"faces":{"south":{"uv":[10.875,10.375,11.375,10.625],"rotation":0,"texture":"#0","tintindex":0},"north":{"uv":[7.875,10.875,8.375,11.125],"rotation":0,"texture":"#0","tintindex":0},"down":{"uv":[8.375,9.375,7.875,9.875],"rotation":0,"texture":"#0","tintindex":0},"east":{"uv":[10.875,10.0,11.375,10.25],"rotation":0,"texture":"#0","tintindex":0},"west":{"uv":[10.875,10.75,11.375,11.0],"rotation":0,"texture":"#0","tintindex":0},"up":{"uv":[4.0,9.875,3.5,9.375],"rotation":0,"texture":"#0","tintindex":0}}}],"textures":{"0":"modelengine:entity/dwarfs/dwarf_2"},"display":{"head":{"translation":[0.0,-6.4,0.0],"scale":[4.0,4.0,4.0]}}}