{"elements":[{"from":[6.857143,3.4285712,5.714286],"to":[9.142858,5.142857,9.142858],"rotation":{"angle":0.0,"axis":"y","origin":[6.857143,3.4285712,5.714286]},"faces":{"south":{"uv":[9.875,5.75,10.375,6.125],"rotation":0,"texture":"#0","tintindex":0},"north":{"uv":[9.875,5.25,10.375,5.625],"rotation":0,"texture":"#0","tintindex":0},"down":{"uv":[1.875,8.25,1.375,9.0],"rotation":0,"texture":"#0","tintindex":0},"east":{"uv":[9.0,2.125,9.75,2.5],"rotation":0,"texture":"#0","tintindex":0},"west":{"uv":[2.625,9.0,3.375,9.375],"rotation":0,"texture":"#0","tintindex":0},"up":{"uv":[1.25,9.0,0.75,8.25],"rotation":0,"texture":"#0","tintindex":0}}},{"from":[6.857143,5.142857,6.857143],"to":[9.142858,6.285714,9.142858],"rotation":{"angle":0.0,"axis":"y","origin":[6.857143,5.142857,5.714286]},"faces":{"south":{"uv":[10.625,7.75,11.125,8.0],"rotation":0,"texture":"#0","tintindex":0},"north":{"uv":[9.25,6.125,9.75,6.375],"rotation":0,"texture":"#0","tintindex":0},"down":{"uv":[0.875,9.125,0.375,9.625],"rotation":0,"texture":"#0","tintindex":0},"east":{"uv":[10.625,6.25,11.125,6.5],"rotation":0,"texture":"#0","tintindex":0},"west":{"uv":[6.875,10.75,7.375,11.0],"rotation":0,"texture":"#0","tintindex":0},"up":{"uv":[3.25,7.875,2.75,7.375],"rotation":0,"texture":"#0","tintindex":0}}},{"from":[6.5714283,6.285714,6.5714283],"to":[9.428572,6.857143,9.428572],"rotation":{"angle":0.0,"axis":"y","origin":[7.142857,6.285714,6.0]},"faces":{"south":{"uv":[11.375,3.5,12.0,3.625],"rotation":0,"texture":"#0","tintindex":0},"north":{"uv":[5.875,8.25,6.5,8.375],"rotation":0,"texture":"#0","tintindex":0},"down":{"uv":[0.625,7.625,0.0,8.25],"rotation":0,"texture":"#0","tintindex":0},"east":{"uv":[11.25,7.25,11.875,7.375],"rotation":0,"texture":"#0","tintindex":0},"west":{"uv":[11.375,3.75,12.0,3.875],"rotation":0,"texture":"#0","tintindex":0},"up":{"uv":[6.5,8.125,5.875,7.5],"rotation":0,"texture":"#0","tintindex":0}}},{"from":[6.857143,6.857143,6.857143],"to":[9.142858,8.571428,9.142858],"rotation":{"angle":0.0,"axis":"y","origin":[6.857143,6.285714,7.428571]},"faces":{"south":{"uv":[10.0,7.75,10.5,8.125],"rotation":0,"texture":"#0","tintindex":0},"north":{"uv":[10.0,3.625,10.5,4.0],"rotation":0,"texture":"#0","tintindex":0},"down":{"uv":[9.75,7.25,9.25,7.75],"rotation":0,"texture":"#0","tintindex":0},"east":{"uv":[10.0,6.25,10.5,6.625],"rotation":0,"texture":"#0","tintindex":0},"west":{"uv":[7.875,10.0,8.375,10.375],"rotation":0,"texture":"#0","tintindex":0},"up":{"uv":[7.75,9.75,7.25,9.25],"rotation":0,"texture":"#0","tintindex":0}}}],"textures":{"0":"modelengine:entity/dwarfs/dwarf_2"},"display":{"head":{"translation":[0.0,-6.4,0.0],"scale":[4.0,4.0,4.0]}}}