{"elements":[{"from":[1.7142854,3.5763998,-6.53996],"to":[5.142857,5.862114,-1.3971024],"rotation":{"angle":0.0,"axis":"y","origin":[7.428571,3.5763998,0.31718254]},"faces":{"south":{"uv":[3.0,9.75,3.75,10.25],"rotation":0,"texture":"#0","tintindex":0},"north":{"uv":[1.125,9.75,1.875,10.25],"rotation":0,"texture":"#0","tintindex":0},"down":{"uv":[2.625,8.625,1.875,9.75],"rotation":0,"texture":"#0","tintindex":0},"east":{"uv":[0.0,9.75,1.125,10.25],"rotation":0,"texture":"#0","tintindex":0},"west":{"uv":[1.875,9.75,3.0,10.25],"rotation":0,"texture":"#0","tintindex":0},"up":{"uv":[1.875,9.75,1.125,8.625],"rotation":0,"texture":"#0","tintindex":0}}},{"from":[1.7142854,5.862114,-4.825674],"to":[5.142857,7.0049715,-1.3971024],"rotation":{"angle":0.0,"axis":"y","origin":[8.0,3.5763998,0.31718254]},"faces":{"south":{"uv":[11.75,2.75,12.5,3.0],"rotation":0,"texture":"#0","tintindex":0},"north":{"uv":[10.25,2.75,11.0,3.0],"rotation":0,"texture":"#0","tintindex":0},"down":{"uv":[11.75,2.0,11.0,2.75],"rotation":0,"texture":"#0","tintindex":0},"east":{"uv":[9.5,2.75,10.25,3.0],"rotation":0,"texture":"#0","tintindex":0},"west":{"uv":[11.0,2.75,11.75,3.0],"rotation":0,"texture":"#0","tintindex":0},"up":{"uv":[11.0,2.75,10.25,2.0],"rotation":0,"texture":"#0","tintindex":0}}},{"from":[4.5714283,7.0049715,-5.9685316],"to":[11.428572,13.290686,3.1743255],"rotation":{"angle":0.0,"axis":"y","origin":[8.0,3.0049715,0.31718254]},"faces":{"south":{"uv":[5.5,2.0,7.0,3.375],"rotation":0,"texture":"#0","tintindex":0},"north":{"uv":[2.0,2.0,3.5,3.375],"rotation":0,"texture":"#0","tintindex":0},"down":{"uv":[5.0,0.0,3.5,2.0],"rotation":0,"texture":"#0","tintindex":0},"east":{"uv":[0.0,2.0,2.0,3.375],"rotation":0,"texture":"#0","tintindex":0},"west":{"uv":[3.5,2.0,5.5,3.375],"rotation":0,"texture":"#0","tintindex":0},"up":{"uv":[3.5,2.0,2.0,0.0],"rotation":0,"texture":"#0","tintindex":0}}},{"from":[5.142857,9.862114,-15.111391],"to":[10.857143,13.290686,-5.9685316],"rotation":{"angle":0.0,"axis":"y","origin":[8.0,3.0049715,0.31718254]},"faces":{"south":{"uv":[5.25,5.375,6.5,6.125],"rotation":0,"texture":"#0","tintindex":0},"north":{"uv":[2.0,5.375,3.25,6.125],"rotation":0,"texture":"#0","tintindex":0},"down":{"uv":[4.5,3.375,3.25,5.375],"rotation":0,"texture":"#0","tintindex":0},"east":{"uv":[0.0,5.375,2.0,6.125],"rotation":0,"texture":"#0","tintindex":0},"west":{"uv":[3.25,5.375,5.25,6.125],"rotation":0,"texture":"#0","tintindex":0},"up":{"uv":[3.25,5.375,2.0,3.375],"rotation":0,"texture":"#0","tintindex":0}}},{"from":[5.428571,8.147829,-13.397104],"to":[10.571428,10.433543,-5.9685316],"rotation":{"angle":0.0,"axis":"y","origin":[8.0,8.433543,-5.111388]},"faces":{"south":{"uv":[4.375,8.125,5.5,8.625],"rotation":0,"texture":"#0","tintindex":0},"north":{"uv":[1.625,8.125,2.75,8.625],"rotation":0,"texture":"#0","tintindex":0},"down":{"uv":[3.875,6.5,2.75,8.125],"rotation":0,"texture":"#0","tintindex":0},"east":{"uv":[0.0,8.125,1.625,8.625],"rotation":0,"texture":"#0","tintindex":0},"west":{"uv":[2.75,8.125,4.375,8.625],"rotation":0,"texture":"#0","tintindex":0},"up":{"uv":[2.75,8.125,1.625,6.5],"rotation":0,"texture":"#0","tintindex":0}}},{"from":[6.285714,8.147829,3.1743255],"to":[9.714286,13.290686,9.46004],"rotation":{"angle":0.0,"axis":"y","origin":[8.0,3.0049715,0.31718254]},"faces":{"south":{"uv":[9.0,7.5,9.75,8.625],"rotation":0,"texture":"#0","tintindex":0},"north":{"uv":[6.875,7.5,7.625,8.625],"rotation":0,"texture":"#0","tintindex":0},"down":{"uv":[8.375,6.125,7.625,7.5],"rotation":0,"texture":"#0","tintindex":0},"east":{"uv":[5.5,7.5,6.875,8.625],"rotation":0,"texture":"#0","tintindex":0},"west":{"uv":[7.625,7.5,9.0,8.625],"rotation":0,"texture":"#0","tintindex":0},"up":{"uv":[7.625,7.5,6.875,6.125],"rotation":0,"texture":"#0","tintindex":0}}},{"from":[2.1398568,5.1712284,-4.486698],"to":[3.8541427,10.885514,-1.6295547],"rotation":{"angle":0.0,"axis":"z","origin":[3.320291,5.805331,-3.2526178]},"faces":{"south":{"uv":[11.375,6.375,11.75,7.625],"rotation":0,"texture":"#0","tintindex":0},"north":{"uv":[10.375,6.375,10.75,7.625],"rotation":0,"texture":"#0","tintindex":0},"down":{"uv":[11.125,5.75,10.75,6.375],"rotation":0,"texture":"#0","tintindex":0},"east":{"uv":[9.75,6.375,10.375,7.625],"rotation":0,"texture":"#0","tintindex":0},"west":{"uv":[10.75,6.375,11.375,7.625],"rotation":0,"texture":"#0","tintindex":0},"up":{"uv":[10.75,6.375,10.375,5.75],"rotation":0,"texture":"#0","tintindex":0}}},{"from":[6.857143,9.290686,9.46004],"to":[9.142858,13.290686,14.602898],"rotation":{"angle":0.0,"axis":"y","origin":[8.0,3.0049715,0.31718254]},"faces":{"south":{"uv":[6.5,9.75,7.0,10.625],"rotation":0,"texture":"#0","tintindex":0},"north":{"uv":[4.875,9.75,5.375,10.625],"rotation":0,"texture":"#0","tintindex":0},"down":{"uv":[5.875,8.625,5.375,9.75],"rotation":0,"texture":"#0","tintindex":0},"east":{"uv":[3.75,9.75,4.875,10.625],"rotation":0,"texture":"#0","tintindex":0},"west":{"uv":[5.375,9.75,6.5,10.625],"rotation":0,"texture":"#0","tintindex":0},"up":{"uv":[5.375,9.75,4.875,8.625],"rotation":0,"texture":"#0","tintindex":0}}},{"from":[7.285714,12.153806,-5.969721],"to":[8.714286,15.582377,1.4588513],"rotation":{"angle":0.0,"axis":"x","origin":[8.0,14.43952,-2.255435]},"faces":{"south":{"uv":[10.25,5.0,10.5,5.75],"rotation":0,"texture":"#0","tintindex":0},"north":{"uv":[8.375,5.0,8.625,5.75],"rotation":0,"texture":"#0","tintindex":0},"down":{"uv":[8.875,3.375,8.625,5.0],"rotation":0,"texture":"#0","tintindex":0},"east":{"uv":[6.75,5.0,8.375,5.75],"rotation":0,"texture":"#0","tintindex":0},"west":{"uv":[8.625,5.0,10.25,5.75],"rotation":0,"texture":"#0","tintindex":0},"up":{"uv":[8.625,5.0,8.375,3.375],"rotation":0,"texture":"#0","tintindex":0}}},{"from":[7.428571,6.4335427,12.317183],"to":[8.571428,16.14783,16.88861],"rotation":{"angle":0.0,"axis":"y","origin":[8.0,3.0049715,0.31718254]},"faces":{"south":{"uv":[9.25,1.0,9.5,3.125],"rotation":0,"texture":"#0","tintindex":0},"north":{"uv":[8.0,1.0,8.25,3.125],"rotation":0,"texture":"#0","tintindex":0},"down":{"uv":[8.5,0.0,8.25,1.0],"rotation":0,"texture":"#0","tintindex":0},"east":{"uv":[7.0,1.0,8.0,3.125],"rotation":0,"texture":"#0","tintindex":0},"west":{"uv":[8.25,1.0,9.25,3.125],"rotation":0,"texture":"#0","tintindex":0},"up":{"uv":[8.25,1.0,8.0,0.0],"rotation":0,"texture":"#0","tintindex":0}}},{"from":[7.428571,11.750812,3.4763484],"to":[8.571428,14.607954,9.762063],"rotation":{"angle":0.0,"axis":"x","origin":[8.0,14.322241,7.4763484]},"faces":{"south":{"uv":[12.5,1.375,12.75,2.0],"rotation":0,"texture":"#0","tintindex":0},"north":{"uv":[10.875,1.375,11.125,2.0],"rotation":0,"texture":"#0","tintindex":0},"down":{"uv":[11.375,0.0,11.125,1.375],"rotation":0,"texture":"#0","tintindex":0},"east":{"uv":[9.5,1.375,10.875,2.0],"rotation":0,"texture":"#0","tintindex":0},"west":{"uv":[11.125,1.375,12.5,2.0],"rotation":0,"texture":"#0","tintindex":0},"up":{"uv":[11.125,1.375,10.875,0.0],"rotation":0,"texture":"#0","tintindex":0}}},{"from":[1.5714283,4.862114,-6.2542458],"to":[5.285714,6.0049715,-4.53996],"rotation":{"angle":0.0,"axis":"y","origin":[8.0,3.5763998,0.31718254]},"faces":{"south":{"uv":[11.375,8.0,12.125,8.25],"rotation":0,"texture":"#0","tintindex":0},"north":{"uv":[10.25,8.0,11.0,8.25],"rotation":0,"texture":"#0","tintindex":0},"down":{"uv":[11.75,7.625,11.0,8.0],"rotation":0,"texture":"#0","tintindex":0},"east":{"uv":[9.875,8.0,10.25,8.25],"rotation":0,"texture":"#0","tintindex":0},"west":{"uv":[11.0,8.0,11.375,8.25],"rotation":0,"texture":"#0","tintindex":0},"up":{"uv":[11.0,8.0,10.25,7.625],"rotation":0,"texture":"#0","tintindex":0}}},{"from":[4.5714283,9.862114,-10.539961],"to":[5.142857,12.147829,-8.254246],"rotation":{"angle":0.0,"axis":"y","origin":[8.0,3.0049715,0.31718254]},"faces":{"south":{"uv":[1.125,10.75,1.25,11.25],"rotation":0,"texture":"#0","tintindex":0},"north":{"uv":[0.5,10.75,0.625,11.25],"rotation":0,"texture":"#0","tintindex":0},"down":{"uv":[0.75,10.25,0.625,10.75],"rotation":0,"texture":"#0",