{"elements":[{"from":[3.4285712,3.0,4.8571424],"to":[12.571428,5.285714,9.428572],"rotation":{"angle":0.0,"axis":"y","origin":[4.462685,8.0,5.5714283]},"faces":{"south":{"uv":[2.0,2.8125,3.0,3.0625],"rotation":0,"texture":"#0","tintindex":0},"north":{"uv":[0.5,2.8125,1.5,3.0625],"rotation":0,"texture":"#0","tintindex":0},"down":{"uv":[2.5,2.3125,1.5,2.8125],"rotation":0,"texture":"#0","tintindex":0},"east":{"uv":[0.0,2.8125,0.5,3.0625],"rotation":0,"texture":"#0","tintindex":0},"west":{"uv":[1.5,2.8125,2.0,3.0625],"rotation":0,"texture":"#0","tintindex":0},"up":{"uv":[1.5,2.8125,0.5,2.3125],"rotation":0,"texture":"#0","tintindex":0}}},{"from":[3.4285712,4.142857,6.0],"to":[12.462686,14.428572,9.428572],"rotation":{"angle":0.0,"axis":"y","origin":[4.462685,8.0,5.5714283]},"faces":{"south":{"uv":[5.8125,2.1875,6.8125,3.3125],"rotation":0,"texture":"#0","tintindex":0},"north":{"uv":[3.4375,5.5,4.4375,6.625],"rotation":0,"texture":"#0","tintindex":0},"down":{"uv":[4.4375,6.6875,3.4375,7.0625],"rotation":0,"texture":"#0","tintindex":0},"east":{"uv":[4.5,5.5,4.875,6.625],"rotation":0,"texture":"#0","tintindex":0},"west":{"uv":[6.625,4.0625,7.0,5.1875],"rotation":0,"texture":"#0","tintindex":0},"up":{"uv":[7.375,0.375,6.375,0.0],"rotation":0,"texture":"#0","tintindex":0}}},{"from":[3.4285712,5.285714,4.8571424],"to":[12.571428,8.714286,6.0],"rotation":{"angle":0.0,"axis":"y","origin":[4.462685,8.0,5.5714283]},"faces":{"south":{"uv":[3.1875,4.375,4.1875,4.75],"rotation":0,"texture":"#0","tintindex":0},"north":{"uv":[2.0625,4.375,3.0625,4.75],"rotation":0,"texture":"#0","tintindex":0},"down":{"uv":[4.0625,4.25,3.0625,4.375],"rotation":0,"texture":"#0","tintindex":0},"east":{"uv":[1.9375,4.375,2.0625,4.75],"rotation":0,"texture":"#0","tintindex":0},"west":{"uv":[3.0625,4.375,3.1875,4.75],"rotation":0,"texture":"#0","tintindex":0},"up":{"uv":[3.0625,4.375,2.0625,4.25],"rotation":0,"texture":"#0","tintindex":0}}},{"from":[3.4285712,8.142858,9.428572],"to":[12.571428,13.285715,10.571428],"rotation":{"angle":0.0,"axis":"y","origin":[4.462685,8.0,5.5714283]},"faces":{"south":{"uv":[3.1875,3.625,4.1875,4.1875],"rotation":0,"texture":"#0","tintindex":0},"north":{"uv":[2.0625,3.625,3.0625,4.1875],"rotation":0,"texture":"#0","tintindex":0},"down":{"uv":[4.0625,3.5,3.0625,3.625],"rotation":0,"texture":"#0","tintindex":0},"east":{"uv":[1.9375,3.625,2.0625,4.1875],"rotation":0,"texture":"#0","tintindex":0},"west":{"uv":[3.0625,3.625,3.1875,4.1875],"rotation":0,"texture":"#0","tintindex":0},"up":{"uv":[3.0625,3.625,2.0625,3.5],"rotation":0,"texture":"#0","tintindex":0}}},{"from":[3.4285712,13.285715,4.8571424],"to":[12.571428,15.0,11.142858],"rotation":{"angle":0.0,"axis":"y","origin":[4.462685,8.0,5.5714283]},"faces":{"south":{"uv":[5.5625,7.3125,6.5625,7.5],"rotation":0,"texture":"#0","tintindex":0},"north":{"uv":[4.5,7.25,5.5,7.4375],"rotation":0,"texture":"#0","tintindex":0},"down":{"uv":[7.0,6.0,6.0,6.6875],"rotation":0,"texture":"#0","tintindex":0},"east":{"uv":[7.625,1.3125,8.3125,1.5],"rotation":0,"texture":"#0","tintindex":0},"west":{"uv":[3.3125,7.625,4.0,7.8125],"rotation":0,"texture":"#0","tintindex":0},"up":{"uv":[7.0,5.9375,6.0,5.25],"rotation":0,"texture":"#0","tintindex":0}}},{"from":[6.319828,2.4285712,4.428571],"to":[9.7484,5.8571424,5.5714283],"rotation":{"angle":0.0,"axis":"y","origin":[9.7484,2.4285712,5.0]},"faces":{"south":{"uv":[7.625,0.4375,8.0,0.8125],"rotation":0,"texture":"#0","tintindex":0},"north":{"uv":[5.8125,7.5625,6.1875,7.9375],"rotation":0,"texture":"#0","tintindex":0},"down":{"uv":[7.3125,1.9375,6.9375,2.0625],"rotation":0,"texture":"#0","tintindex":0},"east":{"uv":[1.625,5.0,1.75,5.375],"rotation":0,"texture":"#0","tintindex":0},"west":{"uv":[6.5625,7.75,6.6875,8.125],"rotation":0,"texture":"#0","tintindex":0},"up":{"uv":[4.875,6.8125,4.5,6.6875],"rotation":0,"texture":"#0","tintindex":0}}},{"from":[12.462686,4.142857,6.0],"to":[12.571428,14.428572,9.428572],"rotation":{"angle":0.0,"axis":"y","origin":[4.462685,8.0,5.5714283]},"faces":{"south":{"uv":[0.0,7.6875,0.0625,8.8125],"rotation":0,"texture":"#0","tintindex":0},"north":{"uv":[7.625,7.25,7.6875,8.375],"rotation":0,"texture":"#0","tintindex":0},"down":{"uv":[2.1875,8.0,2.125,8.375],"rotation":0,"texture":"#0","tintindex":0},"east":{"uv":[4.5,5.5,4.875,6.625],"rotation":0,"texture":"#0","tintindex":0},"west":{"uv":[6.625,4.0625,7.0,5.1875],"rotation":0,"texture":"#0","tintindex":0},"up":{"uv":[1.875,4.6875,1.8125,4.3125],"rotation":0,"texture":"#0","tintindex":0}}},{"from":[4.5714283,15.0,5.142857],"to":[11.428572,16.142857,11.428572],"rotation":{"angle":0.0,"axis":"y","origin":[10.285714,15.571428,5.142857]},"faces":{"south":{"uv":[7.625,6.6875,8.375,6.8125],"rotation":0,"texture":"#0","tintindex":0},"north":{"uv":[7.625,6.5,8.375,6.625],"rotation":0,"texture":"#0","tintindex":0},"down":{"uv":[6.875,0.6875,6.125,1.375],"rotation":0,"texture":"#0","tintindex":0},"east":{"uv":[7.625,6.875,8.3125,7.0],"rotation":0,"texture":"#0","tintindex":0},"west":{"uv":[7.625,7.0625,8.3125,7.1875],"rotation":0,"texture":"#0","tintindex":0},"up":{"uv":[5.75,3.3125,5.0,2.625],"rotation":0,"texture":"#0","tintindex":0}}},{"from":[6.857143,12.714286,4.142857],"to":[9.142858,14.428572,4.714286],"rotation":{"angle":22.5,"axis":"x","origin":[8.0,13.0,4.428571]},"faces":{"south":{"uv":[3.3125,7.875,3.5625,8.0625],"rotation":0,"texture":"#0","tintindex":0},"north":{"uv":[6.3125,4.625,6.5625,4.8125],"rotation":0,"texture":"#0","tintindex":0},"down":{"uv":[8.1875,4.4375,7.9375,4.5],"rotation":0,"texture":"#0","tintindex":0},"east":{"uv":[4.4375,8.0,4.5,8.1875],"rotation":0,"texture":"#0","tintindex":0},"west":{"uv":[4.5625,8.0,4.625,8.1875],"rotation":0,"texture":"#0","tintindex":0},"up":{"uv":[4.8125,2.25,4.5625,2.1875],"rotation":0,"texture":"#0","tintindex":0}}},{"from":[7.428571,12.142858,4.142857],"to":[8.571428,12.714286,4.714286],"rotation":{"angle":22.5,"axis":"x","origin":[8.0,13.0,4.428571]},"faces":{"south":{"uv":[8.0,5.125,8.125,5.1875],"rotation":0,"texture":"#0","tintindex":0},"north":{"uv":[6.0625,3.375,6.1875,3.4375],"rotation":0,"texture":"#0","tintindex":0},"down":{"uv":[8.125,5.25,8.0,5.3125],"rotation":0,"texture":"#0","tintindex":0},"east":{"uv":[5.625,8.0,5.6875,8.0625],"rotation":0,"texture":"#0","tintindex":0},"west":{"uv":[5.75,8.0,5.8125,8.0625],"rotation":0,"texture":"#0","tintindex":0},"up":{"uv":[5.3125,8.0625,5.1875,8.0],"rotation":0,"texture":"#0","tintindex":0}}},{"from":[4.5714283,0.7142854,5.428571],"to":[11.428572,3.0,6.0],"rotation":{"angle":0.0,"axis":"y","origin":[4.462685,8.0,5.5714283]},"faces":{"south":{"uv":[5.8125,4.9375,6.5625,5.1875],"rotation":0,"texture":"#0","tintindex":0},"north":{"uv":[5.0,4.9375,5.75,5.1875],"rotation":0,"texture":"#0","tintindex":0},"down":{"uv":[6.5,4.875,5.75,4.9375],"rotation":0,"texture":"#0","tintindex":0},"east":{"uv":[4.9375,4.9375,5.0,5.1875],"rotation":0,"texture":"#0","tintindex":0},"west":{"uv":[5.75,4.9375,5.8125,5.1875],"rotation":0,"texture":"#0","tintindex":0},"up":{"uv":[5.75,4.9375,5.0,4.875],"rotation":0,"texture":"#0","tintindex":0}}}],"textures":{"0":"modelengine:entity/goblins/goblin_4"},"display":{"head":{"translation":[0.0,-6.4,0.0],"scale":[4.0,4.0,4.0]}}}