{"elements":[{"from":[4.5714283,8.0,4.5714283],"to":[11.428572,12.571428,10.285714],"rotation":{"angle":0.0,"axis":"y","origin":[5.142857,10.285714,5.714286]},"faces":{"south":{"uv":[6.8125,6.75,7.5625,7.25],"rotation":0,"texture":"#0","tintindex":0},"north":{"uv":[6.0,6.75,6.75,7.25],"rotation":0,"texture":"#0","tintindex":0},"down":{"uv":[7.0625,3.375,6.3125,4.0],"rotation":0,"texture":"#0","tintindex":0},"east":{"uv":[6.9375,1.0625,7.5625,1.5625],"rotation":0,"texture":"#0","tintindex":0},"west":{"uv":[1.75,6.9375,2.375,7.4375],"rotation":0,"texture":"#0","tintindex":0},"up":{"uv":[6.875,2.0625,6.125,1.4375],"rotation":0,"texture":"#0","tintindex":0}}},{"from":[6.857143,7.428571,3.4285712],"to":[9.142858,10.857143,4.5714283],"rotation":{"angle":0.0,"axis":"y","origin":[5.142857,9.714286,1.1428566]},"faces":{"south":{"uv":[7.625,6.0625,7.875,6.4375],"rotation":0,"texture":"#0","tintindex":0},"north":{"uv":[7.625,4.125,7.875,4.5],"rotation":0,"texture":"#0","tintindex":0},"down":{"uv":[1.25,8.0,1.0,8.125],"rotation":0,"texture":"#0","tintindex":0},"east":{"uv":[7.75,7.625,7.875,8.0],"rotation":0,"texture":"#0","tintindex":0},"west":{"uv":[7.875,0.0,8.0,0.375],"rotation":0,"texture":"#0","tintindex":0},"up":{"uv":[8.1875,8.0625,7.9375,7.9375],"rotation":0,"texture":"#0","tintindex":0}}},{"from":[9.142858,9.142858,4.0],"to":[9.714286,10.285714,4.5714283],"rotation":{"angle":0.0,"axis":"y","origin":[5.714286,9.714286,1.1428566]},"faces":{"south":{"uv":[4.6875,8.0,4.75,8.125],"rotation":0,"texture":"#0","tintindex":0},"north":{"uv":[2.875,7.4375,2.9375,7.5625],"rotation":0,"texture":"#0","tintindex":0},"down":{"uv":[5.4375,8.0,5.375,8.0625],"rotation":0,"texture":"#0","tintindex":0},"east":{"uv":[8.0,4.5625,8.0625,4.6875],"rotation":0,"texture":"#0","tintindex":0},"west":{"uv":[8.0,4.75,8.0625,4.875],"rotation":0,"texture":"#0","tintindex":0},"up":{"uv":[4.9375,2.25,4.875,2.1875],"rotation":0,"texture":"#0","tintindex":0}}},{"from":[6.285714,9.142858,4.0],"to":[6.857143,10.285714,4.5714283],"rotation":{"angle":0.0,"axis":"y","origin":[2.8571424,9.714286,1.1428566]},"faces":{"south":{"uv":[8.0,4.9375,8.0625,5.0625],"rotation":0,"texture":"#0","tintindex":0},"north":{"uv":[4.8125,8.0,4.875,8.125],"rotation":0,"texture":"#0","tintindex":0},"down":{"uv":[5.5625,8.0,5.5,8.0625],"rotation":0,"texture":"#0","tintindex":0},"east":{"uv":[4.9375,8.0,5.0,8.125],"rotation":0,"texture":"#0","tintindex":0},"west":{"uv":[5.0625,8.0,5.125,8.125],"rotation":0,"texture":"#0","tintindex":0},"up":{"uv":[8.0625,5.4375,8.0,5.375],"rotation":0,"texture":"#0","tintindex":0}}},{"from":[6.857143,12.571428,4.5714283],"to":[9.142858,17.142857,5.714286],"rotation":{"angle":0.0,"axis":"y","origin":[5.142857,14.857143,5.714286]},"faces":{"south":{"uv":[6.25,7.5625,6.5,8.0625],"rotation":0,"texture":"#0","tintindex":0},"north":{"uv":[6.3125,4.0625,6.5625,4.5625],"rotation":0,"texture":"#0","tintindex":0},"down":{"uv":[8.25,1.5625,8.0,1.6875],"rotation":0,"texture":"#0","tintindex":0},"east":{"uv":[0.125,7.6875,0.25,8.1875],"rotation":0,"texture":"#0","tintindex":0},"west":{"uv":[0.3125,7.6875,0.4375,8.1875],"rotation":0,"texture":"#0","tintindex":0},"up":{"uv":[1.5625,8.125,1.3125,8.0],"rotation":0,"texture":"#0","tintindex":0}}},{"from":[4.5714283,12.571428,5.142857],"to":[6.285714,15.428572,6.285714],"rotation":{"angle":0.0,"axis":"y","origin":[2.8571424,14.857143,6.285714]},"faces":{"south":{"uv":[0.75,7.6875,0.9375,8.0],"rotation":0,"texture":"#0","tintindex":0},"north":{"uv":[0.5,7.6875,0.6875,8.0],"rotation":0,"texture":"#0","tintindex":0},"down":{"uv":[2.625,8.0,2.4375,8.125],"rotation":0,"texture":"#0","tintindex":0},"east":{"uv":[3.875,7.875,4.0,8.1875],"rotation":0,"texture":"#0","tintindex":0},"west":{"uv":[7.875,5.5,8.0,5.8125],"rotation":0,"texture":"#0","tintindex":0},"up":{"uv":[8.1875,2.375,8.0,2.25],"rotation":0,"texture":"#0","tintindex":0}}},{"from":[10.285714,8.571428,4.0],"to":[10.857143,9.714286,4.5714283],"rotation":{"angle":0.0,"axis":"y","origin":[6.857143,9.142858,1.1428566]},"faces":{"south":{"uv":[8.0,4.9375,8.0625,5.0625],"rotation":0,"texture":"#0","tintindex":0},"north":{"uv":[4.8125,8.0,4.875,8.125],"rotation":0,"texture":"#0","tintindex":0},"down":{"uv":[5.5625,8.0,5.5,8.0625],"rotation":0,"texture":"#0","tintindex":0},"east":{"uv":[4.9375,8.0,5.0,8.125],"rotation":0,"texture":"#0","tintindex":0},"west":{"uv":[5.0625,8.0,5.125,8.125],"rotation":0,"texture":"#0","tintindex":0},"up":{"uv":[8.0625,5.4375,8.0,5.375],"rotation":0,"texture":"#0","tintindex":0}}},{"from":[5.142857,8.571428,4.0],"to":[5.714286,9.714286,4.5714283],"rotation":{"angle":0.0,"axis":"y","origin":[1.7142854,9.142858,1.1428566]},"faces":{"south":{"uv":[8.0,4.9375,8.0625,5.0625],"rotation":0,"texture":"#0","tintindex":0},"north":{"uv":[4.8125,8.0,4.875,8.125],"rotation":0,"texture":"#0","tintindex":0},"down":{"uv":[5.5625,8.0,5.5,8.0625],"rotation":0,"texture":"#0","tintindex":0},"east":{"uv":[4.9375,8.0,5.0,8.125],"rotation":0,"texture":"#0","tintindex":0},"west":{"uv":[5.0625,8.0,5.125,8.125],"rotation":0,"texture":"#0","tintindex":0},"up":{"uv":[8.0625,5.4375,8.0,5.375],"rotation":0,"texture":"#0","tintindex":0}}},{"from":[9.714286,12.571428,5.142857],"to":[11.428572,15.428572,6.285714],"rotation":{"angle":0.0,"axis":"y","origin":[8.0,14.857143,6.285714]},"faces":{"south":{"uv":[0.75,7.6875,0.9375,8.0],"rotation":0,"texture":"#0","tintindex":0},"north":{"uv":[0.5,7.6875,0.6875,8.0],"rotation":0,"texture":"#0","tintindex":0},"down":{"uv":[2.625,8.0,2.4375,8.125],"rotation":0,"texture":"#0","tintindex":0},"east":{"uv":[3.875,7.875,4.0,8.1875],"rotation":0,"texture":"#0","tintindex":0},"west":{"uv":[7.875,5.5,8.0,5.8125],"rotation":0,"texture":"#0","tintindex":0},"up":{"uv":[8.1875,2.375,8.0,2.25],"rotation":0,"texture":"#0","tintindex":0}}},{"from":[6.857143,11.428572,3.4285712],"to":[9.142858,13.714286,4.5714283],"rotation":{"angle":0.0,"axis":"y","origin":[8.0,11.428572,3.4285712]},"faces":{"south":{"uv":[5.5625,6.9375,5.8125,7.1875],"rotation":0,"texture":"#0","tintindex":0},"north":{"uv":[2.625,3.125,2.875,3.375],"rotation":0,"texture":"#0","tintindex":0},"down":{"uv":[8.25,2.0625,8.0,2.1875],"rotation":0,"texture":"#0","tintindex":0},"east":{"uv":[1.625,8.0,1.75,8.25],"rotation":0,"texture":"#0","tintindex":0},"west":{"uv":[8.0,1.75,8.125,2.0],"rotation":0,"texture":"#0","tintindex":0},"up":{"uv":[2.0625,8.125,1.8125,8.0],"rotation":0,"texture":"#0","tintindex":0}}},{"from":[-0.92537117,8.0,7.3790956],"to":[4.7889156,13.142858,7.3790956],"rotation":{"angle":22.5,"axis":"y","origin":[1.9317722,10.571428,7.3790956]},"faces":{"south":{"uv":[6.875,2.125,7.5,2.6875],"rotation":0,"texture":"#0","tintindex":0},"north":{"uv":[1.0625,6.875,1.6875,7.4375],"rotation":0,"texture":"#0","tintindex":0},"down":{"uv":[4.0,4.8125,3.375,4.8125],"rotation":0,"texture":"#0","tintindex":0},"east":{"uv":[6.0625,8.0,6.0625,8.5625],"rotation":0,"texture":"#0","tintindex":0},"west":{"uv":[6.0625,8.0,6.0625,8.5625],"rotation":0,"texture":"#0","tintindex":0},"up":{"uv":[4.0,4.8125,3.375,4.8125],"rotation":0,"texture":"#0","tintindex":0}}},{"from":[11.211084,8.0,7.3790956],"to":[16.925371,13.142858,7.3790956],"rotation":{"angle":-22.5,"axis":"y","origin":[14.068228,10.571428,7.3790956]},"faces":{"south":{"uv":[6.9375,0.4375,7.5625,1.0],"rotation":0,"texture":"#0","tintindex":0},"north":{"uv":[6.875,2.75,7.5,3.3125],"rotation":0,"texture":"#0","tintindex":0},"down":{"uv":[4.0,4.8125,3.375,4.8125],"rotation":0,"texture":"#0","tintindex":0},"east":{"uv":[6.0625,8.0,6.0625,8.5625],"rotation":0,"texture":"#0","tintindex":0},"west":{"uv":[6.0625,8.0,6.0625,8.5625],"rotation":0,"texture":"#0","tintindex":0},"up":{"uv":[4.0,4.8125,3.375,4.8125],"rotation":0,"texture":"#0","tintindex":0}}}],"textures":{"0":"modelengine:entity/goblins/goblin_4"},"display":{"head":{"translation":[0.0,-6.4,0.0],"scale":[4.0,4.0,4.0]}}}