{"elements":[{"from":[6.857143,-3.4285717,5.714286],"to":[10.857143,2.2857141,10.285714],"rotation":{"angle":0.0,"axis":"y","origin":[5.823029,3.8571424,5.8571424]},"faces":{"south":{"uv":[1.4375,3.625,1.875,4.25],"rotation":0,"texture":"#0","tintindex":0},"north":{"uv":[0.5,3.625,0.9375,4.25],"rotation":0,"texture":"#0","tintindex":0},"down":{"uv":[1.375,3.125,0.9375,3.625],"rotation":0,"texture":"#0","tintindex":0},"east":{"uv":[0.0,3.625,0.5,4.25],"rotation":0,"texture":"#0","tintindex":0},"west":{"uv":[0.9375,3.625,1.4375,4.25],"rotation":0,"texture":"#0","tintindex":0},"up":{"uv":[0.9375,3.625,0.5,3.125],"rotation":0,"texture":"#0","tintindex":0}}},{"from":[6.857143,2.2857141,6.285714],"to":[10.285714,6.285714,9.714286],"rotation":{"angle":0.0,"axis":"y","origin":[5.823029,3.8571424,5.8571424]},"faces":{"south":{"uv":[7.5625,2.4375,7.9375,2.875],"rotation":0,"texture":"#0","tintindex":0},"north":{"uv":[4.9375,7.5,5.3125,7.9375],"rotation":0,"texture":"#0","tintindex":0},"down":{"uv":[5.75,7.5625,5.375,7.9375],"rotation":0,"texture":"#0","tintindex":0},"east":{"uv":[7.5625,1.9375,7.9375,2.375],"rotation":0,"texture":"#0","tintindex":0},"west":{"uv":[7.5625,4.5625,7.9375,5.0],"rotation":0,"texture":"#0","tintindex":0},"up":{"uv":[7.9375,5.4375,7.5625,5.0625],"rotation":0,"texture":"#0","tintindex":0}}},{"from":[6.857143,6.285714,5.714286],"to":[10.857143,10.285714,10.285714],"rotation":{"angle":0.0,"axis":"y","origin":[5.823029,3.8571424,5.8571424]},"faces":{"south":{"uv":[4.0,7.125,4.4375,7.5625],"rotation":0,"texture":"#0","tintindex":0},"north":{"uv":[3.5,7.125,3.9375,7.5625],"rotation":0,"texture":"#0","tintindex":0},"down":{"uv":[0.9375,7.125,0.5,7.625],"rotation":0,"texture":"#0","tintindex":0},"east":{"uv":[7.0625,5.6875,7.5625,6.125],"rotation":0,"texture":"#0","tintindex":0},"west":{"uv":[7.0625,6.1875,7.5625,6.625],"rotation":0,"texture":"#0","tintindex":0},"up":{"uv":[0.4375,7.625,0.0,7.125],"rotation":0,"texture":"#0","tintindex":0}}}],"textures":{"0":"modelengine:entity/goblins/goblin_4"},"display":{"head":{"translation":[0.0,-6.4,0.0],"scale":[4.0,4.0,4.0]}}}