{"elements":[{"from":[5.714286,4.0,5.714286],"to":[10.285714,5.142857,10.285714],"rotation":{"angle":0.0,"axis":"y","origin":[1.6055422,13.0,5.8571424]},"faces":{"south":{"uv":[5.75,4.0,6.25,4.125],"rotation":0,"texture":"#0","tintindex":0},"north":{"uv":[4.75,4.0,5.25,4.125],"rotation":0,"texture":"#0","tintindex":0},"down":{"uv":[5.75,3.5,5.25,4.0],"rotation":0,"texture":"#0","tintindex":0},"east":{"uv":[4.25,4.0,4.75,4.125],"rotation":0,"texture":"#0","tintindex":0},"west":{"uv":[5.25,4.0,5.75,4.125],"rotation":0,"texture":"#0","tintindex":0},"up":{"uv":[5.25,4.0,4.75,3.5],"rotation":0,"texture":"#0","tintindex":0}}},{"from":[6.285714,2.2857141,6.285714],"to":[9.714286,4.0,9.714286],"rotation":{"angle":0.0,"axis":"y","origin":[1.6055422,13.0,5.8571424]},"faces":{"south":{"uv":[2.9375,5.1875,3.3125,5.375],"rotation":0,"texture":"#0","tintindex":0},"north":{"uv":[2.1875,5.1875,2.5625,5.375],"rotation":0,"texture":"#0","tintindex":0},"down":{"uv":[2.9375,4.8125,2.5625,5.1875],"rotation":0,"texture":"#0","tintindex":0},"east":{"uv":[1.8125,5.1875,2.1875,5.375],"rotation":0,"texture":"#0","tintindex":0},"west":{"uv":[2.5625,5.1875,2.9375,5.375],"rotation":0,"texture":"#0","tintindex":0},"up":{"uv":[2.5625,5.1875,2.1875,4.8125],"rotation":0,"texture":"#0","tintindex":0}}},{"from":[6.285714,1.1428566,5.142857],"to":[9.714286,2.2857141,9.714286],"rotation":{"angle":0.0,"axis":"y","origin":[1.6055422,13.0,5.8571424]},"faces":{"south":{"uv":[1.375,4.8125,1.75,4.9375],"rotation":0,"texture":"#0","tintindex":0},"north":{"uv":[0.5,4.8125,0.875,4.9375],"rotation":0,"texture":"#0","tintindex":0},"down":{"uv":[1.25,4.3125,0.875,4.8125],"rotation":0,"texture":"#0","tintindex":0},"east":{"uv":[0.0,4.8125,0.5,4.9375],"rotation":0,"texture":"#0","tintindex":0},"west":{"uv":[0.875,4.8125,1.375,4.9375],"rotation":0,"texture":"#0","tintindex":0},"up":{"uv":[0.875,4.8125,0.5,4.3125],"rotation":0,"texture":"#0","tintindex":0}}},{"from":[6.285714,5.142857,6.285714],"to":[9.714286,8.0,9.714286],"rotation":{"angle":0.0,"axis":"y","origin":[1.6055422,13.0,5.8571424]},"faces":{"south":{"uv":[5.6875,1.0625,6.0625,1.375],"rotation":0,"texture":"#0","tintindex":0},"north":{"uv":[4.9375,1.0625,5.3125,1.375],"rotation":0,"texture":"#0","tintindex":0},"down":{"uv":[5.6875,0.6875,5.3125,1.0625],"rotation":0,"texture":"#0","tintindex":0},"east":{"uv":[4.5625,1.0625,4.9375,1.375],"rotation":0,"texture":"#0","tintindex":0},"west":{"uv":[5.3125,1.0625,5.6875,1.375],"rotation":0,"texture":"#0","tintindex":0},"up":{"uv":[5.3125,1.0625,4.9375,0.6875],"rotation":0,"texture":"#0","tintindex":0}}}],"textures":{"0":"modelengine:entity/goblins/goblin_4"},"display":{"head":{"translation":[0.0,-6.4,0.0],"scale":[4.0,4.0,4.0]}}}