{"elements":[{"from":[6.857143,8.0165825,5.2063484],"to":[9.142858,9.15944,6.3492055],"rotation":{"angle":0.0,"axis":"y","origin":[8.0,10.302298,6.9206343]},"faces":{"south":{"uv":[10.375,4.9375,10.625,5.0625],"rotation":0,"texture":"#0","tintindex":0},"north":{"uv":[10.375,4.4375,10.625,4.5625],"rotation":0,"texture":"#0","tintindex":0},"down":{"uv":[10.625,5.3125,10.375,5.4375],"rotation":0,"texture":"#0","tintindex":0},"east":{"uv":[9.25,6.25,9.375,6.375],"rotation":0,"texture":"#0","tintindex":0},"west":{"uv":[1.625,10.3125,1.75,10.4375],"rotation":0,"texture":"#0","tintindex":0},"up":{"uv":[10.625,5.25,10.375,5.125],"rotation":0,"texture":"#0","tintindex":0}}},{"from":[5.714286,9.15944,5.2063484],"to":[10.285714,13.730869,9.777777],"rotation":{"angle":0.0,"axis":"y","origin":[8.0,10.873726,7.4920626]},"faces":{"south":{"uv":[0.9375,8.8125,1.4375,9.3125],"rotation":0,"texture":"#0","tintindex":0},"north":{"uv":[8.75,2.8125,9.25,3.3125],"rotation":0,"texture":"#0","tintindex":0},"down":{"uv":[9.4375,0.0,8.9375,0.5],"rotation":0,"texture":"#0","tintindex":0},"east":{"uv":[8.3125,8.75,8.8125,9.25],"rotation":0,"texture":"#0","tintindex":0},"west":{"uv":[1.5,8.8125,2.0,9.3125],"rotation":0,"texture":"#0","tintindex":0},"up":{"uv":[9.375,9.25,8.875,8.75],"rotation":0,"texture":"#0","tintindex":0}}},{"from":[5.428571,10.873726,5.4920626],"to":[10.571428,20.016582,10.63492],"rotation":{"angle":0.0,"axis":"y","origin":[8.0,11.445154,8.063492]},"faces":{"south":{"uv":[7.75,7.375,8.3125,8.375],"rotation":0,"texture":"#0","tintindex":0},"north":{"uv":[1.125,7.75,1.6875,8.75],"rotation":0,"texture":"#0","tintindex":0},"down":{"uv":[7.5,8.375,6.9375,8.9375],"rotation":0,"texture":"#0","tintindex":0},"east":{"uv":[1.75,7.75,2.3125,8.75],"rotation":0,"texture":"#0","tintindex":0},"west":{"uv":[7.8125,4.6875,8.375,5.6875],"rotation":0,"texture":"#0","tintindex":0},"up":{"uv":[6.875,8.375,6.3125,7.8125],"rotation":0,"texture":"#0","tintindex":0}}},{"from":[4.8571424,10.873726,4.9206343],"to":[11.142858,19.445156,11.206348],"rotation":{"angle":0.0,"axis":"y","origin":[8.0,11.445154,8.063492]},"faces":{"south":{"uv":[7.125,2.6875,7.8125,3.625],"rotation":0,"texture":"#0","tintindex":0},"north":{"uv":[6.9375,6.5625,7.625,7.5],"rotation":0,"texture":"#0","tintindex":0},"down":{"uv":[8.5625,1.6875,7.875,2.375],"rotation":0,"texture":"#0","tintindex":0},"east":{"uv":[7.125,1.6875,7.8125,2.625],"rotation":0,"texture":"#0","tintindex":0},"west":{"uv":[7.125,3.6875,7.8125,4.625],"rotation":0,"texture":"#0","tintindex":0},"up":{"uv":[8.5,6.4375,7.8125,5.75],"rotation":0,"texture":"#0","tintindex":0}}},{"from":[7.142857,19.314663,4.2646055],"to":[8.857143,22.171806,4.2646055],"rotation":{"angle":-22.5,"axis":"x","origin":[8.0,21.02895,4.2646055]},"faces":{"south":{"uv":[10.125,0.0,10.3125,0.3125],"rotation":0,"texture":"#0","tintindex":0},"north":{"uv":[0.0,10.125,0.1875,10.4375],"rotation":0,"texture":"#0","tintindex":0},"down":{"uv":[1.5625,7.6875,1.375,7.6875],"rotation":0,"texture":"#0","tintindex":0},"east":{"uv":[4.0625,10.4375,4.0625,10.75],"rotation":0,"texture":"#0","tintindex":0},"west":{"uv":[4.125,10.4375,4.125,10.75],"rotation":0,"texture":"#0","tintindex":0},"up":{"uv":[1.3125,7.6875,1.125,7.6875],"rotation":0,"texture":"#0","tintindex":0}}},{"from":[7.142857,19.314663,11.862377],"to":[8.857143,22.171806,11.862377],"rotation":{"angle":22.5,"axis":"x","origin":[8.0,21.02895,11.862377]},"faces":{"south":{"uv":[10.125,0.375,10.3125,0.6875],"rotation":0,"texture":"#0","tintindex":0},"north":{"uv":[0.25,10.125,0.4375,10.4375],"rotation":0,"texture":"#0","tintindex":0},"down":{"uv":[8.25,6.5,8.0625,6.5],"rotation":0,"texture":"#0","tintindex":0},"east":{"uv":[4.1875,10.4375,4.1875,10.75],"rotation":0,"texture":"#0","tintindex":0},"west":{"uv":[4.25,10.4375,4.25,10.75],"rotation":0,"texture":"#0","tintindex":0},"up":{"uv":[8.0,6.5,7.8125,6.5],"rotation":0,"texture":"#0","tintindex":0}}},{"from":[4.201114,19.314663,7.2063484],"to":[4.201114,22.171806,8.920634],"rotation":{"angle":22.5,"axis":"z","origin":[4.201114,21.02895,8.063492]},"faces":{"south":{"uv":[4.375,10.4375,4.375,10.75],"rotation":0,"texture":"#0","tintindex":0},"north":{"uv":[4.3125,10.4375,4.3125,10.75],"rotation":0,"texture":"#0","tintindex":0},"down":{"uv":[8.3125,8.4375,8.3125,8.625],"rotation":0,"texture":"#0","tintindex":0},"east":{"uv":[10.125,2.5,10.3125,2.8125],"rotation":0,"texture":"#0","tintindex":0},"west":{"uv":[10.125,6.25,10.3125,6.5625],"rotation":0,"texture":"#0","tintindex":0},"up":{"uv":[2.875,7.75,2.875,7.5625],"rotation":0,"texture":"#0","tintindex":0}}},{"from":[11.798885,19.314663,7.2063484],"to":[11.798885,22.171806,8.920634],"rotation":{"angle":-22.5,"axis":"z","origin":[11.798885,21.02895,8.063492]},"faces":{"south":{"uv":[4.5,10.4375,4.5,10.75],"rotation":0,"texture":"#0","tintindex":0},"north":{"uv":[4.4375,10.4375,4.4375,10.75],"rotation":0,"texture":"#0","tintindex":0},"down":{"uv":[3.0625,8.625,3.0625,8.8125],"rotation":0,"texture":"#0","tintindex":0},"east":{"uv":[10.125,8.4375,10.3125,8.75],"rotation":0,"texture":"#0","tintindex":0},"west":{"uv":[10.125,8.8125,10.3125,9.125],"rotation":0,"texture":"#0","tintindex":0},"up":{"uv":[1.0625,8.6875,1.0625,8.5],"rotation":0,"texture":"#0","tintindex":0}}},{"from":[4.8571424,6.873726,4.9206343],"to":[11.142858,10.873726,11.206348],"rotation":{"angle":0.0,"axis":"y","origin":[8.0,0.58801126,8.063492]},"faces":{"south":{"uv":[8.4375,5.0,9.125,5.4375],"rotation":0,"texture":"#0","tintindex":0},"north":{"uv":[8.4375,4.5,9.125,4.9375],"rotation":0,"texture":"#0","tintindex":0},"down":{"uv":[8.5625,2.4375,7.875,3.125],"rotation":0,"texture":"#0","tintindex":0},"east":{"uv":[4.6875,8.4375,5.375,8.875],"rotation":0,"texture":"#0","tintindex":0},"west":{"uv":[5.4375,8.4375,6.125,8.875],"rotation":0,"texture":"#0","tintindex":0},"up":{"uv":[3.0625,8.5625,2.375,7.875],"rotation":0,"texture":"#0","tintindex":0}}}],"textures":{"0":"modelengine:entity/miniboss/miniboss_skeleton"},"display":{"head":{"translation":[0.0,-6.4,0.0],"scale":[4.0,4.0,4.0]}}}