{"elements":[{"from":[6.857143,4.590897,6.857143],"to":[9.142858,8.01692,9.142858],"rotation":{"angle":0.0,"axis":"y","origin":[4.3634515,9.513165,8.0]},"faces":{"south":{"uv":[9.8125,2.5625,10.0625,2.9375],"rotation":0,"texture":"#0","tintindex":0},"north":{"uv":[9.8125,0.0,10.0625,0.375],"rotation":0,"texture":"#0","tintindex":0},"down":{"uv":[6.0625,10.0,5.8125,10.25],"rotation":0,"texture":"#0","tintindex":0},"east":{"uv":[9.8125,0.4375,10.0625,0.8125],"rotation":0,"texture":"#0","tintindex":0},"west":{"uv":[9.8125,6.5,10.0625,6.875],"rotation":0,"texture":"#0","tintindex":0},"up":{"uv":[2.8125,7.8125,2.5625,7.5625],"rotation":0,"texture":"#0","tintindex":0}}},{"from":[6.285714,2.8766112,6.285714],"to":[9.714286,5.162326,9.714286],"rotation":{"angle":0.0,"axis":"y","origin":[4.3634515,9.513165,8.0]},"faces":{"south":{"uv":[9.875,1.6875,10.25,1.9375],"rotation":0,"texture":"#0","tintindex":0},"north":{"uv":[9.6875,4.25,10.0625,4.5],"rotation":0,"texture":"#0","tintindex":0},"down":{"uv":[9.8125,2.125,9.4375,2.5],"rotation":0,"texture":"#0","tintindex":0},"east":{"uv":[9.8125,6.9375,10.1875,7.1875],"rotation":0,"texture":"#0","tintindex":0},"west":{"uv":[9.875,2.0,10.25,2.25],"rotation":0,"texture":"#0","tintindex":0},"up":{"uv":[9.8125,2.0625,9.4375,1.6875],"rotation":0,"texture":"#0","tintindex":0}}},{"from":[6.857143,1.1623254,6.857143],"to":[9.142858,4.590897,9.142858],"rotation":{"angle":0.0,"axis":"y","origin":[4.3634515,9.513165,8.0]},"faces":{"south":{"uv":[6.1875,9.875,6.4375,10.25],"rotation":0,"texture":"#0","tintindex":0},"north":{"uv":[9.875,4.5625,10.125,4.9375],"rotation":0,"texture":"#0","tintindex":0},"down":{"uv":[10.3125,3.0,10.0625,3.25],"rotation":0,"texture":"#0","tintindex":0},"east":{"uv":[4.8125,9.875,5.0625,10.25],"rotation":0,"texture":"#0","tintindex":0},"west":{"uv":[6.5,9.875,6.75,10.25],"rotation":0,"texture":"#0","tintindex":0},"up":{"uv":[9.375,10.25,9.125,10.0],"rotation":0,"texture":"#0","tintindex":0}}}],"textures":{"0":"modelengine:entity/miniboss/miniboss_skeleton"},"display":{"head":{"translation":[0.0,-6.4,0.0],"scale":[4.0,4.0,4.0]}}}