{"elements":[{"from":[6.5714283,7.428571,6.5714283],"to":[9.428572,8.571428,9.428572],"rotation":{"angle":0.0,"axis":"y","origin":[9.714286,24.57143,8.0]},"faces":{"south":{"uv":[10.0625,10.25,10.375,10.375],"rotation":0,"texture":"#0","tintindex":0},"north":{"uv":[10.25,8.0,10.5625,8.125],"rotation":0,"texture":"#0","tintindex":0},"down":{"uv":[10.0625,8.5,9.75,8.8125],"rotation":0,"texture":"#0","tintindex":0},"east":{"uv":[10.25,8.1875,10.5625,8.3125],"rotation":0,"texture":"#0","tintindex":0},"west":{"uv":[0.5,10.3125,0.8125,10.4375],"rotation":0,"texture":"#0","tintindex":0},"up":{"uv":[9.75,7.125,9.4375,6.8125],"rotation":0,"texture":"#0","tintindex":0}}},{"from":[6.857143,3.4285712,6.857143],"to":[9.142858,7.428571,9.142858],"rotation":{"angle":0.0,"axis":"y","origin":[9.714286,24.57143,8.0]},"faces":{"south":{"uv":[9.6875,3.75,9.9375,4.1875],"rotation":0,"texture":"#0","tintindex":0},"north":{"uv":[9.625,0.9375,9.875,1.375],"rotation":0,"texture":"#0","tintindex":0},"down":{"uv":[7.0625,10.0625,6.8125,10.3125],"rotation":0,"texture":"#0","tintindex":0},"east":{"uv":[9.625,8.0,9.875,8.4375],"rotation":0,"texture":"#0","tintindex":0},"west":{"uv":[9.6875,9.25,9.9375,9.6875],"rotation":0,"texture":"#0","tintindex":0},"up":{"uv":[10.3125,6.1875,10.0625,5.9375],"rotation":0,"texture":"#0","tintindex":0}}},{"from":[6.857143,3.4285712,5.142857],"to":[9.142858,5.142857,6.857143],"rotation":{"angle":0.0,"axis":"y","origin":[9.714286,24.57143,8.0]},"faces":{"south":{"uv":[10.125,6.625,10.375,6.8125],"rotation":0,"texture":"#0","tintindex":0},"north":{"uv":[9.4375,5.5625,9.6875,5.75],"rotation":0,"texture":"#0","tintindex":0},"down":{"uv":[10.5,0.75,10.25,0.9375],"rotation":0,"texture":"#0","tintindex":0},"east":{"uv":[6.4375,10.3125,6.625,10.5],"rotation":0,"texture":"#0","tintindex":0},"west":{"uv":[7.5625,10.3125,7.75,10.5],"rotation":0,"texture":"#0","tintindex":0},"up":{"uv":[10.4375,4.875,10.1875,4.6875],"rotation":0,"texture":"#0","tintindex":0}}}],"textures":{"0":"modelengine:entity/miniboss/miniboss_skeleton"},"display":{"head":{"translation":[0.0,-6.4,0.0],"scale":[4.0,4.0,4.0]}}}