{"elements":[{"from":[5.0857143,6.5,7.000001],"to":[5.0857143,13.928572,14.428573],"rotation":{"angle":0.0,"axis":"y","origin":[6.1571426,7.928571,10.714287]},"faces":{"south":{"uv":[0.0,0.0,0.0,0.8125],"rotation":0,"texture":"#0","tintindex":0},"north":{"uv":[0.0,0.0,0.0,0.8125],"rotation":0,"texture":"#0","tintindex":0},"down":{"uv":[0.0,0.0,0.0,0.8125],"rotation":0,"texture":"#0","tintindex":0},"east":{"uv":[2.875,0.0,3.6875,0.8125],"rotation":0,"texture":"#0","tintindex":0},"west":{"uv":[2.875,0.8125,3.6875,1.625],"rotation":0,"texture":"#0","tintindex":0},"up":{"uv":[0.0,0.8125,0.0,0.0],"rotation":0,"texture":"#0","tintindex":0}}},{"from":[6.3714285,1.6428571,15.285715],"to":[8.085714,14.214286,17.000002],"rotation":{"angle":0.0,"axis":"y","origin":[6.1571426,7.928571,10.714287]},"faces":{"south":{"uv":[6.6875,8.4375,6.875,9.8125],"rotation":0,"texture":"#0","tintindex":0},"north":{"uv":[6.1875,8.4375,6.375,9.8125],"rotation":0,"texture":"#0","tintindex":0},"down":{"uv":[4.75,10.25,4.5625,10.4375],"rotation":0,"texture":"#0","tintindex":0},"east":{"uv":[6.4375,8.4375,6.625,9.8125],"rotation":0,"texture":"#0","tintindex":0},"west":{"uv":[7.5625,8.4375,7.75,9.8125],"rotation":0,"texture":"#0","tintindex":0},"up":{"uv":[3.8125,10.4375,3.625,10.25],"rotation":0,"texture":"#0","tintindex":0}}},{"from":[6.3714285,12.5,6.142858],"to":[8.085714,14.214286,15.285715],"rotation":{"angle":0.0,"axis":"y","origin":[6.1571426,7.928571,10.714287]},"faces":{"south":{"uv":[10.3125,3.625,10.5,3.8125],"rotation":0,"texture":"#0","tintindex":0},"north":{"uv":[10.3125,2.0,10.5,2.1875],"rotation":0,"texture":"#0","tintindex":0},"down":{"uv":[5.875,8.9375,5.6875,9.9375],"rotation":0,"texture":"#0","tintindex":0},"east":{"uv":[8.9375,1.4375,9.9375,1.625],"rotation":0,"texture":"#0","tintindex":0},"west":{"uv":[8.9375,7.25,9.9375,7.4375],"rotation":0,"texture":"#0","tintindex":0},"up":{"uv":[2.25,9.8125,2.0625,8.8125],"rotation":0,"texture":"#0","tintindex":0}}},{"from":[7.2285714,14.214286,9.285715],"to":[7.2285714,22.214287,12.1428585],"rotation":{"angle":0.0,"axis":"y","origin":[6.1571426,7.928571,10.714287]},"faces":{"south":{"uv":[2.125,10.375,2.125,11.25],"rotation":0,"texture":"#0","tintindex":0},"north":{"uv":[9.375,10.3125,9.375,11.1875],"rotation":0,"texture":"#0","tintindex":0},"down":{"uv":[9.125,3.8125,9.125,4.125],"rotation":0,"texture":"#0","tintindex":0},"east":{"uv":[2.5625,4.75,2.875,5.625],"rotation":0,"texture":"#0","tintindex":0},"west":{"uv":[2.5625,5.6875,2.875,6.5625],"rotation":0,"texture":"#0","tintindex":0},"up":{"uv":[2.3125,9.125,2.3125,8.8125],"rotation":0,"texture":"#0","tintindex":0}}},{"from":[7.2285714,-6.3571434,9.285715],"to":[7.2285714,1.6428571,12.1428585],"rotation":{"angle":0.0,"axis":"y","origin":[6.1571426,7.928571,10.714287]},"faces":{"south":{"uv":[2.25,10.375,2.25,11.25],"rotation":0,"texture":"#0","tintindex":0},"north":{"uv":[2.1875,10.375,2.1875,11.25],"rotation":0,"texture":"#0","tintindex":0},"down":{"uv":[10.375,5.875,10.375,6.1875],"rotation":0,"texture":"#0","tintindex":0},"east":{"uv":[2.5625,6.625,2.875,7.5],"rotation":0,"texture":"#0","tintindex":0},"west":{"uv":[0.5625,8.4375,0.875,9.3125],"rotation":0,"texture":"#0","tintindex":0},"up":{"uv":[10.375,5.8125,10.375,5.5],"rotation":0,"texture":"#0","tintindex":0}}},{"from":[7.2285714,14.214286,17.142859],"to":[7.2285714,19.357143,20.000002],"rotation":{"angle":45.0,"axis":"x","origin":[7.2285714,16.785715,16.714287]},"faces":{"south":{"uv":[6.875,10.375,6.875,10.9375],"rotation":0,"texture":"#0","tintindex":0},"north":{"uv":[6.8125,10.375,6.8125,10.9375],"rotation":0,"texture":"#0","tintindex":0},"down":{"uv":[6.9375,10.375,6.9375,10.6875],"rotation":0,"texture":"#0","tintindex":0},"east":{"uv":[9.25,8.0,8.9375,8.5625],"rotation":0,"texture":"#0","tintindex":0},"west":{"uv":[7.5,9.0,7.1875,9.5625],"rotation":270,"texture":"#0","tintindex":0},"up":{"uv":[10.375,6.5625,10.375,6.25],"rotation":0,"texture":"#0","tintindex":0}}},{"from":[7.2285714,-13.357143,11.285715],"to":[7.2285714,-10.5,16.428574],"rotation":{"angle":45.0,"axis":"x","origin":[7.2285714,-10.6428585,31.000002]},"faces":{"south":{"uv":[7.0,10.375,7.0,10.6875],"rotation":0,"texture":"#0","tintindex":0},"north":{"uv":[6.9375,10.375,6.9375,10.6875],"rotation":0,"texture":"#0","tintindex":0},"down":{"uv":[6.875,10.375,6.875,10.9375],"rotation":0,"texture":"#0","tintindex":0},"east":{"uv":[9.25,8.0,8.9375,8.5625],"rotation":270,"texture":"#0","tintindex":0},"west":{"uv":[9.25,8.5625,8.9375,8.0],"rotation":270,"texture":"#0","tintindex":0},"up":{"uv":[7.0625,10.9375,7.0625,10.375],"rotation":0,"texture":"#0","tintindex":0}}},{"from":[7.2285714,-9.785715,-16.0],"to":[7.2285714,-4.6428576,-13.142857],"rotation":{"angle":45.0,"axis":"x","origin":[7.2285714,-24.928574,3.5714293]},"faces":{"south":{"uv":[6.8125,10.375,6.8125,10.9375],"rotation":0,"texture":"#0","tintindex":0},"north":{"uv":[6.875,10.375,6.875,10.9375],"rotation":0,"texture":"#0","tintindex":0},"down":{"uv":[7.0,10.375,7.0,10.6875],"rotation":0,"texture":"#0","tintindex":0},"east":{"uv":[9.25,8.5625,8.9375,8.0],"rotation":0,"texture":"#0","tintindex":0},"west":{"uv":[7.5,9.0,7.1875,9.5625],"rotation":0,"texture":"#0","tintindex":0},"up":{"uv":[10.375,8.6875,10.375,8.375],"rotation":0,"texture":"#0","tintindex":0}}},{"from":[7.2285714,20.07143,-12.571428],"to":[7.2285714,22.928572,-7.4285717],"rotation":{"angle":45.0,"axis":"x","origin":[7.2285714,2.4999995,-10.714285]},"faces":{"south":{"uv":[6.9375,10.375,6.9375,10.6875],"rotation":0,"texture":"#0","tintindex":0},"north":{"uv":[7.0,10.375,7.0,10.6875],"rotation":0,"texture":"#0","tintindex":0},"down":{"uv":[6.8125,10.375,6.8125,10.9375],"rotation":0,"texture":"#0","tintindex":0},"east":{"uv":[9.25,8.5625,8.9375,8.0],"rotation":270,"texture":"#0","tintindex":0},"west":{"uv":[7.1875,9.0,7.5,9.5625],"rotation":0,"texture":"#0","tintindex":0},"up":{"uv":[10.375,10.1875,10.375,9.625],"rotation":0,"texture":"#0","tintindex":0}}},{"from":[7.2285714,6.5,17.000002],"to":[7.2285714,9.357143,25.000002],"rotation":{"angle":0.0,"axis":"y","origin":[6.1571426,7.928571,10.714287]},"faces":{"south":{"uv":[1.8125,10.4375,1.8125,10.75],"rotation":0,"texture":"#0","tintindex":0},"north":{"uv":[10.375,8.75,10.375,9.0625],"rotation":0,"texture":"#0","tintindex":0},"down":{"uv":[1.9375,10.4375,1.9375,11.3125],"rotation":0,"texture":"#0","tintindex":0},"east":{"uv":[8.0,1.3125,8.875,1.625],"rotation":0,"texture":"#0","tintindex":0},"west":{"uv":[8.5,6.5,9.375,6.8125],"rotation":0,"texture":"#0","tintindex":0},"up":{"uv":[1.875,11.3125,1.875,10.4375],"rotation":0,"texture":"#0","tintindex":0}}},{"from":[7.2285714,6.5,-3.5714283],"to":[7.2285714,9.357143,4.428572],"rotation":{"angle":0.0,"axis":"y","origin":[6.1571426,7.928571,10.714287]},"faces":{"south":{"uv":[2.0625,10.4375,2.0625,10.75],"rotation":0,"texture":"#0","tintindex":0},"north":{"uv":[2.0,10.4375,2.0,10.75],"rotation":0,"texture":"#0","tintindex":0},"down":{"uv":[4.0,10.4375,4.0,11.3125],"rotation":0,"texture":"#0","tintindex":0},"east":{"uv":[8.5,6.875,9.375,7.1875],"rotation":0,"texture":"#0","tintindex":0},"west":{"uv":[3.125,8.5625,4.0,8.875],"rotation":0,"texture":"#0","tintindex":0},"up":{"uv":[3.9375,11.3125,3.9375,10.4375],"rotation":0,"texture":"#0","tintindex":0}}},{"from":[6.3714285,1.6428571,6.142858],"to":[8.085714,3.3571424,15.285715],"rotation":{"angle":0.0,"axis":"y","origin":[6.1571426,7.928571,10.714287]},"faces":{"south":{"uv":[5.6875,10.3125,5.875,10.5],"rotation":0,"texture":"#0","tintindex":0},"north":{"uv":[4.8125,10.3125,5.0,10.5],"rotation":0,"texture":"#0","tintindex":0},"down":{"uv":[7.125,9.0,6.9375,10.0],"rotation":0,"texture":"#0","tintindex":0},"east":{"uv":[8.9375,7.5,9.9375,7.6875],"rotation":0,"texture":"#0","tintindex":0},"west":{"uv":[8.9375,7.75,9.9375,7.9375],"rotation":0,"texture":"#0","tintindex":0},"up":{"uv":[6.125,9.9375,5.9375,8.9375],"rotation":0,"texture":"#0","tintindex":0}}},{"from":[6.3714285,4.5,7.285715],