{"elements":[{"from":[7.428571,7.428571,4.0],"to":[8.571428,8.571428,10.857143],"rotation":{"angle":0.0,"axis":"y","origin":[7.428571,7.428571,9.714286]},"faces":{"south":{"uv":[2.625,10.875,2.875,11.125],"rotation":0,"texture":"#0","tintindex":0},"north":{"uv":[10.75,10.5,11.0,10.75],"rotation":0,"texture":"#0","tintindex":0},"down":{"uv":[5.375,7.875,5.125,9.375],"rotation":0,"texture":"#0","tintindex":0},"east":{"uv":[7.875,1.75,9.375,2.0],"rotation":0,"texture":"#0","tintindex":0},"west":{"uv":[6.125,7.875,7.625,8.125],"rotation":0,"texture":"#0","tintindex":0},"up":{"uv":[5.0,9.375,4.75,7.875],"rotation":0,"texture":"#0","tintindex":0}}},{"from":[7.714286,8.571428,3.4285712],"to":[8.285714,9.714286,4.5714283],"rotation":{"angle":0.0,"axis":"y","origin":[7.714286,8.571428,6.857143]},"faces":{"south":{"uv":[4.125,11.125,4.25,11.375],"rotation":0,"texture":"#0","tintindex":0},"north":{"uv":[10.125,11.0,10.25,11.25],"rotation":0,"texture":"#0","tintindex":0},"down":{"uv":[11.25,4.75,11.125,5.0],"rotation":0,"texture":"#0","tintindex":0},"east":{"uv":[3.0,10.875,3.25,11.125],"rotation":0,"texture":"#0","tintindex":0},"west":{"uv":[10.875,5.125,11.125,5.375],"rotation":0,"texture":"#0","tintindex":0},"up":{"uv":[4.5,11.375,4.375,11.125],"rotation":0,"texture":"#0","tintindex":0}}},{"from":[8.0,8.571428,3.4285712],"to":[8.0,12.0,10.285714],"rotation":{"angle":0.0,"axis":"y","origin":[6.857143,7.428571,9.142858]},"faces":{"south":{"uv":[1.0,10.5,1.0,11.25],"rotation":0,"texture":"#0","tintindex":0},"north":{"uv":[1.0,10.5,1.0,11.25],"rotation":0,"texture":"#0","tintindex":0},"down":{"uv":[7.875,10.875,7.875,12.375],"rotation":0,"texture":"#0","tintindex":0},"east":{"uv":[3.75,1.25,5.25,2.0],"rotation":0,"texture":"#0","tintindex":0},"west":{"uv":[3.75,2.125,5.25,2.875],"rotation":0,"texture":"#0","tintindex":0},"up":{"uv":[3.75,12.25,3.75,10.75],"rotation":0,"texture":"#0","tintindex":0}}},{"from":[8.0,4.0,3.4285712],"to":[8.0,7.428571,10.285714],"rotation":{"angle":0.0,"axis":"y","origin":[6.857143,8.571428,9.142858]},"faces":{"south":{"uv":[1.0,10.5,1.0,11.25],"rotation":0,"texture":"#0","tintindex":0},"north":{"uv":[1.0,10.5,1.0,11.25],"rotation":0,"texture":"#0","tintindex":0},"down":{"uv":[7.875,10.875,7.875,12.375],"rotation":0,"texture":"#0","tintindex":0},"east":{"uv":[3.75,3.0,5.25,3.75],"rotation":0,"texture":"#0","tintindex":0},"west":{"uv":[3.875,0.0,5.375,0.75],"rotation":0,"texture":"#0","tintindex":0},"up":{"uv":[3.75,12.25,3.75,10.75],"rotation":0,"texture":"#0","tintindex":0}}},{"from":[7.142857,7.142857,2.2857141],"to":[8.857143,8.857143,4.0],"rotation":{"angle":0.0,"axis":"y","origin":[7.714286,7.714286,2.2857141]},"faces":{"south":{"uv":[10.0,5.625,10.375,6.0],"rotation":0,"texture":"#0","tintindex":0},"north":{"uv":[9.875,1.75,10.25,2.125],"rotation":0,"texture":"#0","tintindex":0},"down":{"uv":[10.5,0.5,10.125,0.875],"rotation":0,"texture":"#0","tintindex":0},"east":{"uv":[10.0,3.0,10.375,3.375],"rotation":0,"texture":"#0","tintindex":0},"west":{"uv":[10.0,8.25,10.375,8.625],"rotation":0,"texture":"#0","tintindex":0},"up":{"uv":[0.375,10.5,0.0,10.125],"rotation":0,"texture":"#0","tintindex":0}}},{"from":[7.714286,6.285714,3.4285712],"to":[8.285714,7.428571,4.5714283],"rotation":{"angle":0.0,"axis":"y","origin":[7.714286,7.428571,6.857143]},"faces":{"south":{"uv":[11.125,6.5,11.25,6.75],"rotation":0,"texture":"#0","tintindex":0},"north":{"uv":[11.125,6.125,11.25,6.375],"rotation":0,"texture":"#0","tintindex":0},"down":{"uv":[11.25,7.25,11.125,7.5],"rotation":0,"texture":"#0","tintindex":0},"east":{"uv":[10.875,7.875,11.125,8.125],"rotation":0,"texture":"#0","tintindex":0},"west":{"uv":[8.25,10.875,8.5,11.125],"rotation":0,"texture":"#0","tintindex":0},"up":{"uv":[11.25,7.125,11.125,6.875],"rotation":0,"texture":"#0","tintindex":0}}}],"textures":{"0":"modelengine:entity/dwarf_1"},"display":{"head":{"translation":[0.0,-6.4,0.0],"scale":[4.0,4.0,4.0]}}}