{"elements":[{"from":[6.857143,3.7142854,6.428571],"to":[9.714286,4.8571424,9.285714],"rotation":{"angle":0.0,"axis":"y","origin":[8.0,3.142857,7.0]},"faces":{"south":{"uv":[9.5,7.375,10.125,7.625],"rotation":0,"texture":"#0","tintindex":0},"north":{"uv":[9.375,8.75,10.0,9.0],"rotation":0,"texture":"#0","tintindex":0},"down":{"uv":[8.0,2.875,7.375,3.5],"rotation":0,"texture":"#0","tintindex":0},"east":{"uv":[9.5,4.875,10.125,5.125],"rotation":0,"texture":"#0","tintindex":0},"west":{"uv":[9.625,2.625,10.25,2.875],"rotation":0,"texture":"#0","tintindex":0},"up":{"uv":[2.875,7.875,2.25,7.25],"rotation":0,"texture":"#0","tintindex":0}}},{"from":[7.142857,4.8571424,6.714286],"to":[9.428572,6.5714283,9.0],"rotation":{"angle":0.0,"axis":"y","origin":[8.285714,4.285714,6.714286]},"faces":{"south":{"uv":[9.125,7.75,9.625,8.125],"rotation":0,"texture":"#0","tintindex":0},"north":{"uv":[8.75,5.875,9.25,6.25],"rotation":0,"texture":"#0","tintindex":0},"down":{"uv":[8.875,5.25,8.375,5.75],"rotation":0,"texture":"#0","tintindex":0},"east":{"uv":[9.0,1.25,9.5,1.625],"rotation":0,"texture":"#0","tintindex":0},"west":{"uv":[9.25,2.125,9.75,2.5],"rotation":0,"texture":"#0","tintindex":0},"up":{"uv":[7.25,3.375,6.75,2.875],"rotation":0,"texture":"#0","tintindex":0}}},{"from":[7.142857,1.9999995,6.714286],"to":[9.428572,4.285714,9.0],"rotation":{"angle":0.0,"axis":"y","origin":[8.285714,1.4285712,6.714286]},"faces":{"south":{"uv":[2.125,8.75,2.625,9.25],"rotation":0,"texture":"#0","tintindex":0},"north":{"uv":[8.125,8.5,8.625,9.0],"rotation":0,"texture":"#0","tintindex":0},"down":{"uv":[4.5,8.75,4.0,9.25],"rotation":0,"texture":"#0","tintindex":0},"east":{"uv":[5.5,8.625,6.0,9.125],"rotation":0,"texture":"#0","tintindex":0},"west":{"uv":[2.75,8.75,3.25,9.25],"rotation":0,"texture":"#0","tintindex":0},"up":{"uv":[3.875,9.25,3.375,8.75],"rotation":0,"texture":"#0","tintindex":0}}},{"from":[7.142857,6.5714283,6.285714],"to":[10.0,9.428572,9.714286],"rotation":{"angle":0.0,"axis":"y","origin":[8.285714,6.5714283,6.285714]},"faces":{"south":{"uv":[7.375,6.375,8.0,7.0],"rotation":0,"texture":"#0","tintindex":0},"north":{"uv":[7.375,3.625,8.0,4.25],"rotation":0,"texture":"#0","tintindex":0},"down":{"uv":[5.375,7.0,4.75,7.75],"rotation":0,"texture":"#0","tintindex":0},"east":{"uv":[1.375,7.0,2.125,7.625],"rotation":0,"texture":"#0","tintindex":0},"west":{"uv":[3.125,7.0,3.875,7.625],"rotation":0,"texture":"#0","tintindex":0},"up":{"uv":[4.625,7.75,4.0,7.0],"rotation":0,"texture":"#0","tintindex":0}}}],"textures":{"0":"modelengine:entity/dwarf_1"},"display":{"head":{"translation":[0.0,-6.4,0.0],"scale":[4.0,4.0,4.0]}}}