{"elements":[{"from":[6.857143,3.4285712,5.714286],"to":[9.142858,5.142857,9.142858],"rotation":{"angle":0.0,"axis":"y","origin":[6.857143,3.4285712,5.714286]},"faces":{"south":{"uv":[9.375,5.875,9.875,6.25],"rotation":0,"texture":"#0","tintindex":0},"north":{"uv":[4.125,9.375,4.625,9.75],"rotation":0,"texture":"#0","tintindex":0},"down":{"uv":[4.625,7.875,4.125,8.625],"rotation":0,"texture":"#0","tintindex":0},"east":{"uv":[1.25,8.375,2.0,8.75],"rotation":0,"texture":"#0","tintindex":0},"west":{"uv":[8.375,2.125,9.125,2.5],"rotation":0,"texture":"#0","tintindex":0},"up":{"uv":[6.0,8.5,5.5,7.75],"rotation":0,"texture":"#0","tintindex":0}}},{"from":[6.857143,5.142857,6.857143],"to":[9.142858,6.285714,9.142858],"rotation":{"angle":0.0,"axis":"y","origin":[6.857143,5.142857,5.714286]},"faces":{"south":{"uv":[10.125,6.75,10.625,7.0],"rotation":0,"texture":"#0","tintindex":0},"north":{"uv":[5.375,3.5,5.875,3.75],"rotation":0,"texture":"#0","tintindex":0},"down":{"uv":[1.75,8.875,1.25,9.375],"rotation":0,"texture":"#0","tintindex":0},"east":{"uv":[10.125,6.375,10.625,6.625],"rotation":0,"texture":"#0","tintindex":0},"west":{"uv":[8.0,10.125,8.5,10.375],"rotation":0,"texture":"#0","tintindex":0},"up":{"uv":[9.25,9.0,8.75,8.5],"rotation":0,"texture":"#0","tintindex":0}}},{"from":[6.5714283,6.285714,6.5714283],"to":[9.428572,6.857143,9.428572],"rotation":{"angle":0.0,"axis":"y","origin":[7.142857,6.285714,6.0]},"faces":{"south":{"uv":[10.5,4.5,11.125,4.625],"rotation":0,"texture":"#0","tintindex":0},"north":{"uv":[10.5,3.25,11.125,3.375],"rotation":0,"texture":"#0","tintindex":0},"down":{"uv":[8.25,2.125,7.625,2.75],"rotation":0,"texture":"#0","tintindex":0},"east":{"uv":[10.5,4.25,11.125,4.375],"rotation":0,"texture":"#0","tintindex":0},"west":{"uv":[10.5,5.625,11.125,5.75],"rotation":0,"texture":"#0","tintindex":0},"up":{"uv":[8.25,0.625,7.625,0.0],"rotation":0,"texture":"#0","tintindex":0}}},{"from":[6.857143,6.857143,6.857143],"to":[9.142858,8.571428,9.142858],"rotation":{"angle":0.0,"axis":"y","origin":[6.857143,6.285714,7.428571]},"faces":{"south":{"uv":[9.5,6.875,10.0,7.25],"rotation":0,"texture":"#0","tintindex":0},"north":{"uv":[4.75,9.5,5.25,9.875],"rotation":0,"texture":"#0","tintindex":0},"down":{"uv":[1.125,9.125,0.625,9.625],"rotation":0,"texture":"#0","tintindex":0},"east":{"uv":[9.5,6.375,10.0,6.75],"rotation":0,"texture":"#0","tintindex":0},"west":{"uv":[9.625,0.0,10.125,0.375],"rotation":0,"texture":"#0","tintindex":0},"up":{"uv":[0.5,9.625,0.0,9.125],"rotation":0,"texture":"#0","tintindex":0}}}],"textures":{"0":"modelengine:entity/dwarf_1"},"display":{"head":{"translation":[0.0,-6.4,0.0],"scale":[4.0,4.0,4.0]}}}