{"elements":[{"from":[10.857143,7.6734686,5.714286],"to":[15.428572,8.816326,10.285714],"rotation":{"angle":-22.5,"axis":"z","origin":[13.142858,8.244897,8.0]},"faces":{"south":{"uv":[10.0,9.4375,10.5,9.5625],"rotation":0,"texture":"#0","tintindex":0},"north":{"uv":[8.5625,10.0,9.0625,10.125],"rotation":0,"texture":"#0","tintindex":0},"down":{"uv":[9.125,1.6875,8.625,2.1875],"rotation":0,"texture":"#0","tintindex":0},"east":{"uv":[10.0,9.25,10.5,9.375],"rotation":0,"texture":"#0","tintindex":0},"west":{"uv":[2.8125,10.0625,3.3125,10.1875],"rotation":0,"texture":"#0","tintindex":0},"up":{"uv":[9.0625,6.0,8.5625,5.5],"rotation":0,"texture":"#0","tintindex":0}}},{"from":[0.5714283,7.6734686,5.714286],"to":[5.142857,8.816326,10.285714],"rotation":{"angle":22.5,"axis":"z","origin":[2.8571424,8.244897,8.0]},"faces":{"south":{"uv":[10.0,7.625,10.5,7.75],"rotation":0,"texture":"#0","tintindex":0},"north":{"uv":[7.875,4.5,8.375,4.625],"rotation":0,"texture":"#0","tintindex":0},"down":{"uv":[9.0625,3.8125,8.5625,4.3125],"rotation":0,"texture":"#0","tintindex":0},"east":{"uv":[10.0,7.4375,10.5,7.5625],"rotation":0,"texture":"#0","tintindex":0},"west":{"uv":[10.0,7.8125,10.5,7.9375],"rotation":0,"texture":"#0","tintindex":0},"up":{"uv":[1.625,7.625,1.125,7.125],"rotation":0,"texture":"#0","tintindex":0}}},{"from":[10.857143,6.4734683,4.0],"to":[12.0,9.9020405,12.0],"rotation":{"angle":0.0,"axis":"y","origin":[8.571428,7.616326,8.0]},"faces":{"south":{"uv":[5.5,10.1875,5.625,10.5625],"rotation":0,"texture":"#0","tintindex":0},"north":{"uv":[5.3125,10.1875,5.4375,10.5625],"rotation":0,"texture":"#0","tintindex":0},"down":{"uv":[7.5,9.625,7.375,10.5],"rotation":0,"texture":"#0","tintindex":0},"east":{"uv":[8.0,0.4375,8.875,0.8125],"rotation":0,"texture":"#0","tintindex":0},"west":{"uv":[8.0,0.875,8.875,1.25],"rotation":0,"texture":"#0","tintindex":0},"up":{"uv":[7.3125,10.5,7.1875,9.625],"rotation":0,"texture":"#0","tintindex":0}}},{"from":[5.142857,6.4734683,10.857143],"to":[10.857143,9.9020405,12.0],"rotation":{"angle":0.0,"axis":"y","origin":[8.0,7.616326,14.285715]},"faces":{"south":{"uv":[8.9375,1.0,9.5625,1.375],"rotation":0,"texture":"#0","tintindex":0},"north":{"uv":[8.9375,0.5625,9.5625,0.9375],"rotation":0,"texture":"#0","tintindex":0},"down":{"uv":[10.625,7.25,10.0,7.375],"rotation":0,"texture":"#0","tintindex":0},"east":{"uv":[10.1875,4.25,10.3125,4.625],"rotation":0,"texture":"#0","tintindex":0},"west":{"uv":[5.125,10.1875,5.25,10.5625],"rotation":0,"texture":"#0","tintindex":0},"up":{"uv":[5.75,10.125,5.125,10.0],"rotation":0,"texture":"#0","tintindex":0}}},{"from":[5.142857,6.4734683,5.142857],"to":[10.857143,7.044897,10.857143],"rotation":{"angle":0.0,"axis":"y","origin":[7.428571,7.616326,7.428571]},"faces":{"south":{"uv":[10.25,6.875,10.875,6.9375],"rotation":0,"texture":"#0","tintindex":0},"north":{"uv":[7.125,4.6875,7.75,4.75],"rotation":0,"texture":"#0","tintindex":0},"down":{"uv":[4.625,7.875,4.0,8.5],"rotation":0,"texture":"#0","tintindex":0},"east":{"uv":[10.125,2.875,10.75,2.9375],"rotation":0,"texture":"#0","tintindex":0},"west":{"uv":[10.25,7.0,10.875,7.0625],"rotation":0,"texture":"#0","tintindex":0},"up":{"uv":[8.5,4.4375,7.875,3.8125],"rotation":0,"texture":"#0","tintindex":0}}},{"from":[5.142857,6.4734683,4.0],"to":[10.857143,9.9020405,5.142857],"rotation":{"angle":0.0,"axis":"y","origin":[7.428571,7.616326,7.428571]},"faces":{"south":{"uv":[8.75,3.375,9.375,3.75],"rotation":0,"texture":"#0","tintindex":0},"north":{"uv":[8.5625,6.0625,9.1875,6.4375],"rotation":0,"texture":"#0","tintindex":0},"down":{"uv":[10.625,4.0625,10.0,4.1875],"rotation":0,"texture":"#0","tintindex":0},"east":{"uv":[2.3125,10.1875,2.4375,10.5625],"rotation":0,"texture":"#0","tintindex":0},"west":{"uv":[2.5,10.1875,2.625,10.5625],"rotation":0,"texture":"#0","tintindex":0},"up":{"uv":[10.5,2.4375,9.875,2.3125],"rotation":0,"texture":"#0","tintindex":0}}},{"from":[4.0,6.4734683,4.0],"to":[5.142857,9.9020405,12.0],"rotation":{"angle":0.0,"axis":"y","origin":[7.428571,7.616326,8.0]},"faces":{"south":{"uv":[9.875,10.125,10.0,10.5],"rotation":0,"texture":"#0","tintindex":0},"north":{"uv":[9.6875,10.125,9.8125,10.5],"rotation":0,"texture":"#0","tintindex":0},"down":{"uv":[9.75,0.0,9.625,0.875],"rotation":0,"texture":"#0","tintindex":0},"east":{"uv":[0.0,8.0,0.875,8.375],"rotation":0,"texture":"#0","tintindex":0},"west":{"uv":[8.0,0.0,8.875,0.375],"rotation":0,"texture":"#0","tintindex":0},"up":{"uv":[9.625,10.125,9.5,9.25],"rotation":0,"texture":"#0","tintindex":0}}}],"textures":{"0":"modelengine:entity/miniboss/miniboss_skeleton"},"display":{"head":{"translation":[0.0,-6.4,0.0],"scale":[4.0,4.0,4.0]}}}