{"elements":[{"from":[4.5714283,-5.1428576,5.714286],"to":[11.428572,8.571428,10.285714],"rotation":{"angle":0.0,"axis":"y","origin":[8.0,13.714286,8.0]},"faces":{"south":{"uv":[6.3125,3.25,7.0625,4.75],"rotation":0,"texture":"#0","tintindex":0},"north":{"uv":[6.3125,1.6875,7.0625,3.1875],"rotation":0,"texture":"#0","tintindex":0},"down":{"uv":[6.25,7.875,5.5,8.375],"rotation":0,"texture":"#0","tintindex":0},"east":{"uv":[0.0,6.4375,0.5,7.9375],"rotation":0,"texture":"#0","tintindex":0},"west":{"uv":[0.5625,6.4375,1.0625,7.9375],"rotation":0,"texture":"#0","tintindex":0},"up":{"uv":[5.4375,8.375,4.6875,7.875],"rotation":0,"texture":"#0","tintindex":0}}},{"from":[1.6863313,-5.4186583,5.7285714],"to":[4.0863314,0.3527708,10.271429],"rotation":{"angle":-22.5,"axis":"z","origin":[5.1149025,-6.5043726,8.0]},"faces":{"south":{"uv":[9.1875,9.3125,9.4375,9.9375],"rotation":0,"texture":"#0","tintindex":0},"north":{"uv":[8.875,9.3125,9.125,9.9375],"rotation":0,"texture":"#0","tintindex":0},"down":{"uv":[9.6875,8.6875,9.4375,9.1875],"rotation":0,"texture":"#0","tintindex":0},"east":{"uv":[8.375,8.0625,8.875,8.6875],"rotation":0,"texture":"#0","tintindex":0},"west":{"uv":[0.0,8.4375,0.5,9.0625],"rotation":0,"texture":"#0","tintindex":0},"up":{"uv":[9.6875,6.75,9.4375,6.25],"rotation":0,"texture":"#0","tintindex":0}}},{"from":[11.913669,-5.4186583,5.7285714],"to":[14.313669,0.3527708,10.271429],"rotation":{"angle":22.5,"axis":"z","origin":[10.8850975,-6.5043726,8.0]},"faces":{"south":{"uv":[8.5625,9.3125,8.8125,9.9375],"rotation":0,"texture":"#0","tintindex":0},"north":{"uv":[9.3125,8.0,9.5625,8.625],"rotation":0,"texture":"#0","tintindex":0},"down":{"uv":[5.5,9.4375,5.25,9.9375],"rotation":0,"texture":"#0","tintindex":0},"east":{"uv":[1.125,6.4375,1.625,7.0625],"rotation":0,"texture":"#0","tintindex":0},"west":{"uv":[8.375,7.375,8.875,8.0],"rotation":0,"texture":"#0","tintindex":0},"up":{"uv":[9.6875,5.5,9.4375,5.0],"rotation":0,"texture":"#0","tintindex":0}}},{"from":[4.428571,-5.1428576,5.5714283],"to":[11.571428,8.0,10.428572],"rotation":{"angle":0.0,"axis":"y","origin":[11.714286,6.0,7.428571]},"faces":{"south":{"uv":[1.6875,6.25,2.5,7.6875],"rotation":0,"texture":"#0","tintindex":0},"north":{"uv":[1.6875,4.75,2.5,6.1875],"rotation":0,"texture":"#0","tintindex":0},"down":{"uv":[8.6875,3.1875,7.875,3.75],"rotation":0,"texture":"#0","tintindex":0},"east":{"uv":[6.3125,4.8125,6.875,6.25],"rotation":0,"texture":"#0","tintindex":0},"west":{"uv":[6.3125,6.3125,6.875,7.75],"rotation":0,"texture":"#0","tintindex":0},"up":{"uv":[3.9375,8.4375,3.125,7.875],"rotation":0,"texture":"#0","tintindex":0}}}],"textures":{"0":"modelengine:entity/miniboss/miniboss_skeleton"},"display":{"head":{"translation":[0.0,-6.4,0.0],"scale":[4.0,4.0,4.0]}}}