{"elements":[{"from":[6.857143,4.590897,6.857143],"to":[9.142858,8.01692,9.142858],"rotation":{"angle":0.0,"axis":"y","origin":[11.636549,9.513165,8.0]},"faces":{"south":{"uv":[9.9375,0.875,10.1875,1.25],"rotation":0,"texture":"#0","tintindex":0},"north":{"uv":[7.5625,9.875,7.8125,10.25],"rotation":0,"texture":"#0","tintindex":0},"down":{"uv":[10.3125,5.0,10.0625,5.25],"rotation":0,"texture":"#0","tintindex":0},"east":{"uv":[7.875,9.875,8.125,10.25],"rotation":0,"texture":"#0","tintindex":0},"west":{"uv":[9.9375,8.0,10.1875,8.375],"rotation":0,"texture":"#0","tintindex":0},"up":{"uv":[10.3125,3.5625,10.0625,3.3125],"rotation":0,"texture":"#0","tintindex":0}}},{"from":[6.285714,2.8766112,6.285714],"to":[9.714286,5.162326,9.714286],"rotation":{"angle":0.0,"axis":"y","origin":[11.636549,9.513165,8.0]},"faces":{"south":{"uv":[10.0,1.3125,10.375,1.5625],"rotation":0,"texture":"#0","tintindex":0},"north":{"uv":[0.5,10.0,0.875,10.25],"rotation":0,"texture":"#0","tintindex":0},"down":{"uv":[5.1875,9.4375,4.8125,9.8125],"rotation":0,"texture":"#0","tintindex":0},"east":{"uv":[0.9375,10.0,1.3125,10.25],"rotation":0,"texture":"#0","tintindex":0},"west":{"uv":[1.375,10.0,1.75,10.25],"rotation":0,"texture":"#0","tintindex":0},"up":{"uv":[9.8125,4.9375,9.4375,4.5625],"rotation":0,"texture":"#0","tintindex":0}}},{"from":[6.857143,1.1623254,6.857143],"to":[9.142858,4.590897,9.142858],"rotation":{"angle":0.0,"axis":"y","origin":[11.636549,9.513165,8.0]},"faces":{"south":{"uv":[3.9375,10.0,4.1875,10.375],"rotation":0,"texture":"#0","tintindex":0},"north":{"uv":[1.8125,10.0,2.0625,10.375],"rotation":0,"texture":"#0","tintindex":0},"down":{"uv":[10.3125,5.625,10.0625,5.875],"rotation":0,"texture":"#0","tintindex":0},"east":{"uv":[10.0,3.625,10.25,4.0],"rotation":0,"texture":"#0","tintindex":0},"west":{"uv":[4.25,10.0,4.5,10.375],"rotation":0,"texture":"#0","tintindex":0},"up":{"uv":[10.3125,5.5625,10.0625,5.3125],"rotation":0,"texture":"#0","tintindex":0}}}],"textures":{"0":"modelengine:entity/miniboss/miniboss_skeleton"},"display":{"head":{"translation":[0.0,-6.4,0.0],"scale":[4.0,4.0,4.0]}}}