{"elements":[{"from":[6.857143,3.4285712,6.857143],"to":[9.142858,7.428571,9.142858],"rotation":{"angle":0.0,"axis":"y","origin":[6.285714,24.57143,8.0]},"faces":{"south":{"uv":[9.75,5.5,10.0,5.9375],"rotation":0,"texture":"#0","tintindex":0},"north":{"uv":[9.75,3.125,10.0,3.5625],"rotation":0,"texture":"#0","tintindex":0},"down":{"uv":[10.3125,9.9375,10.0625,10.1875],"rotation":0,"texture":"#0","tintindex":0},"east":{"uv":[9.75,5.0,10.0,5.4375],"rotation":0,"texture":"#0","tintindex":0},"west":{"uv":[9.75,6.0,10.0,6.4375],"rotation":0,"texture":"#0","tintindex":0},"up":{"uv":[10.3125,9.875,10.0625,9.625],"rotation":0,"texture":"#0","tintindex":0}}},{"from":[6.857143,3.4285712,5.142857],"to":[9.142858,5.142857,6.857143],"rotation":{"angle":0.0,"axis":"y","origin":[6.285714,24.57143,8.0]},"faces":{"south":{"uv":[2.6875,10.25,2.9375,10.4375],"rotation":0,"texture":"#0","tintindex":0},"north":{"uv":[10.25,1.0,10.5,1.1875],"rotation":0,"texture":"#0","tintindex":0},"down":{"uv":[3.5625,10.25,3.3125,10.4375],"rotation":0,"texture":"#0","tintindex":0},"east":{"uv":[8.3125,10.3125,8.5,10.5],"rotation":0,"texture":"#0","tintindex":0},"west":{"uv":[9.125,10.3125,9.3125,10.5],"rotation":0,"texture":"#0","tintindex":0},"up":{"uv":[3.25,10.4375,3.0,10.25],"rotation":0,"texture":"#0","tintindex":0}}},{"from":[6.5714283,7.428571,6.5714283],"to":[9.428572,8.571428,9.428572],"rotation":{"angle":0.0,"axis":"y","origin":[6.285714,24.57143,8.0]},"faces":{"south":{"uv":[10.3125,1.625,10.625,1.75],"rotation":0,"texture":"#0","tintindex":0},"north":{"uv":[0.875,10.3125,1.1875,10.4375],"rotation":0,"texture":"#0","tintindex":0},"down":{"uv":[10.0,9.75,9.6875,10.0625],"rotation":0,"texture":"#0","tintindex":0},"east":{"uv":[1.25,10.3125,1.5625,10.4375],"rotation":0,"texture":"#0","tintindex":0},"west":{"uv":[10.3125,1.8125,10.625,1.9375],"rotation":0,"texture":"#0","tintindex":0},"up":{"uv":[10.0625,9.1875,9.75,8.875],"rotation":0,"texture":"#0","tintindex":0}}}],"textures":{"0":"modelengine:entity/miniboss/miniboss_skeleton"},"display":{"head":{"translation":[0.0,-6.4,0.0],"scale":[4.0,4.0,4.0]}}}