{"elements":[{"from":[4.0,14.651842,4.41382],"to":[12.0,15.223271,12.41382],"rotation":{"angle":22.5,"axis":"x","origin":[8.0,14.937557,8.41382]},"faces":{"south":{"uv":[13.5,13.125,14.375,13.1875],"rotation":0,"texture":"#0","tintindex":0},"north":{"uv":[13.5,13.125,14.375,13.1875],"rotation":0,"texture":"#0","tintindex":0},"down":{"uv":[10.9375,5.4375,10.0625,6.3125],"rotation":0,"texture":"#0","tintindex":0},"east":{"uv":[13.5,13.125,14.375,13.1875],"rotation":0,"texture":"#0","tintindex":0},"west":{"uv":[13.5,13.125,14.375,13.1875],"rotation":0,"texture":"#0","tintindex":0},"up":{"uv":[0.875,10.9375,0.0,10.0625],"rotation":0,"texture":"#0","tintindex":0}}},{"from":[4.0,0.0,4.0],"to":[12.0,13.142858,12.0],"rotation":{"angle":0.0,"axis":"y","origin":[8.0,5.714286,8.0]},"faces":{"south":{"uv":[3.125,6.6875,4.0,8.125],"rotation":0,"texture":"#0","tintindex":0},"north":{"uv":[3.125,6.6875,4.0,8.125],"rotation":0,"texture":"#0","tintindex":0},"down":{"uv":[10.9375,5.4375,10.0625,6.3125],"rotation":0,"texture":"#0","tintindex":0},"east":{"uv":[3.125,6.6875,4.0,8.125],"rotation":0,"texture":"#0","tintindex":0},"west":{"uv":[3.125,6.6875,4.0,8.125],"rotation":0,"texture":"#0","tintindex":0},"up":{"uv":[0.875,10.9375,0.0,10.0625],"rotation":0,"texture":"#0","tintindex":0}}},{"from":[5.142857,15.727356,7.7099805],"to":[10.857143,19.155928,7.7099805],"rotation":{"angle":22.5,"axis":"x","origin":[8.0,13.106943,6.857143]},"faces":{"south":{"uv":[12.5,7.5625,13.125,7.9375],"rotation":0,"texture":"#0","tintindex":0},"north":{"uv":[12.5,7.5625,13.125,7.9375],"rotation":0,"texture":"#0","tintindex":0},"down":{"uv":[14.6875,9.5,14.0625,9.5],"rotation":0,"texture":"#0","tintindex":0},"east":{"uv":[14.125,8.75,14.125,9.125],"rotation":0,"texture":"#0","tintindex":0},"west":{"uv":[14.125,8.75,14.125,9.125],"rotation":0,"texture":"#0","tintindex":0},"up":{"uv":[14.6875,9.5,14.0625,9.5],"rotation":0,"texture":"#0","tintindex":0}}},{"from":[4.285714,12.571428,3.5532637],"to":[6.0,13.714286,5.2675495],"rotation":{"angle":0.0,"axis":"y","origin":[8.0,13.106943,6.857143]},"faces":{"south":{"uv":[13.9375,9.8125,14.125,9.9375],"rotation":0,"texture":"#0","tintindex":0},"north":{"uv":[13.9375,3.3125,14.125,3.4375],"rotation":0,"texture":"#0","tintindex":0},"down":{"uv":[13.875,5.0,13.6875,5.1875],"rotation":0,"texture":"#0","tintindex":0},"east":{"uv":[13.9375,7.5,14.125,7.625],"rotation":0,"texture":"#0","tintindex":0},"west":{"uv":[10.0,13.9375,10.1875,14.0625],"rotation":0,"texture":"#0","tintindex":0},"up":{"uv":[13.875,3.4375,13.6875,3.25],"rotation":0,"texture":"#0","tintindex":0}}},{"from":[10.0,12.571428,3.5532637],"to":[11.714286,13.714286,5.2675495],"rotation":{"angle":0.0,"axis":"y","origin":[8.0,13.106943,6.857143]},"faces":{"south":{"uv":[13.9375,9.8125,14.125,9.9375],"rotation":0,"texture":"#0","tintindex":0},"north":{"uv":[13.9375,3.3125,14.125,3.4375],"rotation":0,"texture":"#0","tintindex":0},"down":{"uv":[13.875,5.0,13.6875,5.1875],"rotation":0,"texture":"#0","tintindex":0},"east":{"uv":[13.9375,7.5,14.125,7.625],"rotation":0,"texture":"#0","tintindex":0},"west":{"uv":[10.0,13.9375,10.1875,14.0625],"rotation":0,"texture":"#0","tintindex":0},"up":{"uv":[13.875,3.4375,13.6875,3.25],"rotation":0,"texture":"#0","tintindex":0}}},{"from":[4.5714283,13.142858,5.2675495],"to":[11.428572,16.57143,12.124693],"rotation":{"angle":0.0,"axis":"y","origin":[8.0,13.106943,6.857143]},"faces":{"south":{"uv":[12.0,4.4375,12.75,4.8125],"rotation":0,"texture":"#0","tintindex":0},"north":{"uv":[11.875,10.625,12.625,11.0],"rotation":0,"texture":"#0","tintindex":0},"down":{"uv":[6.0,10.375,5.25,11.125],"rotation":0,"texture":"#0","tintindex":0},"east":{"uv":[11.9375,8.1875,12.6875,8.5625],"rotation":0,"texture":"#0","tintindex":0},"west":{"uv":[12.0,4.875,12.75,5.25],"rotation":0,"texture":"#0","tintindex":0},"up":{"uv":[2.8125,11.0625,2.0625,10.3125],"rotation":0,"texture":"#0","tintindex":0}}}],"textures":{"0":"modelengine:entity/zombie_santa/sanata_v3"},"display":{"head":{"translation":[0.0,-6.4,0.0],"scale":[4.0,4.0,4.0]}}}