{"elements":[{"from":[5.714286,4.5714283,8.0],"to":[10.285714,10.285714,10.285714],"rotation":{"angle":0.0,"axis":"y","origin":[5.714286,4.5714283,8.0]},"faces":{"south":{"uv":[2.625,2.625,3.625,3.875],"rotation":0,"texture":"#0","tintindex":0},"north":{"uv":[2.625,1.25,3.625,2.5],"rotation":0,"texture":"#0","tintindex":0},"down":{"uv":[7.5,5.75,6.5,6.25],"rotation":0,"texture":"#0","tintindex":0},"east":{"uv":[0.0,6.25,0.5,7.5],"rotation":0,"texture":"#0","tintindex":0},"west":{"uv":[5.625,6.375,6.125,7.625],"rotation":0,"texture":"#0","tintindex":0},"up":{"uv":[7.5,5.625,6.5,5.125],"rotation":0,"texture":"#0","tintindex":0}}},{"from":[4.5714283,4.285714,8.0],"to":[5.714286,7.142857,10.285714],"rotation":{"angle":0.0,"axis":"y","origin":[0.5714283,4.285714,8.0]},"faces":{"south":{"uv":[9.625,3.0,9.875,3.625],"rotation":0,"texture":"#0","tintindex":0},"north":{"uv":[0.625,6.25,0.875,6.875],"rotation":0,"texture":"#0","tintindex":0},"down":{"uv":[10.375,4.25,10.125,4.75],"rotation":0,"texture":"#0","tintindex":0},"east":{"uv":[2.25,8.0,2.75,8.625],"rotation":0,"texture":"#0","tintindex":0},"west":{"uv":[6.125,8.25,6.625,8.875],"rotation":0,"texture":"#0","tintindex":0},"up":{"uv":[5.375,10.5,5.125,10.0],"rotation":0,"texture":"#0","tintindex":0}}},{"from":[5.714286,4.285714,10.285714],"to":[10.285714,7.142857,12.571428],"rotation":{"angle":0.0,"axis":"y","origin":[5.714286,4.285714,10.285714]},"faces":{"south":{"uv":[6.5,4.375,7.5,5.0],"rotation":0,"texture":"#0","tintindex":0},"north":{"uv":[6.25,6.375,7.25,7.0],"rotation":0,"texture":"#0","tintindex":0},"down":{"uv":[7.75,1.5,6.75,2.0],"rotation":0,"texture":"#0","tintindex":0},"east":{"uv":[6.75,8.25,7.25,8.875],"rotation":0,"texture":"#0","tintindex":0},"west":{"uv":[0.0,8.375,0.5,9.0],"rotation":0,"texture":"#0","tintindex":0},"up":{"uv":[7.75,1.375,6.75,0.875],"rotation":0,"texture":"#0","tintindex":0}}},{"from":[5.714286,7.142857,10.285714],"to":[10.285714,8.857143,12.0],"rotation":{"angle":0.0,"axis":"y","origin":[5.714286,7.142857,10.285714]},"faces":{"south":{"uv":[1.125,7.875,2.125,8.25],"rotation":0,"texture":"#0","tintindex":0},"north":{"uv":[7.875,0.75,8.875,1.125],"rotation":0,"texture":"#0","tintindex":0},"down":{"uv":[4.0,7.875,3.0,8.25],"rotation":0,"texture":"#0","tintindex":0},"east":{"uv":[6.0,4.375,6.375,4.75],"rotation":0,"texture":"#0","tintindex":0},"west":{"uv":[9.75,7.75,10.125,8.125],"rotation":0,"texture":"#0","tintindex":0},"up":{"uv":[8.875,1.625,7.875,1.25],"rotation":0,"texture":"#0","tintindex":0}}},{"from":[10.285714,4.285714,8.0],"to":[11.428572,7.142857,10.285714],"rotation":{"angle":0.0,"axis":"y","origin":[15.428572,4.285714,8.0]},"faces":{"south":{"uv":[0.75,9.75,1.0,10.375],"rotation":0,"texture":"#0","tintindex":0},"north":{"uv":[7.625,9.625,7.875,10.25],"rotation":0,"texture":"#0","tintindex":0},"down":{"uv":[2.5,10.375,2.25,10.875],"rotation":0,"texture":"#0","tintindex":0},"east":{"uv":[8.375,0.0,8.875,0.625],"rotation":0,"texture":"#0","tintindex":0},"west":{"uv":[0.625,8.375,1.125,9.0],"rotation":0,"texture":"#0","tintindex":0},"up":{"uv":[2.125,10.875,1.875,10.375],"rotation":0,"texture":"#0","tintindex":0}}}],"textures":{"0":"modelengine:entity/dwarf_1"},"display":{"head":{"translation":[0.0,-6.4,0.0],"scale":[4.0,4.0,4.0]}}}