{"elements":[{"from":[5.714286,8.0,5.714286],"to":[10.285714,12.571428,10.285714],"rotation":{"angle":0.0,"axis":"y","origin":[8.0,10.285714,8.0]},"faces":{"south":{"uv":[2.25,4.0,3.25,5.0],"rotation":0,"texture":"#0","tintindex":0},"north":{"uv":[3.75,3.875,4.75,4.875],"rotation":0,"texture":"#0","tintindex":0},"down":{"uv":[4.375,5.0,3.375,6.0],"rotation":0,"texture":"#0","tintindex":0},"east":{"uv":[0.0,4.0,1.0,5.0],"rotation":0,"texture":"#0","tintindex":0},"west":{"uv":[4.875,3.875,5.875,4.875],"rotation":0,"texture":"#0","tintindex":0},"up":{"uv":[2.125,6.0,1.125,5.0],"rotation":0,"texture":"#0","tintindex":0}}},{"from":[7.428571,9.142858,4.5714283],"to":[8.571428,10.857143,5.714286],"rotation":{"angle":0.0,"axis":"y","origin":[8.0,11.428572,3.4285712]},"faces":{"south":{"uv":[2.625,10.375,2.875,10.75],"rotation":0,"texture":"#0","tintindex":0},"north":{"uv":[10.375,1.75,10.625,2.125],"rotation":0,"texture":"#0","tintindex":0},"down":{"uv":[8.5,10.5,8.25,10.75],"rotation":0,"texture":"#0","tintindex":0},"east":{"uv":[10.375,2.5,10.625,2.875],"rotation":0,"texture":"#0","tintindex":0},"west":{"uv":[3.0,10.375,3.25,10.75],"rotation":0,"texture":"#0","tintindex":0},"up":{"uv":[10.75,8.25,10.5,8.0],"rotation":0,"texture":"#0","tintindex":0}}},{"from":[5.6993694,9.576229,4.8571424],"to":[7.413655,10.719086,5.428571],"rotation":{"angle":-22.5,"axis":"z","origin":[8.0,10.709937,5.142857]},"faces":{"south":{"uv":[3.375,10.375,3.75,10.625],"rotation":0,"texture":"#0","tintindex":0},"north":{"uv":[10.25,4.875,10.625,5.125],"rotation":0,"texture":"#0","tintindex":0},"down":{"uv":[8.75,2.625,8.375,2.75],"rotation":0,"texture":"#0","tintindex":0},"east":{"uv":[8.875,7.75,9.0,8.0],"rotation":0,"texture":"#0","tintindex":0},"west":{"uv":[10.875,9.0,11.0,9.25],"rotation":0,"texture":"#0","tintindex":0},"up":{"uv":[0.375,7.75,0.0,7.625],"rotation":0,"texture":"#0","tintindex":0}}},{"from":[8.561149,9.5154,4.8571424],"to":[10.2754345,10.6582575,5.428571],"rotation":{"angle":22.5,"axis":"z","origin":[8.0,10.709937,5.142857]},"faces":{"south":{"uv":[10.375,9.0,10.75,9.25],"rotation":0,"texture":"#0","tintindex":0},"north":{"uv":[10.375,5.25,10.75,5.5],"rotation":0,"texture":"#0","tintindex":0},"down":{"uv":[10.875,5.875,10.5,6.0],"rotation":0,"texture":"#0","tintindex":0},"east":{"uv":[10.875,10.875,11.0,11.125],"rotation":0,"texture":"#0","tintindex":0},"west":{"uv":[0.0,11.0,0.125,11.25],"rotation":0,"texture":"#0","tintindex":0},"up":{"uv":[9.375,4.0,9.0,3.875],"rotation":0,"texture":"#0","tintindex":0}}},{"from":[9.142858,5.142857,5.142857],"to":[10.285714,9.142858,6.285714],"rotation":{"angle":0.0,"axis":"y","origin":[8.571428,8.0,5.142857]},"faces":{"south":{"uv":[8.5,9.125,8.75,10.0],"rotation":0,"texture":"#0","tintindex":0},"north":{"uv":[3.375,4.0,3.625,4.875],"rotation":0,"texture":"#0","tintindex":0},"down":{"uv":[3.625,10.75,3.375,11.0],"rotation":0,"texture":"#0","tintindex":0},"east":{"uv":[8.125,9.125,8.375,10.0],"rotation":0,"texture":"#0","tintindex":0},"west":{"uv":[8.875,9.125,9.125,10.0],"rotation":0,"texture":"#0","tintindex":0},"up":{"uv":[11.0,2.75,10.75,2.5],"rotation":0,"texture":"#0","tintindex":0}}},{"from":[8.571428,9.142858,5.142857],"to":[9.714286,9.714286,6.285714],"rotation":{"angle":0.0,"axis":"y","origin":[7.428571,9.142858,5.142857]},"faces":{"south":{"uv":[9.625,5.625,9.875,5.75],"rotation":0,"texture":"#0","tintindex":0},"north":{"uv":[2.25,3.75,2.5,3.875],"rotation":0,"texture":"#0","tintindex":0},"down":{"uv":[11.0,6.375,10.75,6.625],"rotation":0,"texture":"#0","tintindex":0},"east":{"uv":[9.5,1.875,9.75,2.0],"rotation":0,"texture":"#0","tintindex":0},"west":{"uv":[11.0,0.5,11.25,0.625],"rotation":0,"texture":"#0","tintindex":0},"up":{"uv":[11.0,5.0,10.75,4.75],"rotation":0,"texture":"#0","tintindex":0}}},{"from":[5.714286,11.428572,5.142857],"to":[10.285714,12.571428,5.714286],"rotation":{"angle":0.0,"axis":"y","origin":[6.285714,10.857143,4.5714283]},"faces":{"south":{"uv":[8.375,4.125,9.375,4.375],"rotation":0,"texture":"#0","tintindex":0},"north":{"uv":[2.875,8.375,3.875,8.625],"rotation":0,"texture":"#0","tintindex":0},"down":{"uv":[11.0,3.5,10.0,3.625],"rotation":0,"texture":"#0","tintindex":0},"east":{"uv":[0.25,11.0,0.375,11.25],"rotation":0,"texture":"#0","tintindex":0},"west":{"uv":[1.875,11.0,2.0,11.25],"rotation":0,"texture":"#0","tintindex":0},"up":{"uv":[10.875,2.375,9.875,2.25],"rotation":0,"texture":"#0","tintindex":0}}},{"from":[5.714286,11.428572,10.285714],"to":[10.285714,12.571428,10.857143],"rotation":{"angle":0.0,"axis":"y","origin":[6.285714,10.857143,9.714286]},"faces":{"south":{"uv":[8.375,4.875,9.375,5.125],"rotation":0,"texture":"#0","tintindex":0},"north":{"uv":[8.375,4.5,9.375,4.75],"rotation":0,"texture":"#0","tintindex":0},"down":{"uv":[11.125,1.0,10.125,1.125],"rotation":0,"texture":"#0","tintindex":0},"east":{"uv":[2.125,11.0,2.25,11.25],"rotation":0,"texture":"#0","tintindex":0},"west":{"uv":[11.0,2.125,11.125,2.375],"rotation":0,"texture":"#0","tintindex":0},"up":{"uv":[11.0,6.25,10.0,6.125],"rotation":0,"texture":"#0","tintindex":0}}},{"from":[10.285714,11.428572,5.142857],"to":[10.857143,12.571428,10.857143],"rotation":{"angle":0.0,"axis":"y","origin":[6.857143,10.857143,9.714286]},"faces":{"south":{"uv":[5.125,11.0,5.25,11.25],"rotation":0,"texture":"#0","tintindex":0},"north":{"uv":[2.375,11.0,2.5,11.25],"rotation":0,"texture":"#0","tintindex":0},"down":{"uv":[7.5,9.375,7.375,10.625],"rotation":0,"texture":"#0","tintindex":0},"east":{"uv":[3.875,0.875,5.125,1.125],"rotation":0,"texture":"#0","tintindex":0},"west":{"uv":[8.125,6.375,9.375,6.625],"rotation":0,"texture":"#0","tintindex":0},"up":{"uv":[6.0,10.5,5.875,9.25],"rotation":0,"texture":"#0","tintindex":0}}},{"from":[5.142857,11.428572,5.142857],"to":[5.714286,12.571428,10.857143],"rotation":{"angle":0.0,"axis":"y","origin":[1.7142854,10.857143,9.714286]},"faces":{"south":{"uv":[6.0,11.0,6.125,11.25],"rotation":0,"texture":"#0","tintindex":0},"north":{"uv":[5.75,11.0,5.875,11.25],"rotation":0,"texture":"#0","tintindex":0},"down":{"uv":[6.25,9.625,6.125,10.875],"rotation":0,"texture":"#0","tintindex":0},"east":{"uv":[8.125,6.75,9.375,7.0],"rotation":0,"texture":"#0","tintindex":0},"west":{"uv":[7.75,8.125,9.0,8.375],"rotation":0,"texture":"#0","tintindex":0},"up":{"uv":[9.75,1.75,9.625,0.5],"rotation":0,"texture":"#0","tintindex":0}}},{"from":[5.714286,12.0,5.714286],"to":[10.285714,13.714286,10.285714],"rotation":{"angle":0.0,"axis":"y","origin":[6.285714,12.0,5.142857]},"faces":{"south":{"uv":[7.75,7.625,8.75,8.0],"rotation":0,"texture":"#0","tintindex":0},"north":{"uv":[7.625,5.875,8.625,6.25],"rotation":0,"texture":"#0","tintindex":0},"down":{"uv":[1.0,5.125,0.0,6.125],"rotation":0,"texture":"#0","tintindex":0},"east":{"uv":[7.75,7.125,8.75,7.5],"rotation":0,"texture":"#0","tintindex":0},"west":{"uv":[0.0,7.875,1.0,8.25],"rotation":0,"texture":"#0","tintindex":0},"up":{"uv":[5.5,6.0,4.5,5.0],"rotation":0,"texture":"#0","tintindex":0}}},{"from":[7.428571,12.571428,5.142857],"to":[8.571428,14.285715,5.714286],"rotation":{"angle":0.0,"axis":"y","origin":[6.285714,12.571428,4.5714283]},"faces":{"south":{"uv":[10.375,9.375,10.625,9.75],"rotation":0,"texture":"#0","tintindex":0},"north":{"uv":[7.625,10.375,7.875,10.75],"rotation":0,"texture":"#0","tintindex":0},"down":{"uv":[11.25,5.875,11.0,6.0],"rotation":0,"texture":"#0","tintindex":0},"east":{"uv":[1.875,8.875,2.0,9.25],"rotation":0,"texture":"#0","tintindex":0},"west":{"uv":[10.875,8.25,11.0,8.625],"rotation":0,"texture":"#0","tintindex":0},"up":{"uv":[11.25,0.875,11.0,0.75],"rotation":0,"texture":"#0","tintindex":0}}},{"from":[7.428571,12.571428,10.285714],"to":[8.571428,14.285715,10.857143],"rotation":{"angle":0.0,"axis":"y","origin":[6.285714,12.571428,9.714286]},"faces":{"south":{"uv":[10.375,10.375,10.625,10.75],"rotation":0,"texture":"#0","tintindex":0},"north":{"uv":[10.375,9.875,10.625,10.25],"rotation":0,"texture":"#0","tintindex":0},