{"elements":[{"from":[-5.908223,1.0093827,-5.714287],"to":[10.091778,17.580812,6.857143],"rotation":{"angle":0.0,"axis":"y","origin":[2.0917768,-16.704905,-4.000001]},"faces":{"south":{"uv":[5.46875,5.71875,6.34375,6.625],"rotation":0,"texture":"#0","tintindex":0},"north":{"uv":[4.5625,5.71875,5.4375,6.625],"rotation":0,"texture":"#0","tintindex":0},"down":{"uv":[7.71875,0.71875,6.84375,1.40625],"rotation":0,"texture":"#0","tintindex":0},"east":{"uv":[6.375,6.5625,7.0625,7.46875],"rotation":0,"texture":"#0","tintindex":0},"west":{"uv":[4.0625,6.65625,4.75,7.5625],"rotation":0,"texture":"#0","tintindex":0},"up":{"uv":[7.71875,0.6875,6.84375,0.0],"rotation":0,"texture":"#0","tintindex":0}}},{"from":[-3.0510807,-6.9906178,-4.000001],"to":[7.2346344,1.0093827,4.5714283],"rotation":{"angle":0.0,"axis":"y","origin":[2.0917768,-16.704905,-4.000001]},"faces":{"south":{"uv":[7.0625,7.6875,7.625,8.125],"rotation":0,"texture":"#0","tintindex":0},"north":{"uv":[7.65625,4.5,8.21875,4.9375],"rotation":0,"texture":"#0","tintindex":0},"down":{"uv":[4.6875,7.59375,4.125,8.0625],"rotation":0,"texture":"#0","tintindex":0},"east":{"uv":[4.0625,6.125,4.53125,6.5625],"rotation":0,"texture":"#0","tintindex":0},"west":{"uv":[7.75,7.15625,8.21875,7.59375],"rotation":0,"texture":"#0","tintindex":0},"up":{"uv":[8.15625,4.46875,7.59375,4.0],"rotation":0,"texture":"#0","tintindex":0}}},{"from":[-3.622509,-8.704903,-4.5714293],"to":[7.8060627,-5.276332,5.142857],"rotation":{"angle":0.0,"axis":"y","origin":[2.0917768,-16.704905,-4.000001]},"faces":{"south":{"uv":[8.59375,0.21875,9.21875,0.40625],"rotation":0,"texture":"#0","tintindex":0},"north":{"uv":[8.59375,0.0,9.21875,0.1875],"rotation":0,"texture":"#0","tintindex":0},"down":{"uv":[7.8125,5.34375,7.1875,5.875],"rotation":0,"texture":"#0","tintindex":0},"east":{"uv":[8.65625,8.09375,9.1875,8.28125],"rotation":0,"texture":"#0","tintindex":0},"west":{"uv":[8.125,8.65625,8.65625,8.84375],"rotation":0,"texture":"#0","tintindex":0},"up":{"uv":[7.71875,7.65625,7.09375,7.125],"rotation":0,"texture":"#0","tintindex":0}}},{"from":[-0.7653656,-14.99062,-4.5714293],"to":[4.9489202,-8.704903,-4.5714293],"rotation":{"angle":0.0,"axis":"y","origin":[2.0917768,-16.704905,-4.000001]},"faces":{"south":{"uv":[8.59375,6.3125,8.90625,6.65625],"rotation":0,"texture":"#0","tintindex":0},"north":{"uv":[8.59375,4.875,8.90625,5.21875],"rotation":0,"texture":"#0","tintindex":0},"down":{"uv":[7.15625,4.53125,6.84375,4.53125],"rotation":0,"texture":"#0","tintindex":0},"east":{"uv":[4.71875,7.59375,4.71875,7.9375],"rotation":0,"texture":"#0","tintindex":0},"west":{"uv":[7.8125,4.96875,7.8125,5.3125],"rotation":0,"texture":"#0","tintindex":0},"up":{"uv":[7.15625,4.5,6.84375,4.5],"rotation":0,"texture":"#0","tintindex":0}}},{"from":[0.377491,-9.847761,-5.1428576],"to":[3.8060627,-4.1334743,-3.4285717],"rotation":{"angle":0.0,"axis":"y","origin":[2.0917768,-21.847763,-4.000001]},"faces":{"south":{"uv":[0.53125,7.75,0.71875,8.0625],"rotation":0,"texture":"#0","tintindex":0},"north":{"uv":[7.375,4.125,7.5625,4.4375],"rotation":0,"texture":"#0","tintindex":0},"down":{"uv":[9.75,3.4375,9.5625,3.53125],"rotation":0,"texture":"#0","tintindex":0},"east":{"uv":[1.6875,9.4375,1.78125,9.75],"rotation":0,"texture":"#0","tintindex":0},"west":{"uv":[1.8125,9.4375,1.90625,9.75],"rotation":0,"texture":"#0","tintindex":0},"up":{"uv":[9.75,2.5,9.5625,2.40625],"rotation":0,"texture":"#0","tintindex":0}}},{"from":[0.377491,-9.276333,4.0],"to":[3.8060627,-4.7049036,5.714286],"rotation":{"angle":0.0,"axis":"y","origin":[2.0917768,-21.847763,-4.000001]},"faces":{"south":{"uv":[3.5,9.1875,3.6875,9.4375],"rotation":0,"texture":"#0","tintindex":0},"north":{"uv":[2.59375,8.78125,2.78125,9.03125],"rotation":0,"texture":"#0","tintindex":0},"down":{"uv":[9.75,3.6875,9.5625,3.78125],"rotation":0,"texture":"#0","tintindex":0},"east":{"uv":[8.125,6.84375,8.21875,7.09375],"rotation":0,"texture":"#0","tintindex":0},"west":{"uv":[2.8125,9.53125,2.90625,9.78125],"rotation":0,"texture":"#0","tintindex":0},"up":{"uv":[9.75,3.65625,9.5625,3.5625],"rotation":0,"texture":"#0","tintindex":0}}},{"from":[-4.1939373,-9.847761,-1.7142859],"to":[-3.0510807,-4.1334743,3.4285712],"rotation":{"angle":0.0,"axis":"y","origin":[2.0917768,-21.847763,-4.000001]},"faces":{"south":{"uv":[6.96875,8.25,7.03125,8.5625],"rotation":0,"texture":"#0","tintindex":0},"north":{"uv":[0.4375,8.25,0.5,8.5625],"rotation":0,"texture":"#0","tintindex":0},"down":{"uv":[4.90625,9.4375,4.84375,9.71875],"rotation":0,"texture":"#0","tintindex":0},"east":{"uv":[8.6875,8.6875,8.96875,9.0],"rotation":0,"texture":"#0","tintindex":0},"west":{"uv":[6.96875,8.71875,7.25,9.03125],"rotation":0,"texture":"#0","tintindex":0},"up":{"uv":[9.34375,9.6875,9.28125,9.40625],"rotation":0,"texture":"#0","tintindex":0}}},{"from":[-4.7653666,-9.276333,-5.714287],"to":[-1.3367949,-4.7049036,-4.000001],"rotation":{"angle":45.0,"axis":"y","origin":[-1.9082232,-6.9906178,-4.285715]},"faces":{"south":{"uv":[3.71875,9.1875,3.90625,9.4375],"rotation":0,"texture":"#0","tintindex":0},"north":{"uv":[9.1875,3.5,9.375,3.75],"rotation":0,"texture":"#0","tintindex":0},"down":{"uv":[9.75,4.84375,9.5625,4.9375],"rotation":0,"texture":"#0","tintindex":0},"east":{"uv":[6.96875,9.53125,7.0625,9.78125],"rotation":0,"texture":"#0","tintindex":0},"west":{"uv":[7.09375,9.53125,7.1875,9.78125],"rotation":0,"texture":"#0","tintindex":0},"up":{"uv":[9.75,4.8125,9.5625,4.71875],"rotation":0,"texture":"#0","tintindex":0}}},{"from":[5.5203485,-9.276333,-5.714287],"to":[8.94892,-4.7049036,-4.000001],"rotation":{"angle":-45.0,"axis":"y","origin":[6.091777,-6.9906178,-4.285715]},"faces":{"south":{"uv":[9.1875,4.71875,9.375,4.96875],"rotation":0,"texture":"#0","tintindex":0},"north":{"uv":[9.1875,3.78125,9.375,4.03125],"rotation":0,"texture":"#0","tintindex":0},"down":{"uv":[9.75,5.59375,9.5625,5.6875],"rotation":0,"texture":"#0","tintindex":0},"east":{"uv":[9.53125,9.03125,9.625,9.28125],"rotation":0,"texture":"#0","tintindex":0},"west":{"uv":[9.53125,9.3125,9.625,9.5625],"rotation":0,"texture":"#0","tintindex":0},"up":{"uv":[9.75,5.5625,9.5625,5.46875],"rotation":0,"texture":"#0","tintindex":0}}},{"from":[7.2346344,-9.847761,-1.7142859],"to":[8.377491,-4.1334743,3.4285712],"rotation":{"angle":0.0,"axis":"y","origin":[2.0917768,-21.847763,-4.000001]},"faces":{"south":{"uv":[7.9375,9.375,8.0,9.6875],"rotation":0,"texture":"#0","tintindex":0},"north":{"uv":[3.9375,9.1875,4.0,9.5],"rotation":0,"texture":"#0","tintindex":0},"down":{"uv":[2.46875,9.5625,2.40625,9.84375],"rotation":0,"texture":"#0","tintindex":0},"east":{"uv":[8.75,0.4375,9.03125,0.75],"rotation":0,"texture":"#0","tintindex":0},"west":{"uv":[4.5,8.75,4.78125,9.0625],"rotation":0,"texture":"#0","tintindex":0},"up":{"uv":[4.0,9.8125,3.9375,9.53125],"rotation":0,"texture":"#0","tintindex":0}}},{"from":[-1.9082232,17.580812,0.0],"to":[0.9489198,21.580812,2.8571424],"rotation":{"angle":0.0,"axis":"y","origin":[-6.4796524,-19.562048,-5.1428576]},"faces":{"south":{"uv":[5.96875,9.40625,6.125,9.625],"rotation":0,"texture":"#0","tintindex":0},"north":{"uv":[5.59375,9.40625,5.75,9.625],"rotation":0,"texture":"#0","tintindex":0},"down":{"uv":[3.90625,9.46875,3.75,9.625],"rotation":0,"texture":"#0","tintindex":0},"east":{"uv":[5.78125,9.40625,5.9375,9.625],"rotation":0,"texture":"#0","tintindex":0},"west":{"uv":[9.40625,6.3125,9.5625,6.53125],"rotation":0,"texture":"#0","tintindex":0},"up":{"uv":[3.71875,9.625,3.5625,9.46875],"rotation":0,"texture":"#0","tintindex":0}}},{"from":[3.2346344,11.295097,5.714286],"to":[6.091777,15.295097,8.571428],"rotation":{"angle":45.0,"axis":"x","origin":[4.6632056,13.295097,7.142857]},"faces":{"south":{"uv":[5.96875,9.40625,6.125,9.625],"rotation":0,"texture":"#0","tintindex":0},"north":{"uv":[5.59375,9.40625,5.75,9.625],"rotation":0,"texture":"#0","tintindex":0},"down":{"uv":[3.90625,9.46875,3.75,9.625],"rotation":0,"texture":"#0","tintindex":0},"east":{"uv":[5.78125,9.40625,5.9375,9.625],"rotation":0,