{"elements":[{"from":[-0.57142925,5.952383,6.047617],"to":[8.0,9.952383,10.047617],"rotation":{"angle":0.0,"axis":"y","origin":[17.541006,-16.402584,8.047617]},"faces":{"south":{"uv":[8.65625,4.375,9.125,4.59375],"rotation":0,"texture":"#0","tintindex":0},"north":{"uv":[0.0,8.65625,0.46875,8.875],"rotation":0,"texture":"#0","tintindex":0},"down":{"uv":[9.125,5.5,8.65625,5.71875],"rotation":0,"texture":"#0","tintindex":0},"east":{"uv":[7.53125,9.15625,7.75,9.375],"rotation":0,"texture":"#0","tintindex":0},"west":{"uv":[9.1875,0.71875,9.40625,0.9375],"rotation":0,"texture":"#0","tintindex":0},"up":{"uv":[9.125,4.84375,8.65625,4.625],"rotation":0,"texture":"#0","tintindex":0}}},{"from":[-4.5714293,5.380954,5.4761887],"to":[0.5714283,10.523811,10.619046],"rotation":{"angle":0.0,"axis":"y","origin":[17.541006,-16.402584,8.047617]},"faces":{"south":{"uv":[5.59375,8.8125,5.875,9.09375],"rotation":0,"texture":"#0","tintindex":0},"north":{"uv":[2.28125,8.78125,2.5625,9.0625],"rotation":0,"texture":"#0","tintindex":0},"down":{"uv":[9.15625,0.78125,8.875,1.0625],"rotation":0,"texture":"#0","tintindex":0},"east":{"uv":[5.28125,8.8125,5.5625,9.09375],"rotation":0,"texture":"#0","tintindex":0},"west":{"uv":[5.90625,8.8125,6.1875,9.09375],"rotation":0,"texture":"#0","tintindex":0},"up":{"uv":[6.5,9.09375,6.21875,8.8125],"rotation":0,"texture":"#0","tintindex":0}}},{"from":[4.5714283,8.8095255,7.761903],"to":[7.428571,11.666669,10.619046],"rotation":{"angle":0.0,"axis":"y","origin":[7.142857,12.523811,9.761903]},"faces":{"south":{"uv":[5.0625,9.4375,5.21875,9.59375],"rotation":0,"texture":"#0","tintindex":0},"north":{"uv":[4.46875,9.4375,4.625,9.59375],"rotation":0,"texture":"#0","tintindex":0},"down":{"uv":[3.53125,9.46875,3.375,9.625],"rotation":0,"texture":"#0","tintindex":0},"east":{"uv":[4.65625,9.4375,4.8125,9.59375],"rotation":0,"texture":"#0","tintindex":0},"west":{"uv":[9.46875,1.90625,9.625,2.0625],"rotation":0,"texture":"#0","tintindex":0},"up":{"uv":[9.625,2.25,9.46875,2.09375],"rotation":0,"texture":"#0","tintindex":0}}}],"textures":{"0":"modelengine:entity/orc"},"display":{"head":{"translation":[0.0,-6.4,0.0],"scale":[4.0,4.0,4.0]}}}