{"elements":[{"from":[5.2571425,4.9714284,4.6285715],"to":[10.971429,11.257143,10.914286],"rotation":{"angle":0.0,"axis":"y","origin":[6.22672,-16.24068,7.7714286]},"faces":{"south":{"uv":[8.59375,3.25,8.90625,3.59375],"rotation":0,"texture":"#0","tintindex":0},"north":{"uv":[8.59375,2.875,8.90625,3.21875],"rotation":0,"texture":"#0","tintindex":0},"down":{"uv":[8.90625,4.0,8.59375,4.34375],"rotation":0,"texture":"#0","tintindex":0},"east":{"uv":[8.5625,6.84375,8.90625,7.1875],"rotation":0,"texture":"#0","tintindex":0},"west":{"uv":[8.5625,7.21875,8.90625,7.5625],"rotation":0,"texture":"#0","tintindex":0},"up":{"uv":[8.90625,3.96875,8.59375,3.625],"rotation":0,"texture":"#0","tintindex":0}}},{"from":[-3.3142862,6.1142855,5.771428],"to":[5.2571425,10.114286,9.771429],"rotation":{"angle":0.0,"axis":"y","origin":[6.22672,-16.24068,7.7714286]},"faces":{"south":{"uv":[8.59375,7.59375,9.0625,7.8125],"rotation":0,"texture":"#0","tintindex":0},"north":{"uv":[8.59375,5.25,9.0625,5.46875],"rotation":0,"texture":"#0","tintindex":0},"down":{"uv":[3.5625,8.625,3.09375,8.84375],"rotation":0,"texture":"#0","tintindex":0},"east":{"uv":[9.15625,5.46875,9.375,5.6875],"rotation":0,"texture":"#0","tintindex":0},"west":{"uv":[7.28125,9.15625,7.5,9.375],"rotation":0,"texture":"#0","tintindex":0},"up":{"uv":[9.0625,8.0625,8.59375,7.84375],"rotation":0,"texture":"#0","tintindex":0}}}],"textures":{"0":"modelengine:entity/orc"},"display":{"head":{"translation":[0.0,-6.4,0.0],"scale":[4.0,4.0,4.0]}}}