{"elements":[{"from":[5.4103255,0.6197424,5.715308],"to":[10.553183,8.048314,10.286737],"rotation":{"angle":0.0,"axis":"y","origin":[7.8103256,0.30214262,8.001023]},"faces":{"south":{"uv":[7.8125,8.5625,8.09375,8.96875],"rotation":0,"texture":"#0","tintindex":0},"north":{"uv":[2.8125,7.625,3.09375,8.03125],"rotation":0,"texture":"#0","tintindex":0},"down":{"uv":[9.34375,0.4375,9.0625,0.6875],"rotation":0,"texture":"#0","tintindex":0},"east":{"uv":[0.5,8.65625,0.75,9.0625],"rotation":0,"texture":"#0","tintindex":0},"west":{"uv":[8.65625,5.75,8.90625,6.15625],"rotation":0,"texture":"#0","tintindex":0},"up":{"uv":[8.125,5.875,7.84375,5.625],"rotation":0,"texture":"#0","tintindex":0}}},{"from":[7.69604,0.048314095,5.14388],"to":[8.838897,2.3340282,6.286737],"rotation":{"angle":0.0,"axis":"y","origin":[8.267468,1.1911712,5.715308]},"faces":{"south":{"uv":[8.03125,9.0,8.09375,9.125],"rotation":0,"texture":"#0","tintindex":0},"north":{"uv":[4.03125,8.34375,4.09375,8.46875],"rotation":0,"texture":"#0","tintindex":0},"down":{"uv":[8.4375,4.875,8.375,4.9375],"rotation":0,"texture":"#0","tintindex":0},"east":{"uv":[4.5,8.5625,4.5625,8.6875],"rotation":0,"texture":"#0","tintindex":0},"west":{"uv":[4.75,9.625,4.8125,9.75],"rotation":0,"texture":"#0","tintindex":0},"up":{"uv":[7.5625,4.53125,7.5,4.46875],"rotation":0,"texture":"#0","tintindex":0}}},{"from":[4.8388968,0.048314095,7.429594],"to":[5.9817543,2.3340282,8.572452],"rotation":{"angle":0.0,"axis":"y","origin":[5.4103255,1.1911712,8.001023]},"faces":{"south":{"uv":[1.09375,9.71875,1.15625,9.84375],"rotation":0,"texture":"#0","tintindex":0},"north":{"uv":[5.1875,9.625,5.25,9.75],"rotation":0,"texture":"#0","tintindex":0},"down":{"uv":[8.1875,8.5625,8.125,8.625],"rotation":0,"texture":"#0","tintindex":0},"east":{"uv":[1.0,9.71875,1.0625,9.84375],"rotation":0,"texture":"#0","tintindex":0},"west":{"uv":[1.1875,9.71875,1.25,9.84375],"rotation":0,"texture":"#0","tintindex":0},"up":{"uv":[8.53125,4.9375,8.46875,4.875],"rotation":0,"texture":"#0","tintindex":0}}},{"from":[7.69604,0.048314095,9.715309],"to":[8.838897,2.3340282,10.858166],"rotation":{"angle":0.0,"axis":"y","origin":[8.267468,1.1911712,10.286737]},"faces":{"south":{"uv":[9.71875,4.96875,9.78125,5.09375],"rotation":0,"texture":"#0","tintindex":0},"north":{"uv":[1.28125,9.71875,1.34375,9.84375],"rotation":0,"texture":"#0","tintindex":0},"down":{"uv":[8.65625,0.4375,8.59375,0.5],"rotation":0,"texture":"#0","tintindex":0},"east":{"uv":[9.71875,3.8125,9.78125,3.9375],"rotation":0,"texture":"#0","tintindex":0},"west":{"uv":[9.71875,5.125,9.78125,5.25],"rotation":0,"texture":"#0","tintindex":0},"up":{"uv":[8.28125,8.625,8.21875,8.5625],"rotation":0,"texture":"#0","tintindex":0}}}],"textures":{"0":"modelengine:entity/orc"},"display":{"head":{"translation":[0.0,-6.4,0.0],"scale":[4.0,4.0,4.0]}}}