{"elements":[{"from":[6.823571,6.9953656,6.653554],"to":[9.109285,9.28108,8.36784],"rotation":{"angle":-22.5,"axis":"x","origin":[13.966429,8.138223,7.7964115]},"faces":{"south":{"uv":[9.625,4.1875,9.75,4.3125],"rotation":0,"texture":"#0","tintindex":0},"north":{"uv":[9.625,3.1875,9.75,3.3125],"rotation":0,"texture":"#0","tintindex":0},"down":{"uv":[9.78125,0.96875,9.65625,1.0625],"rotation":0,"texture":"#0","tintindex":0},"east":{"uv":[9.65625,3.96875,9.75,4.09375],"rotation":0,"texture":"#0","tintindex":0},"west":{"uv":[5.59375,9.65625,5.6875,9.78125],"rotation":0,"texture":"#0","tintindex":0},"up":{"uv":[4.71875,8.1875,4.59375,8.09375],"rotation":0,"texture":"#0","tintindex":0}}},{"from":[6.037857,6.9805255,10.9776],"to":[10.009286,13.266241,14.9776],"rotation":{"angle":-45.0,"axis":"x","origin":[8.023571,6.6948113,15.8347435]},"faces":{"south":{"uv":[8.9375,3.125,9.15625,3.46875],"rotation":0,"texture":"#0","tintindex":0},"north":{"uv":[8.4375,8.875,8.65625,9.21875],"rotation":0,"texture":"#0","tintindex":0},"down":{"uv":[2.0,9.1875,1.78125,9.40625],"rotation":0,"texture":"#0","tintindex":0},"east":{"uv":[8.9375,2.75,9.15625,3.09375],"rotation":0,"texture":"#0","tintindex":0},"west":{"uv":[8.9375,3.5,9.15625,3.84375],"rotation":0,"texture":"#0","tintindex":0},"up":{"uv":[9.40625,1.4375,9.1875,1.21875],"rotation":0,"texture":"#0","tintindex":0}}},{"from":[6.0235715,0.00503397,11.026623],"to":[10.023571,6.2907486,15.026623],"rotation":{"angle":0.0,"axis":"y","origin":[8.023571,-0.28068066,15.883766]},"faces":{"south":{"uv":[8.9375,5.75,9.15625,6.09375],"rotation":0,"texture":"#0","tintindex":0},"north":{"uv":[8.9375,3.875,9.15625,4.21875],"rotation":0,"texture":"#0","tintindex":0},"down":{"uv":[9.40625,2.75,9.1875,2.96875],"rotation":0,"texture":"#0","tintindex":0},"east":{"uv":[8.9375,4.875,9.15625,5.21875],"rotation":0,"texture":"#0","tintindex":0},"west":{"uv":[8.9375,6.3125,9.15625,6.65625],"rotation":0,"texture":"#0","tintindex":0},"up":{"uv":[2.25,9.40625,2.03125,9.1875],"rotation":0,"texture":"#0","tintindex":0}}},{"from":[5.3949995,2.2907481,10.455194],"to":[10.537857,4.5764627,15.598051],"rotation":{"angle":0.0,"axis":"y","origin":[12.252143,3.4336057,16.16948]},"faces":{"south":{"uv":[9.40625,3.8125,9.6875,3.9375],"rotation":0,"texture":"#0","tintindex":0},"north":{"uv":[8.125,1.9375,8.40625,2.0625],"rotation":0,"texture":"#0","tintindex":0},"down":{"uv":[0.28125,8.90625,0.0,9.1875],"rotation":0,"texture":"#0","tintindex":0},"east":{"uv":[8.28125,0.84375,8.5625,0.96875],"rotation":0,"texture":"#0","tintindex":0},"west":{"uv":[9.40625,5.03125,9.6875,5.15625],"rotation":0,"texture":"#0","tintindex":0},"up":{"uv":[8.40625,9.15625,8.125,8.875],"rotation":0,"texture":"#0","tintindex":0}}},{"from":[6.0199885,0.00503397,7.5956573],"to":[10.019989,2.2907481,11.024229],"rotation":{"angle":0.0,"axis":"y","origin":[6.0199885,1.147891,11.024229]},"faces":{"south":{"uv":[2.5625,9.4375,2.78125,9.5625],"rotation":0,"texture":"#0","tintindex":0},"north":{"uv":[1.9375,9.4375,2.15625,9.5625],"rotation":0,"texture":"#0","tintindex":0},"down":{"uv":[9.46875,0.0,9.25,0.1875],"rotation":0,"texture":"#0","tintindex":0},"east":{"uv":[9.5,0.25,9.6875,0.375],"rotation":0,"texture":"#0","tintindex":0},"west":{"uv":[9.5,5.1875,9.6875,5.3125],"rotation":0,"texture":"#0","tintindex":0},"up":{"uv":[9.4375,8.25,9.21875,8.0625],"rotation":0,"texture":"#0","tintindex":0}}}],"textures":{"0":"modelengine:entity/orc"},"display":{"head":{"translation":[0.0,-6.4,0.0],"scale":[4.0,4.0,4.0]}}}