{"elements":[{"from":[-3.374772,7.428571,7.6857142],"to":[10.910943,8.571428,8.257143],"rotation":{"angle":0.0,"axis":"y","origin":[6.0,7.714286,8.428572]},"faces":{"south":{"uv":[6.879,5.754,9.996,5.996],"rotation":0,"texture":"#0","tintindex":0},"north":{"uv":[6.879,5.504,9.996,5.746],"rotation":0,"texture":"#0","tintindex":0},"down":{"uv":[10.121,4.379,7.004,4.496],"rotation":0,"texture":"#0","tintindex":0},"east":{"uv":[11.379,3.379,11.496,3.621],"rotation":0,"texture":"#0","tintindex":0},"west":{"uv":[3.504,11.379,3.621,11.621],"rotation":0,"texture":"#0","tintindex":0},"up":{"uv":[10.121,4.371,7.004,4.254],"rotation":0,"texture":"#0","tintindex":0}}},{"from":[-3.089057,6.285714,7.9714284],"to":[0.9109421,9.714286,7.9714284],"rotation":{"angle":0.0,"axis":"y","origin":[6.0,7.714286,8.428572]},"faces":{"south":{"uv":[4.254,7.004,5.121,7.746],"rotation":0,"texture":"#0","tintindex":0},"north":{"uv":[3.379,7.004,4.246,7.746],"rotation":0,"texture":"#0","tintindex":0},"down":{"uv":[0.871,0.004,0.004,0.004],"rotation":0,"texture":"#0","tintindex":0},"east":{"uv":[0.004,0.004,0.004,0.746],"rotation":0,"texture":"#0","tintindex":0},"west":{"uv":[0.004,0.004,0.004,0.746],"rotation":0,"texture":"#0","tintindex":0},"up":{"uv":[0.871,0.004,0.004,0.004],"rotation":0,"texture":"#0","tintindex":0}}},{"from":[-3.089057,8.0,6.257143],"to":[0.9109421,8.0,9.685715],"rotation":{"angle":0.0,"axis":"y","origin":[6.0,7.714286,8.428572]},"faces":{"south":{"uv":[0.004,0.004,0.871,0.004],"rotation":0,"texture":"#0","tintindex":0},"north":{"uv":[0.004,0.004,0.871,0.004],"rotation":0,"texture":"#0","tintindex":0},"down":{"uv":[6.871,7.129,6.004,7.871],"rotation":0,"texture":"#0","tintindex":0},"east":{"uv":[0.004,0.004,0.746,0.004],"rotation":0,"texture":"#0","tintindex":0},"west":{"uv":[0.004,0.004,0.746,0.004],"rotation":0,"texture":"#0","tintindex":0},"up":{"uv":[5.996,7.871,5.129,7.129],"rotation":0,"texture":"#0","tintindex":0}}},{"from":[-3.4890575,7.3142858,7.5714283],"to":[11.0252285,8.685715,8.3714285],"rotation":{"angle":0.0,"axis":"y","origin":[6.0,7.714286,8.428572]},"faces":{"south":{"uv":[7.004,4.004,10.121,4.246],"rotation":0,"texture":"#0","tintindex":0},"north":{"uv":[7.004,3.754,10.121,3.996],"rotation":0,"texture":"#0","tintindex":0},"down":{"uv":[10.121,4.629,7.004,4.746],"rotation":0,"texture":"#0","tintindex":0},"east":{"uv":[3.629,11.379,3.746,11.621],"rotation":0,"texture":"#0","tintindex":0},"west":{"uv":[3.754,11.379,3.871,11.621],"rotation":0,"texture":"#0","tintindex":0},"up":{"uv":[10.121,4.621,7.004,4.504],"rotation":0,"texture":"#0","tintindex":0}}},{"from":[10.910943,7.142857,7.1142855],"to":[12.053801,8.857143,8.828571],"rotation":{"angle":0.0,"axis":"y","origin":[6.0,7.714286,8.428572]},"faces":{"south":{"uv":[7.629,9.379,7.871,9.746],"rotation":0,"texture":"#0","tintindex":0},"north":{"uv":[2.004,7.379,2.246,7.746],"rotation":0,"texture":"#0","tintindex":0},"down":{"uv":[4.496,10.129,4.254,10.496],"rotation":0,"texture":"#0","tintindex":0},"east":{"uv":[10.504,8.004,10.871,8.371],"rotation":0,"texture":"#0","tintindex":0},"west":{"uv":[10.504,8.379,10.871,8.746],"rotation":0,"texture":"#0","tintindex":0},"up":{"uv":[3.121,10.496,2.879,10.129],"rotation":0,"texture":"#0","tintindex":0}}},{"from":[12.053801,7.428571,7.6857142],"to":[13.196657,8.571428,8.257143],"rotation":{"angle":0.0,"axis":"y","origin":[6.0,7.714286,8.428572]},"faces":{"south":{"uv":[11.129,8.379,11.371,8.621],"rotation":0,"texture":"#0","tintindex":0},"north":{"uv":[8.379,11.129,8.621,11.371],"rotation":0,"texture":"#0","tintindex":0},"down":{"uv":[10.371,10.504,10.129,10.621],"rotation":0,"texture":"#0","tintindex":0},"east":{"uv":[3.879,11.379,3.996,11.621],"rotation":0,"texture":"#0","tintindex":0},"west":{"uv":[4.004,11.379,4.121,11.621],"rotation":0,"texture":"#0","tintindex":0},"up":{"uv":[4.496,10.621,4.254,10.504],"rotation":0,"texture":"#0","tintindex":0}}},{"from":[11.482371,6.285714,7.9714284],"to":[14.910943,9.714286,7.9714284],"rotation":{"angle":45.0,"axis":"x","origin":[13.196657,8.0,7.9714284]},"faces":{"south":{"uv":[7.879,6.004,8.621,6.746],"rotation":0,"texture":"#0","tintindex":0},"north":{"uv":[7.504,1.254,8.246,1.996],"rotation":0,"texture":"#0","tintindex":0},"down":{"uv":[0.746,0.004,0.004,0.004],"rotation":0,"texture":"#0","tintindex":0},"east":{"uv":[0.004,0.004,0.004,0.746],"rotation":0,"texture":"#0","tintindex":0},"west":{"uv":[0.004,0.004,0.004,0.746],"rotation":0,"texture":"#0","tintindex":0},"up":{"uv":[0.746,0.004,0.004,0.004],"rotation":0,"texture":"#0","tintindex":0}}},{"from":[11.482371,6.285714,7.9714284],"to":[14.910943,9.714286,7.9714284],"rotation":{"angle":-45.0,"axis":"x","origin":[13.196657,8.0,7.9714284]},"faces":{"south":{"uv":[7.879,7.504,8.621,8.246],"rotation":0,"texture":"#0","tintindex":0},"north":{"uv":[7.879,6.754,8.621,7.496],"rotation":0,"texture":"#0","tintindex":0},"down":{"uv":[0.746,0.004,0.004,0.004],"rotation":0,"texture":"#0","tintindex":0},"east":{"uv":[0.004,0.004,0.004,0.746],"rotation":0,"texture":"#0","tintindex":0},"west":{"uv":[0.004,0.004,0.004,0.746],"rotation":0,"texture":"#0","tintindex":0},"up":{"uv":[0.746,0.004,0.004,0.004],"rotation":0,"texture":"#0","tintindex":0}}},{"from":[9.7680855,7.142857,7.1142855],"to":[10.339515,8.857143,8.828571],"rotation":{"angle":0.0,"axis":"y","origin":[6.0,7.714286,8.428572]},"faces":{"south":{"uv":[3.004,10.504,3.121,10.871],"rotation":0,"texture":"#0","tintindex":0},"north":{"uv":[1.879,8.629,1.996,8.996],"rotation":0,"texture":"#0","tintindex":0},"down":{"uv":[1.246,11.254,1.129,11.621],"rotation":0,"texture":"#0","tintindex":0},"east":{"uv":[10.504,8.754,10.871,9.121],"rotation":0,"texture":"#0","tintindex":0},"west":{"uv":[10.504,9.129,10.871,9.496],"rotation":0,"texture":"#0","tintindex":0},"up":{"uv":[7.496,11.496,7.379,11.129],"rotation":0,"texture":"#0","tintindex":0}}},{"from":[10.796658,7.028571,7.0],"to":[12.168086,8.971429,8.942858],"rotation":{"angle":0.0,"axis":"y","origin":[6.0,7.714286,8.428572]},"faces":{"south":{"uv":[6.504,10.504,6.746,10.871],"rotation":0,"texture":"#0","tintindex":0},"north":{"uv":[1.629,10.254,1.871,10.621],"rotation":0,"texture":"#0","tintindex":0},"down":{"uv":[1.746,10.879,1.504,11.246],"rotation":0,"texture":"#0","tintindex":0},"east":{"uv":[9.754,10.504,10.121,10.871],"rotation":0,"texture":"#0","tintindex":0},"west":{"uv":[10.629,0.379,10.996,0.746],"rotation":0,"texture":"#0","tintindex":0},"up":{"uv":[11.121,1.746,10.879,1.379],"rotation":0,"texture":"#0","tintindex":0}}},{"from":[9.6538,7.028571,7.0],"to":[10.4538,8.971429,8.942858],"rotation":{"angle":0.0,"axis":"y","origin":[6.0,7.714286,8.428572]},"faces":{"south":{"uv":[1.504,11.254,1.621,11.621],"rotation":0,"texture":"#0","tintindex":0},"north":{"uv":[1.254,11.254,1.371,11.621],"rotation":0,"texture":"#0","tintindex":0},"down":{"uv":[3.371,11.254,3.254,11.621],"rotation":0,"texture":"#0","tintindex":0},"east":{"uv":[10.629,0.754,10.996,1.121],"rotation":0,"texture":"#0","tintindex":0},"west":{"uv":[1.129,10.629,1.496,10.996],"rotation":0,"texture":"#0","tintindex":0},"up":{"uv":[1.746,11.621,1.629,11.254],"rotation":0,"texture":"#0","tintindex":0}}}],"textures":{"0":"modelengine:entity/monaska/skelet_monah"},"display":{"head":{"translation":[0.0,-6.4,0.0],"scale":[4.0,4.0,4.0]}}}