{"elements":[{"from":[5.428571,-8.57143,6.0],"to":[10.571428,9.142858,6.0],"rotation":{"angle":0.0,"axis":"y","origin":[2.5714283,2.2857141,6.5714283]},"faces":{"south":{"uv":[1.129,0.004,2.246,3.871],"rotation":0,"texture":"#0","tintindex":0},"north":{"uv":[0.004,0.004,1.121,3.871],"rotation":0,"texture":"#0","tintindex":0},"down":{"uv":[1.121,0.004,0.004,0.004],"rotation":0,"texture":"#0","tintindex":0},"east":{"uv":[0.004,0.004,0.004,3.871],"rotation":0,"texture":"#0","tintindex":0},"west":{"uv":[0.004,0.004,0.004,3.871],"rotation":0,"texture":"#0","tintindex":0},"up":{"uv":[1.121,0.004,0.004,0.004],"rotation":0,"texture":"#0","tintindex":0}}},{"from":[5.428571,-8.0,6.285714],"to":[10.571428,8.0,9.714286],"rotation":{"angle":0.0,"axis":"y","origin":[2.5714283,1.1428566,8.571428]},"faces":{"south":{"uv":[3.379,0.004,4.496,3.496],"rotation":0,"texture":"#0","tintindex":0},"north":{"uv":[2.254,0.004,3.371,3.496],"rotation":0,"texture":"#0","tintindex":0},"down":{"uv":[3.371,7.004,2.254,7.746],"rotation":0,"texture":"#0","tintindex":0},"east":{"uv":[0.004,3.879,0.746,7.371],"rotation":0,"texture":"#0","tintindex":0},"west":{"uv":[0.754,3.879,1.496,7.371],"rotation":0,"texture":"#0","tintindex":0},"up":{"uv":[7.996,5.496,6.879,4.754],"rotation":0,"texture":"#0","tintindex":0}}},{"from":[5.2,-8.228573,6.0571427],"to":[10.8,8.228572,9.942858],"rotation":{"angle":0.0,"axis":"y","origin":[2.5714283,1.1428566,8.571428]},"faces":{"south":{"uv":[3.379,3.504,4.496,6.996],"rotation":0,"texture":"#0","tintindex":0},"north":{"uv":[2.254,3.504,3.371,6.996],"rotation":0,"texture":"#0","tintindex":0},"down":{"uv":[8.121,3.004,7.004,3.746],"rotation":0,"texture":"#0","tintindex":0},"east":{"uv":[1.504,3.879,2.246,7.371],"rotation":0,"texture":"#0","tintindex":0},"west":{"uv":[4.504,0.004,5.246,3.496],"rotation":0,"texture":"#0","tintindex":0},"up":{"uv":[8.121,2.996,7.004,2.254],"rotation":0,"texture":"#0","tintindex":0}}}],"textures":{"0":"modelengine:entity/monaska/skelet_monah"},"display":{"head":{"translation":[0.0,-6.4,0.0],"scale":[4.0,4.0,4.0]}}}