{"elements":[{"from":[7.368086,5.3142858,7.285714],"to":[8.739514,10.114286,8.657143],"rotation":{"angle":0.0,"axis":"y","origin":[6.5714283,7.714286,7.5714283]},"faces":{"south":{"uv":[9.004,8.004,9.246,8.996],"rotation":0,"texture":"#0","tintindex":0},"north":{"uv":[9.004,6.004,9.246,6.996],"rotation":0,"texture":"#0","tintindex":0},"down":{"uv":[11.371,1.129,11.129,1.371],"rotation":0,"texture":"#0","tintindex":0},"east":{"uv":[9.004,7.004,9.246,7.996],"rotation":0,"texture":"#0","tintindex":0},"west":{"uv":[8.629,9.004,8.871,9.996],"rotation":0,"texture":"#0","tintindex":0},"up":{"uv":[0.996,11.371,0.754,11.129],"rotation":0,"texture":"#0","tintindex":0}}},{"from":[7.4823713,5.428571,7.4],"to":[8.625229,10.0,8.542857],"rotation":{"angle":0.0,"axis":"y","origin":[6.5714283,7.714286,7.5714283]},"faces":{"south":{"uv":[9.004,1.004,9.246,1.996],"rotation":0,"texture":"#0","tintindex":0},"north":{"uv":[7.629,8.379,7.871,9.371],"rotation":0,"texture":"#0","tintindex":0},"down":{"uv":[5.996,10.879,5.754,11.121],"rotation":0,"texture":"#0","tintindex":0},"east":{"uv":[6.504,8.879,6.746,9.871],"rotation":0,"texture":"#0","tintindex":0},"west":{"uv":[1.879,9.004,2.121,9.996],"rotation":0,"texture":"#0","tintindex":0},"up":{"uv":[5.746,11.121,5.504,10.879],"rotation":0,"texture":"#0","tintindex":0}}}],"textures":{"0":"modelengine:entity/monaska/skelet_monah"},"display":{"head":{"translation":[0.0,-6.4,0.0],"scale":[4.0,4.0,4.0]}}}