{"elements":[{"from":[4.3136053,6.502926,7.1142855],"to":[6.59932,8.78864,8.828571],"rotation":{"angle":45.0,"axis":"z","origin":[6.428571,11.0,7.5714283]},"faces":{"south":{"uv":[2.629,9.004,3.121,9.496],"rotation":0,"texture":"#0","tintindex":0},"north":{"uv":[2.129,9.004,2.621,9.496],"rotation":0,"texture":"#0","tintindex":0},"down":{"uv":[10.121,1.504,9.629,1.871],"rotation":0,"texture":"#0","tintindex":0},"east":{"uv":[0.754,9.629,1.121,10.121],"rotation":0,"texture":"#0","tintindex":0},"west":{"uv":[9.629,1.004,9.996,1.496],"rotation":0,"texture":"#0","tintindex":0},"up":{"uv":[1.621,9.996,1.129,9.629],"rotation":0,"texture":"#0","tintindex":0}}},{"from":[-0.8186569,3.5790339,7.4],"to":[1.4670572,4.7218914,8.542857],"rotation":{"angle":22.5,"axis":"z","origin":[6.428571,11.0,7.5714283]},"faces":{"south":{"uv":[10.504,2.629,10.996,2.871],"rotation":0,"texture":"#0","tintindex":0},"north":{"uv":[10.254,5.254,10.746,5.496],"rotation":0,"texture":"#0","tintindex":0},"down":{"uv":[1.996,10.629,1.504,10.871],"rotation":0,"texture":"#0","tintindex":0},"east":{"uv":[6.504,10.879,6.746,11.121],"rotation":0,"texture":"#0","tintindex":0},"west":{"uv":[10.879,6.504,11.121,6.746],"rotation":0,"texture":"#0","tintindex":0},"up":{"uv":[11.121,1.371,10.629,1.129],"rotation":0,"texture":"#0","tintindex":0}}},{"from":[-1.2237206,5.8140397,7.1714287],"to":[0.37627935,7.41404,8.771429],"rotation":{"angle":45.0,"axis":"z","origin":[6.428571,11.0,7.5714283]},"faces":{"south":{"uv":[7.004,10.879,7.246,11.121],"rotation":0,"texture":"#0","tintindex":0},"north":{"uv":[6.754,10.879,6.996,11.121],"rotation":0,"texture":"#0","tintindex":0},"down":{"uv":[11.121,8.004,10.879,8.246],"rotation":0,"texture":"#0","tintindex":0},"east":{"uv":[10.879,6.754,11.121,6.996],"rotation":0,"texture":"#0","tintindex":0},"west":{"uv":[10.879,7.004,11.121,7.246],"rotation":0,"texture":"#0","tintindex":0},"up":{"uv":[7.496,11.121,7.254,10.879],"rotation":0,"texture":"#0","tintindex":0}}},{"from":[4.7158,4.717914,7.742857],"to":[7.5729427,5.860771,8.314285],"rotation":{"angle":22.5,"axis":"z","origin":[6.428571,11.0,7.5714283]},"faces":{"south":{"uv":[7.504,2.004,8.121,2.246],"rotation":0,"texture":"#0","tintindex":0},"north":{"uv":[6.379,2.254,6.996,2.496],"rotation":0,"texture":"#0","tintindex":0},"down":{"uv":[11.371,5.379,10.754,5.496],"rotation":0,"texture":"#0","tintindex":0},"east":{"uv":[5.629,5.754,5.746,5.996],"rotation":0,"texture":"#0","tintindex":0},"west":{"uv":[10.004,8.004,10.121,8.246],"rotation":0,"texture":"#0","tintindex":0},"up":{"uv":[10.371,2.996,9.754,2.879],"rotation":0,"texture":"#0","tintindex":0}}},{"from":[-1.8488121,3.8511143,7.6857142],"to":[-0.13452625,4.4225426,8.257143],"rotation":{"angle":22.5,"axis":"z","origin":[6.428571,11.0,7.5714283]},"faces":{"south":{"uv":[11.129,8.629,11.496,8.746],"rotation":0,"texture":"#0","tintindex":0},"north":{"uv":[8.629,11.129,8.996,11.246],"rotation":0,"texture":"#0","tintindex":0},"down":{"uv":[11.496,8.879,11.129,8.996],"rotation":0,"texture":"#0","tintindex":0},"east":{"uv":[10.379,3.629,10.496,3.746],"rotation":0,"texture":"#0","tintindex":0},"west":{"uv":[2.879,10.504,2.996,10.621],"rotation":0,"texture":"#0","tintindex":0},"up":{"uv":[11.496,8.871,11.129,8.754],"rotation":0,"texture":"#0","tintindex":0}}},{"from":[1.3395138,1.1428566,7.4],"to":[1.9109426,2.2857141,8.542857],"rotation":{"angle":0.0,"axis":"y","origin":[6.428571,11.0,7.5714283]},"faces":{"south":{"uv":[7.254,10.254,7.371,10.496],"rotation":0,"texture":"#0","tintindex":0},"north":{"uv":[10.129,4.504,10.246,4.746],"rotation":0,"texture":"#0","tintindex":0},"down":{"uv":[9.746,10.629,9.629,10.871],"rotation":0,"texture":"#0","tintindex":0},"east":{"uv":[10.879,8.254,11.121,8.496],"rotation":0,"texture":"#0","tintindex":0},"west":{"uv":[10.879,8.504,11.121,8.746],"rotation":0,"texture":"#0","tintindex":0},"up":{"uv":[5.996,10.871,5.879,10.629],"rotation":0,"texture":"#0","tintindex":0}}},{"from":[4.202034,-0.19373703,7.4],"to":[4.773463,0.94911957,8.542857],"rotation":{"angle":-22.5,"axis":"z","origin":[6.428571,11.0,7.5714283]},"faces":{"south":{"uv":[4.129,11.254,4.246,11.496],"rotation":0,"texture":"#0","tintindex":0},"north":{"uv":[3.379,11.254,3.496,11.496],"rotation":0,"texture":"#0","tintindex":0},"down":{"uv":[5.996,11.254,5.879,11.496],"rotation":0,"texture":"#0","tintindex":0},"east":{"uv":[10.879,8.754,11.121,8.996],"rotation":0,"texture":"#0","tintindex":0},"west":{"uv":[10.879,9.004,11.121,9.246],"rotation":0,"texture":"#0","tintindex":0},"up":{"uv":[4.996,11.496,4.879,11.254],"rotation":0,"texture":"#0","tintindex":0}}},{"from":[3.3448915,0.09197712,7.6857142],"to":[5.6306057,0.6634054,8.257143],"rotation":{"angle":-22.5,"axis":"z","origin":[6.428571,11.0,7.5714283]},"faces":{"south":{"uv":[9.129,10.879,9.621,10.996],"rotation":0,"texture":"#0","tintindex":0},"north":{"uv":[5.129,7.004,5.621,7.121],"rotation":0,"texture":"#0","tintindex":0},"down":{"uv":[11.371,9.379,10.879,9.496],"rotation":0,"texture":"#0","tintindex":0},"east":{"uv":[10.504,4.379,10.621,4.496],"rotation":0,"texture":"#0","tintindex":0},"west":{"uv":[10.629,1.379,10.746,1.496],"rotation":0,"texture":"#0","tintindex":0},"up":{"uv":[11.371,9.371,10.879,9.254],"rotation":0,"texture":"#0","tintindex":0}}},{"from":[3.3448915,-2.193738,7.6857142],"to":[3.9163198,0.09197712,8.257143],"rotation":{"angle":-22.5,"axis":"z","origin":[6.428571,11.0,7.5714283]},"faces":{"south":{"uv":[5.879,9.629,5.996,10.121],"rotation":0,"texture":"#0","tintindex":0},"north":{"uv":[5.629,2.504,5.746,2.996],"rotation":0,"texture":"#0","tintindex":0},"down":{"uv":[10.871,1.379,10.754,1.496],"rotation":0,"texture":"#0","tintindex":0},"east":{"uv":[5.629,3.004,5.746,3.496],"rotation":0,"texture":"#0","tintindex":0},"west":{"uv":[5.879,10.129,5.996,10.621],"rotation":0,"texture":"#0","tintindex":0},"up":{"uv":[10.746,5.246,10.629,5.129],"rotation":0,"texture":"#0","tintindex":0}}},{"from":[3.9163198,-2.193738,7.6857142],"to":[6.202034,-1.6223097,8.257143],"rotation":{"angle":-22.5,"axis":"z","origin":[6.428571,11.0,7.5714283]},"faces":{"south":{"uv":[10.129,10.879,10.621,10.996],"rotation":0,"texture":"#0","tintindex":0},"north":{"uv":[9.629,10.879,10.121,10.996],"rotation":0,"texture":"#0","tintindex":0},"down":{"uv":[11.371,10.629,10.879,10.746],"rotation":0,"texture":"#0","tintindex":0},"east":{"uv":[9.004,11.129,9.121,11.246],"rotation":0,"texture":"#0","tintindex":0},"west":{"uv":[4.504,11.379,4.621,11.496],"rotation":0,"texture":"#0","tintindex":0},"up":{"uv":[11.121,10.996,10.629,10.879],"rotation":0,"texture":"#0","tintindex":0}}},{"from":[5.6306057,-1.6223097,7.6857142],"to":[6.202034,-1.0508804,8.257143],"rotation":{"angle":-22.5,"axis":"z","origin":[6.428571,11.0,7.5714283]},"faces":{"south":{"uv":[11.379,4.754,11.496,4.871],"rotation":0,"texture":"#0","tintindex":0},"north":{"uv":[4.629,11.379,4.746,11.496],"rotation":0,"texture":"#0","tintindex":0},"down":{"uv":[11.496,5.004,11.379,5.121],"rotation":0,"texture":"#0","tintindex":0},"east":{"uv":[4.754,11.379,4.871,11.496],"rotation":0,"texture":"#0","tintindex":0},"west":{"uv":[11.379,4.879,11.496,4.996],"rotation":0,"texture":"#0","tintindex":0},"up":{"uv":[5.121,11.496,5.004,11.379],"rotation":0,"texture":"#0","tintindex":0}}},{"from":[4.487748,-1.0508804,7.6857142],"to":[6.202034,-0.47945213,8.257143],"rotation":{"angle":-22.5,"axis":"z","origin":[6.428571,11.0,7.5714283]},"faces":{"south":{"uv":[11.129,9.129,11.496,9.246],"rotation":0,"texture":"#0","tintindex":0},"north":{"uv":[11.129,9.004,11.496,9.121],"rotation":0,"texture":"#0","tintindex":0},"down":{"uv":[11.496,9.629,11.129,9.746],"rotation":0,"texture":"#0","tintindex":0},"east":{"uv":[5.129,11.379,5.246,11.496],"rotation":0,"texture":"#0","tintindex":0},"west":{"uv":[11.379,5.129,11.496,5.246],"rotation":0,"texture":"#0","tintindex":0},"up":{"uv":[11.496,9.621,11.129,9.504],"rotation":0,"texture":"#0","tintindex":0}}},{"from":[1.6334224,5.8140397,7.1714287],