{"elements":[{"from":[-1.8488121,11.577457,7.6857142],"to":[-0.13452625,12.148886,8.257143],"rotation":{"angle":-22.5,"axis":"z","origin":[6.428571,5.0,7.5714283]},"faces":{"south":{"uv":[11.129,10.129,11.496,10.246],"rotation":0,"texture":"#0","tintindex":0},"north":{"uv":[11.129,10.004,11.496,10.121],"rotation":0,"texture":"#0","tintindex":0},"down":{"uv":[11.496,10.379,11.129,10.496],"rotation":0,"texture":"#0","tintindex":0},"east":{"uv":[5.254,11.379,5.371,11.496],"rotation":0,"texture":"#0","tintindex":0},"west":{"uv":[5.379,11.379,5.496,11.496],"rotation":0,"texture":"#0","tintindex":0},"up":{"uv":[11.496,10.371,11.129,10.254],"rotation":0,"texture":"#0","tintindex":0}}},{"from":[1.3395138,13.714286,7.4],"to":[1.9109426,14.857143,8.542857],"rotation":{"angle":0.0,"axis":"y","origin":[6.428571,5.0,7.5714283]},"faces":{"south":{"uv":[10.004,11.254,10.121,11.496],"rotation":0,"texture":"#0","tintindex":0},"north":{"uv":[9.879,11.254,9.996,11.496],"rotation":0,"texture":"#0","tintindex":0},"down":{"uv":[10.371,11.254,10.254,11.496],"rotation":0,"texture":"#0","tintindex":0},"east":{"uv":[11.004,0.879,11.246,1.121],"rotation":0,"texture":"#0","tintindex":0},"west":{"uv":[1.129,11.004,1.371,11.246],"rotation":0,"texture":"#0","tintindex":0},"up":{"uv":[10.246,11.496,10.129,11.254],"rotation":0,"texture":"#0","tintindex":0}}},{"from":[4.487748,16.479452,7.6857142],"to":[6.202034,17.05088,8.257143],"rotation":{"angle":22.5,"axis":"z","origin":[6.428571,5.0,7.5714283]},"faces":{"south":{"uv":[11.129,11.004,11.496,11.121],"rotation":0,"texture":"#0","tintindex":0},"north":{"uv":[11.129,10.879,11.496,10.996],"rotation":0,"texture":"#0","tintindex":0},"down":{"uv":[11.621,0.004,11.254,0.121],"rotation":0,"texture":"#0","tintindex":0},"east":{"uv":[11.379,5.379,11.496,5.496],"rotation":0,"texture":"#0","tintindex":0},"west":{"uv":[5.504,11.379,5.621,11.496],"rotation":0,"texture":"#0","tintindex":0},"up":{"uv":[11.496,11.246,11.129,11.129],"rotation":0,"texture":"#0","tintindex":0}}},{"from":[5.6306057,17.05088,7.6857142],"to":[6.202034,17.62231,8.257143],"rotation":{"angle":22.5,"axis":"z","origin":[6.428571,5.0,7.5714283]},"faces":{"south":{"uv":[6.379,11.379,6.496,11.496],"rotation":0,"texture":"#0","tintindex":0},"north":{"uv":[5.629,11.379,5.746,11.496],"rotation":0,"texture":"#0","tintindex":0},"down":{"uv":[11.496,6.629,11.379,6.746],"rotation":0,"texture":"#0","tintindex":0},"east":{"uv":[5.754,11.379,5.871,11.496],"rotation":0,"texture":"#0","tintindex":0},"west":{"uv":[6.504,11.379,6.621,11.496],"rotation":0,"texture":"#0","tintindex":0},"up":{"uv":[6.746,11.496,6.629,11.379],"rotation":0,"texture":"#0","tintindex":0}}},{"from":[3.9163198,17.62231,7.6857142],"to":[6.202034,18.193737,8.257143],"rotation":{"angle":22.5,"axis":"z","origin":[6.428571,5.0,7.5714283]},"faces":{"south":{"uv":[1.754,11.004,2.246,11.121],"rotation":0,"texture":"#0","tintindex":0},"north":{"uv":[10.879,10.754,11.371,10.871],"rotation":0,"texture":"#0","tintindex":0},"down":{"uv":[11.496,2.754,11.004,2.871],"rotation":0,"texture":"#0","tintindex":0},"east":{"uv":[11.379,6.754,11.496,6.871],"rotation":0,"texture":"#0","tintindex":0},"west":{"uv":[6.879,11.379,6.996,11.496],"rotation":0,"texture":"#0","tintindex":0},"up":{"uv":[11.496,2.746,11.004,2.629],"rotation":0,"texture":"#0","tintindex":0}}},{"from":[3.3448915,15.908023,7.6857142],"to":[3.9163198,18.193737,8.257143],"rotation":{"angle":22.5,"axis":"z","origin":[6.428571,5.0,7.5714283]},"faces":{"south":{"uv":[2.254,11.004,2.371,11.496],"rotation":0,"texture":"#0","tintindex":0},"north":{"uv":[7.504,10.879,7.621,11.371],"rotation":0,"texture":"#0","tintindex":0},"down":{"uv":[7.121,11.379,7.004,11.496],"rotation":0,"texture":"#0","tintindex":0},"east":{"uv":[1.379,11.004,1.496,11.496],"rotation":0,"texture":"#0","tintindex":0},"west":{"uv":[3.129,11.004,3.246,11.496],"rotation":0,"texture":"#0","tintindex":0},"up":{"uv":[11.496,6.996,11.379,6.879],"rotation":0,"texture":"#0","tintindex":0}}},{"from":[3.3448915,15.336595,7.6857142],"to":[5.6306057,15.908023,8.257143],"rotation":{"angle":22.5,"axis":"z","origin":[6.428571,5.0,7.5714283]},"faces":{"south":{"uv":[7.629,11.004,8.121,11.121],"rotation":0,"texture":"#0","tintindex":0},"north":{"uv":[4.504,11.004,4.996,11.121],"rotation":0,"texture":"#0","tintindex":0},"down":{"uv":[9.121,11.004,8.629,11.121],"rotation":0,"texture":"#0","tintindex":0},"east":{"uv":[11.379,7.004,11.496,7.121],"rotation":0,"texture":"#0","tintindex":0},"west":{"uv":[7.129,11.379,7.246,11.496],"rotation":0,"texture":"#0","tintindex":0},"up":{"uv":[8.621,11.121,8.129,11.004],"rotation":0,"texture":"#0","tintindex":0}}},{"from":[-0.8186569,11.278109,7.4],"to":[1.4670572,12.420966,8.542857],"rotation":{"angle":-22.5,"axis":"z","origin":[6.428571,5.0,7.5714283]},"faces":{"south":{"uv":[2.504,10.629,2.996,10.871],"rotation":0,"texture":"#0","tintindex":0},"north":{"uv":[2.004,10.629,2.496,10.871],"rotation":0,"texture":"#0","tintindex":0},"down":{"uv":[4.496,10.629,4.004,10.871],"rotation":0,"texture":"#0","tintindex":0},"east":{"uv":[3.254,11.004,3.496,11.246],"rotation":0,"texture":"#0","tintindex":0},"west":{"uv":[9.129,11.004,9.371,11.246],"rotation":0,"texture":"#0","tintindex":0},"up":{"uv":[3.996,10.871,3.504,10.629],"rotation":0,"texture":"#0","tintindex":0}}},{"from":[-1.2237206,8.58596,7.1714287],"to":[0.37627935,10.185961,8.771429],"rotation":{"angle":-45.0,"axis":"z","origin":[6.428571,5.0,7.5714283]},"faces":{"south":{"uv":[9.879,11.004,10.121,11.246],"rotation":0,"texture":"#0","tintindex":0},"north":{"uv":[9.379,11.004,9.621,11.246],"rotation":0,"texture":"#0","tintindex":0},"down":{"uv":[10.871,11.004,10.629,11.246],"rotation":0,"texture":"#0","tintindex":0},"east":{"uv":[9.629,11.004,9.871,11.246],"rotation":0,"texture":"#0","tintindex":0},"west":{"uv":[10.129,11.004,10.371,11.246],"rotation":0,"texture":"#0","tintindex":0},"up":{"uv":[10.621,11.246,10.379,11.004],"rotation":0,"texture":"#0","tintindex":0}}},{"from":[0.14770794,8.814531,7.6857142],"to":[1.8619938,9.957389,8.257143],"rotation":{"angle":-45.0,"axis":"z","origin":[6.428571,5.0,7.5714283]},"faces":{"south":{"uv":[10.754,10.254,11.121,10.496],"rotation":0,"texture":"#0","tintindex":0},"north":{"uv":[10.754,10.004,11.121,10.246],"rotation":0,"texture":"#0","tintindex":0},"down":{"uv":[11.621,0.379,11.254,0.496],"rotation":0,"texture":"#0","tintindex":0},"east":{"uv":[10.379,11.254,10.496,11.496],"rotation":0,"texture":"#0","tintindex":0},"west":{"uv":[10.504,11.254,10.621,11.496],"rotation":0,"texture":"#0","tintindex":0},"up":{"uv":[11.621,0.246,11.254,0.129],"rotation":0,"texture":"#0","tintindex":0}}},{"from":[4.7158,10.139229,7.742857],"to":[7.5729427,11.282085,8.314285],"rotation":{"angle":-22.5,"axis":"z","origin":[6.428571,5.0,7.5714283]},"faces":{"south":{"uv":[10.004,1.254,10.621,1.496],"rotation":0,"texture":"#0","tintindex":0},"north":{"uv":[10.004,1.004,10.621,1.246],"rotation":0,"texture":"#0","tintindex":0},"down":{"uv":[11.496,0.254,10.879,0.371],"rotation":0,"texture":"#0","tintindex":0},"east":{"uv":[10.629,11.254,10.746,11.496],"rotation":0,"texture":"#0","tintindex":0},"west":{"uv":[10.754,11.254,10.871,11.496],"rotation":0,"texture":"#0","tintindex":0},"up":{"uv":[11.371,10.621,10.754,10.504],"rotation":0,"texture":"#0","tintindex":0}}},{"from":[1.6334224,8.58596,7.1714287],"to":[5.5191374,10.185961,8.771429],"rotation":{"angle":-45.0,"axis":"z","origin":[6.428571,5.0,7.5714283]},"faces":{"south":{"uv":[9.629,3.004,10.371,3.246],"rotation":0,"texture":"#0","tintindex":0},"north":{"uv":[9.504,5.254,10.246,5.496],"rotation":0,"texture":"#0","tintindex":0},"down":{"uv":[10.371,3.504,9.629,3.746],"rotation":0,"texture":"#0","tintindex":0},"east":{"uv":[10.879,11.004,11.121,11.246],"rotation":0,"texture":"#0","tintindex":0},"west":{"uv":[0.004,11.129,0.246,11.371],"rotation":0,"texture":"#0","tintindex":0},"up":{"uv":[10.371,3.496,9.629,3.254],"rotation":0,"texture":"#0",