{"elements":[{"from":[5.428571,8.0,5.142857],"to":[10.571428,13.142858,10.857143],"rotation":{"angle":0.0,"axis":"y","origin":[2.5714283,1.1428566,8.571428]},"faces":{"south":{"uv":[6.379,0.004,7.496,1.121],"rotation":0,"texture":"#0","tintindex":0},"north":{"uv":[5.629,6.004,6.746,7.121],"rotation":0,"texture":"#0","tintindex":0},"down":{"uv":[6.371,1.254,5.254,2.496],"rotation":0,"texture":"#0","tintindex":0},"east":{"uv":[4.504,3.504,5.746,4.621],"rotation":0,"texture":"#0","tintindex":0},"west":{"uv":[4.504,4.629,5.746,5.746],"rotation":0,"texture":"#0","tintindex":0},"up":{"uv":[6.371,1.246,5.254,0.004],"rotation":0,"texture":"#0","tintindex":0}}},{"from":[5.428571,13.142858,8.0],"to":[10.571428,13.142858,8.0],"rotation":{"angle":0.0,"axis":"y","origin":[2.5714283,1.1428566,8.571428]},"faces":{"south":{"uv":[0.004,0.004,1.121,0.004],"rotation":0,"texture":"#0","tintindex":0},"north":{"uv":[0.004,0.004,1.121,0.004],"rotation":0,"texture":"#0","tintindex":0},"down":{"uv":[1.121,0.004,0.004,0.004],"rotation":0,"texture":"#0","tintindex":0},"up":{"uv":[1.121,0.004,0.004,0.004],"rotation":0,"texture":"#0","tintindex":0}}},{"from":[5.2,7.7714286,4.9142857],"to":[10.8,13.3714285,11.085714],"rotation":{"angle":0.0,"axis":"y","origin":[2.5714283,1.1428566,8.571428]},"faces":{"south":{"uv":[6.754,6.004,7.871,7.121],"rotation":0,"texture":"#0","tintindex":0},"north":{"uv":[6.379,1.129,7.496,2.246],"rotation":0,"texture":"#0","tintindex":0},"down":{"uv":[6.871,4.754,5.754,5.996],"rotation":0,"texture":"#0","tintindex":0},"east":{"uv":[5.754,2.504,6.996,3.621],"rotation":0,"texture":"#0","tintindex":0},"west":{"uv":[5.754,3.629,6.996,4.746],"rotation":0,"texture":"#0","tintindex":0},"up":{"uv":[5.621,6.996,4.504,5.754],"rotation":0,"texture":"#0","tintindex":0}}},{"from":[5.2,12.914286,7.7714286],"to":[10.8,13.3714285,8.228572],"rotation":{"angle":0.0,"axis":"y","origin":[2.5714283,1.1428566,8.571428]},"faces":{"south":{"uv":[0.004,0.004,1.121,0.004],"rotation":0,"texture":"#0","tintindex":0},"north":{"uv":[0.004,0.004,1.121,0.004],"rotation":0,"texture":"#0","tintindex":0},"down":{"uv":[1.121,0.004,0.004,0.004],"rotation":0,"texture":"#0","tintindex":0},"up":{"uv":[1.121,0.004,0.004,0.004],"rotation":0,"texture":"#0","tintindex":0}}}],"textures":{"0":"modelengine:entity/monaska/skelet_monah"},"display":{"head":{"translation":[0.0,-6.4,0.0],"scale":[4.0,4.0,4.0]}}}