{"elements":[{"from":[8.0,-3.4285717,7.142857],"to":[9.142858,-0.57142925,8.285714],"rotation":{"angle":0.0,"axis":"y","origin":[-1.7142859,-1.7142859,7.142857]},"faces":{"south":{"uv":[10.004,0.379,10.246,0.996],"rotation":0,"texture":"#0","tintindex":0},"north":{"uv":[6.504,9.879,6.746,10.496],"rotation":0,"texture":"#0","tintindex":0},"down":{"uv":[2.621,10.879,2.379,11.121],"rotation":0,"texture":"#0","tintindex":0},"east":{"uv":[7.379,9.879,7.621,10.496],"rotation":0,"texture":"#0","tintindex":0},"west":{"uv":[1.129,10.004,1.371,10.621],"rotation":0,"texture":"#0","tintindex":0},"up":{"uv":[11.121,2.371,10.879,2.129],"rotation":0,"texture":"#0","tintindex":0}}},{"from":[7.714286,-5.1428576,6.857143],"to":[9.428572,-3.4285717,8.571428],"rotation":{"angle":0.0,"axis":"y","origin":[-1.4285717,-3.4285717,7.428571]},"faces":{"south":{"uv":[10.129,8.004,10.496,8.371],"rotation":0,"texture":"#0","tintindex":0},"north":{"uv":[10.129,6.504,10.496,6.871],"rotation":0,"texture":"#0","tintindex":0},"down":{"uv":[10.621,0.379,10.254,0.746],"rotation":0,"texture":"#0","tintindex":0},"east":{"uv":[10.129,6.879,10.496,7.246],"rotation":0,"texture":"#0","tintindex":0},"west":{"uv":[10.129,8.379,10.496,8.746],"rotation":0,"texture":"#0","tintindex":0},"up":{"uv":[10.371,10.496,10.004,10.129],"rotation":0,"texture":"#0","tintindex":0}}},{"from":[7.428571,-0.57142925,6.857143],"to":[9.714286,5.142857,9.142858],"rotation":{"angle":0.0,"axis":"y","origin":[-12.0,3.4285712,8.571428]},"faces":{"south":{"uv":[7.504,0.004,7.996,1.246],"rotation":0,"texture":"#0","tintindex":0},"north":{"uv":[1.504,7.379,1.996,8.621],"rotation":0,"texture":"#0","tintindex":0},"down":{"uv":[9.121,3.004,8.629,3.496],"rotation":0,"texture":"#0","tintindex":0},"east":{"uv":[7.379,7.129,7.871,8.371],"rotation":0,"texture":"#0","tintindex":0},"west":{"uv":[2.004,7.754,2.496,8.996],"rotation":0,"texture":"#0","tintindex":0},"up":{"uv":[8.996,5.246,8.504,4.754],"rotation":0,"texture":"#0","tintindex":0}}},{"from":[7.428571,5.142857,7.142857],"to":[9.142858,9.714286,8.857143],"rotation":{"angle":0.0,"axis":"y","origin":[-12.0,2.8571424,8.285714]},"faces":{"south":{"uv":[8.254,8.254,8.621,9.246],"rotation":0,"texture":"#0","tintindex":0},"north":{"uv":[8.254,1.004,8.621,1.996],"rotation":0,"texture":"#0","tintindex":0},"down":{"uv":[10.621,4.879,10.254,5.246],"rotation":0,"texture":"#0","tintindex":0},"east":{"uv":[7.879,8.254,8.246,9.246],"rotation":0,"texture":"#0","tintindex":0},"west":{"uv":[8.379,0.004,8.746,0.996],"rotation":0,"texture":"#0","tintindex":0},"up":{"uv":[10.621,4.871,10.254,4.504],"rotation":0,"texture":"#0","tintindex":0}}},{"from":[7.7714286,-3.6571436,6.9142857],"to":[9.3714285,-0.34285736,8.514286],"rotation":{"angle":0.0,"axis":"y","origin":[-1.7142859,-1.7142859,7.142857]},"faces":{"south":{"uv":[3.754,10.004,3.996,10.621],"rotation":0,"texture":"#0","tintindex":0},"north":{"uv":[2.629,10.004,2.871,10.621],"rotation":0,"texture":"#0","tintindex":0},"down":{"uv":[4.246,10.879,4.004,11.121],"rotation":0,"texture":"#0","tintindex":0},"east":{"uv":[3.504,10.004,3.746,10.621],"rotation":0,"texture":"#0","tintindex":0},"west":{"uv":[4.004,10.004,4.246,10.621],"rotation":0,"texture":"#0","tintindex":0},"up":{"uv":[11.121,4.121,10.879,3.879],"rotation":0,"texture":"#0","tintindex":0}}},{"from":[7.4857144,-5.3714285,6.6285715],"to":[9.657143,-3.2000008,8.8],"rotation":{"angle":0.0,"axis":"y","origin":[9.428572,-3.4285717,7.428571]},"faces":{"south":{"uv":[10.504,1.879,10.871,2.246],"rotation":0,"texture":"#0","tintindex":0},"north":{"uv":[0.754,10.504,1.121,10.871],"rotation":0,"texture":"#0","tintindex":0},"down":{"uv":[10.871,4.004,10.504,4.371],"rotation":0,"texture":"#0","tintindex":0},"east":{"uv":[10.504,1.504,10.871,1.871],"rotation":0,"texture":"#0","tintindex":0},"west":{"uv":[10.504,2.254,10.871,2.621],"rotation":0,"texture":"#0","tintindex":0},"up":{"uv":[10.871,3.996,10.504,3.629],"rotation":0,"texture":"#0","tintindex":0}}},{"from":[7.2,-0.8000002,6.6285715],"to":[9.942858,5.3714285,9.3714285],"rotation":{"angle":0.0,"axis":"y","origin":[-1.1428576,3.4285712,8.571428]},"faces":{"south":{"uv":[5.504,7.879,5.996,9.121],"rotation":0,"texture":"#0","tintindex":0},"north":{"uv":[4.504,7.754,4.996,8.996],"rotation":0,"texture":"#0","tintindex":0},"down":{"uv":[9.371,2.504,8.879,2.996],"rotation":0,"texture":"#0","tintindex":0},"east":{"uv":[5.004,7.879,5.496,9.121],"rotation":0,"texture":"#0","tintindex":0},"west":{"uv":[6.004,7.879,6.496,9.121],"rotation":0,"texture":"#0","tintindex":0},"up":{"uv":[9.371,2.496,8.879,2.004],"rotation":0,"texture":"#0","tintindex":0}}},{"from":[7.428571,5.142857,7.142857],"to":[9.142858,9.714286,8.857143],"rotation":{"angle":0.0,"axis":"y","origin":[-12.0,2.8571424,8.285714]},"faces":{"south":{"uv":[8.504,2.004,8.871,2.996],"rotation":0,"texture":"#0","tintindex":0},"north":{"uv":[6.879,8.379,7.246,9.371],"rotation":0,"texture":"#0","tintindex":0},"down":{"uv":[9.746,10.254,9.379,10.621],"rotation":0,"texture":"#0","tintindex":0},"east":{"uv":[7.254,8.379,7.621,9.371],"rotation":0,"texture":"#0","tintindex":0},"west":{"uv":[0.004,8.629,0.371,9.621],"rotation":0,"texture":"#0","tintindex":0},"up":{"uv":[7.246,10.621,6.879,10.254],"rotation":0,"texture":"#0","tintindex":0}}},{"from":[7.2,4.9142857,6.9142857],"to":[9.3714285,9.942858,9.085714],"rotation":{"angle":0.0,"axis":"y","origin":[-1.1428576,2.8571424,8.285714]},"faces":{"south":{"uv":[8.629,7.004,8.996,7.996],"rotation":0,"texture":"#0","tintindex":0},"north":{"uv":[1.504,8.629,1.871,9.621],"rotation":0,"texture":"#0","tintindex":0},"down":{"uv":[8.371,10.379,8.004,10.746],"rotation":0,"texture":"#0","tintindex":0},"east":{"uv":[8.629,6.004,8.996,6.996],"rotation":0,"texture":"#0","tintindex":0},"west":{"uv":[8.629,8.004,8.996,8.996],"rotation":0,"texture":"#0","tintindex":0},"up":{"uv":[10.746,7.996,10.379,7.629],"rotation":0,"texture":"#0","tintindex":0}}}],"textures":{"0":"modelengine:entity/monaska/skelet_monah"},"display":{"head":{"translation":[0.0,-6.4,0.0],"scale":[4.0,4.0,4.0]}}}