{"elements":[{"from":[6.857143,0.5714283,6.857143],"to":[9.142858,2.8571424,9.142858],"rotation":{"angle":0.0,"axis":"y","origin":[8.0,1.1428566,8.0]},"faces":{"south":{"uv":[0.0,10.375,0.5,10.875],"rotation":0,"texture":"#0","tintindex":0},"north":{"uv":[10.25,9.625,10.75,10.125],"rotation":0,"texture":"#0","tintindex":0},"down":{"uv":[10.875,5.0,10.375,5.5],"rotation":0,"texture":"#0","tintindex":0},"east":{"uv":[10.25,10.125,10.75,10.625],"rotation":0,"texture":"#0","tintindex":0},"west":{"uv":[1.125,10.375,1.625,10.875],"rotation":0,"texture":"#0","tintindex":0},"up":{"uv":[3.125,10.875,2.625,10.375],"rotation":0,"texture":"#0","tintindex":0}}},{"from":[6.285714,2.8571424,6.285714],"to":[9.714286,4.0,9.714286],"rotation":{"angle":0.0,"axis":"y","origin":[8.0,3.4285712,8.0]},"faces":{"south":{"uv":[10.5,1.875,11.25,2.125],"rotation":0,"texture":"#0","tintindex":0},"north":{"uv":[4.875,2.0,5.625,2.25],"rotation":0,"texture":"#0","tintindex":0},"down":{"uv":[9.875,0.0,9.125,0.75],"rotation":0,"texture":"#0","tintindex":0},"east":{"uv":[10.375,8.875,11.125,9.125],"rotation":0,"texture":"#0","tintindex":0},"west":{"uv":[10.5,2.75,11.25,3.0],"rotation":0,"texture":"#0","tintindex":0},"up":{"uv":[8.0,9.75,7.25,9.0],"rotation":0,"texture":"#0","tintindex":0}}},{"from":[7.285714,3.2857141,6.142857],"to":[8.714286,4.714286,7.5714283],"rotation":{"angle":0.0,"axis":"y","origin":[9.142858,4.0,8.0]},"faces":{"south":{"uv":[8.375,0.5,8.625,0.75],"rotation":0,"texture":"#0","tintindex":0},"north":{"uv":[6.25,1.625,6.5,1.875],"rotation":0,"texture":"#0","tintindex":0},"down":{"uv":[3.25,8.625,3.0,8.875],"rotation":0,"texture":"#0","tintindex":0},"east":{"uv":[3.25,7.625,3.5,7.875],"rotation":0,"texture":"#0","tintindex":0},"west":{"uv":[8.375,0.75,8.625,1.0],"rotation":0,"texture":"#0","tintindex":0},"up":{"uv":[6.75,8.625,6.5,8.375],"rotation":0,"texture":"#0","tintindex":0}}},{"from":[9.142858,0.5714283,6.285714],"to":[9.714286,2.8571424,6.857143],"rotation":{"angle":0.0,"axis":"y","origin":[8.0,1.1428566,8.0]},"faces":{"south":{"uv":[2.0,6.625,2.125,7.125],"rotation":0,"texture":"#0","tintindex":0},"north":{"uv":[0.75,6.125,0.875,6.625],"rotation":0,"texture":"#0","tintindex":0},"down":{"uv":[3.75,5.125,3.625,5.25],"rotation":0,"texture":"#0","tintindex":0},"east":{"uv":[0.875,6.125,1.0,6.625],"rotation":0,"texture":"#0","tintindex":0},"west":{"uv":[6.75,6.875,6.875,7.375],"rotation":0,"texture":"#0","tintindex":0},"up":{"uv":[3.625,5.25,3.5,5.125],"rotation":0,"texture":"#0","tintindex":0}}},{"from":[9.142858,0.5714283,9.142858],"to":[9.714286,2.8571424,9.714286],"rotation":{"angle":0.0,"axis":"y","origin":[8.0,1.1428566,10.857143]},"faces":{"south":{"uv":[7.375,8.125,7.5,8.625],"rotation":0,"texture":"#0","tintindex":0},"north":{"uv":[1.875,8.125,2.0,8.625],"rotation":0,"texture":"#0","tintindex":0},"down":{"uv":[6.375,1.875,6.25,2.0],"rotation":0,"texture":"#0","tintindex":0},"east":{"uv":[7.25,8.125,7.375,8.625],"rotation":0,"texture":"#0","tintindex":0},"west":{"uv":[8.375,0.0,8.5,0.5],"rotation":0,"texture":"#0","tintindex":0},"up":{"uv":[5.75,2.25,5.625,2.125],"rotation":0,"texture":"#0","tintindex":0}}},{"from":[6.285714,3.8260112,7.160417],"to":[9.714286,8.39744,7.160417],"rotation":{"angle":22.5,"axis":"x","origin":[8.0,6.111726,7.160417]},"faces":{"south":{"uv":[7.625,0.0,8.375,1.0],"rotation":0,"texture":"#0","tintindex":0},"north":{"uv":[1.5,3.125,2.25,4.125],"rotation":0,"texture":"#0","tintindex":0},"down":{"uv":[0.75,0.0,0.0,0.0],"rotation":0,"texture":"#0","tintindex":0},"east":{"uv":[0.0,0.0,0.0,1.0],"rotation":0,"texture":"#0","tintindex":0},"west":{"uv":[0.0,0.0,0.0,1.0],"rotation":0,"texture":"#0","tintindex":0},"up":{"uv":[0.75,0.0,0.0,0.0],"rotation":0,"texture":"#0","tintindex":0}}},{"from":[7.285714,3.2857141,8.428572],"to":[8.714286,4.714286,9.857143],"rotation":{"angle":0.0,"axis":"y","origin":[9.142858,4.0,8.0]},"faces":{"south":{"uv":[6.5,8.875,6.75,9.125],"rotation":0,"texture":"#0","tintindex":0},"north":{"uv":[6.5,8.625,6.75,8.875],"rotation":0,"texture":"#0","tintindex":0},"down":{"uv":[4.0,9.25,3.75,9.5],"rotation":0,"texture":"#0","tintindex":0},"east":{"uv":[7.25,8.625,7.5,8.875],"rotation":0,"texture":"#0","tintindex":0},"west":{"uv":[3.75,9.0,4.0,9.25],"rotation":0,"texture":"#0","tintindex":0},"up":{"uv":[6.75,9.375,6.5,9.125],"rotation":0,"texture":"#0","tintindex":0}}},{"from":[6.285714,3.8260112,8.839582],"to":[9.714286,8.39744,8.839582],"rotation":{"angle":-22.5,"axis":"x","origin":[8.0,6.111726,8.839582]},"faces":{"south":{"uv":[3.25,8.0,4.0,9.0],"rotation":0,"texture":"#0","tintindex":0},"north":{"uv":[8.0,3.0,8.75,4.0],"rotation":0,"texture":"#0","tintindex":0},"down":{"uv":[0.75,0.0,0.0,0.0],"rotation":0,"texture":"#0","tintindex":0},"east":{"uv":[0.0,0.0,0.0,1.0],"rotation":0,"texture":"#0","tintindex":0},"west":{"uv":[0.0,0.0,0.0,1.0],"rotation":0,"texture":"#0","tintindex":0},"up":{"uv":[0.75,0.0,0.0,0.0],"rotation":0,"texture":"#0","tintindex":0}}},{"from":[6.857143,7.428571,7.428571],"to":[9.142858,8.571428,8.571428],"rotation":{"angle":0.0,"axis":"y","origin":[8.0,8.0,8.0]},"faces":{"south":{"uv":[10.75,4.375,11.25,4.625],"rotation":0,"texture":"#0","tintindex":0},"north":{"uv":[2.125,10.75,2.625,11.0],"rotation":0,"texture":"#0","tintindex":0},"down":{"uv":[5.875,10.75,5.375,11.0],"rotation":0,"texture":"#0","tintindex":0},"east":{"uv":[0.75,5.625,1.0,5.875],"rotation":0,"texture":"#0","tintindex":0},"west":{"uv":[0.75,5.875,1.0,6.125],"rotation":0,"texture":"#0","tintindex":0},"up":{"uv":[11.25,4.875,10.75,4.625],"rotation":0,"texture":"#0","tintindex":0}}},{"from":[6.285714,-0.57142925,6.285714],"to":[9.714286,0.5714283,9.714286],"rotation":{"angle":0.0,"axis":"y","origin":[8.0,0.0,8.0]},"faces":{"south":{"uv":[10.5,3.5,11.25,3.75],"rotation":0,"texture":"#0","tintindex":0},"north":{"uv":[10.5,3.0,11.25,3.25],"rotation":0,"texture":"#0","tintindex":0},"down":{"uv":[9.875,1.5,9.125,2.25],"rotation":0,"texture":"#0","tintindex":0},"east":{"uv":[10.5,3.25,11.25,3.5],"rotation":0,"texture":"#0","tintindex":0},"west":{"uv":[10.5,3.75,11.25,4.0],"rotation":0,"texture":"#0","tintindex":0},"up":{"uv":[9.875,1.5,9.125,0.75],"rotation":0,"texture":"#0","tintindex":0}}},{"from":[6.285714,0.5714283,9.142858],"to":[6.857143,2.8571424,9.714286],"rotation":{"angle":0.0,"axis":"y","origin":[5.142857,1.1428566,10.857143]},"faces":{"south":{"uv":[4.0,8.0,4.125,8.5],"rotation":0,"texture":"#0","tintindex":0},"north":{"uv":[6.75,7.375,6.875,7.875],"rotation":0,"texture":"#0","tintindex":0},"down":{"uv":[5.75,2.0,5.625,2.125],"rotation":0,"texture":"#0","tintindex":0},"east":{"uv":[6.0,7.75,6.125,8.25],"rotation":0,"texture":"#0","tintindex":0},"west":{"uv":[1.75,8.125,1.875,8.625],"rotation":0,"texture":"#0","tintindex":0},"up":{"uv":[4.75,5.625,4.625,5.5],"rotation":0,"texture":"#0","tintindex":0}}},{"from":[6.285714,0.5714283,6.285714],"to":[6.857143,2.8571424,6.857143],"rotation":{"angle":0.0,"axis":"y","origin":[5.142857,1.1428566,8.0]},"faces":{"south":{"uv":[0.625,7.25,0.75,7.75],"rotation":0,"texture":"#0","tintindex":0},"north":{"uv":[3.25,7.125,3.375,7.625],"rotation":0,"texture":"#0","tintindex":0},"down":{"uv":[4.75,5.375,4.625,5.5],"rotation":0,"texture":"#0","tintindex":0},"east":{"uv":[3.375,7.125,3.5,7.625],"rotation":0,"texture":"#0","tintindex":0},"west":{"uv":[6.0,7.25,6.125,7.75],"rotation":0,"texture":"#0","tintindex":0},"up":{"uv":[4.75,5.375,4.625,5.25],"rotation":0,"texture":"#0","tintindex":0}}}],"textures":{"0":"modelengine:entity/monaska/zombi"},"display":{"head":{"translation":[0.0,-6.4,0.0],"scale":[4.0,4.0,4.0]}}}