{"elements":[{"from":[6.5714283,5.428571,6.857143],"to":[8.857143,9.428572,9.142858],"rotation":{"angle":0.0,"axis":"y","origin":[11.142858,10.0,8.0]},"faces":{"south":{"uv":[9.25,8.25,9.75,9.125],"rotation":0,"texture":"#0","tintindex":0},"north":{"uv":[4.125,6.375,4.625,7.25],"rotation":0,"texture":"#0","tintindex":0},"down":{"uv":[10.5,4.0,10.0,4.5],"rotation":0,"texture":"#0","tintindex":0},"east":{"uv":[9.25,7.375,9.75,8.25],"rotation":0,"texture":"#0","tintindex":0},"west":{"uv":[8.625,9.25,9.125,10.125],"rotation":0,"texture":"#0","tintindex":0},"up":{"uv":[8.125,1.5,7.625,1.0],"rotation":0,"texture":"#0","tintindex":0}}},{"from":[6.857143,3.0735312,1.3102221],"to":[8.571428,4.2163887,3.5959368],"rotation":{"angle":-45.0,"axis":"x","origin":[7.714286,3.64496,2.4530797]},"faces":{"south":{"uv":[5.5,10.125,5.875,10.375],"rotation":0,"texture":"#0","tintindex":0},"north":{"uv":[3.375,2.75,3.75,3.0],"rotation":0,"texture":"#0","tintindex":0},"down":{"uv":[9.125,3.5,8.75,4.0],"rotation":0,"texture":"#0","tintindex":0},"east":{"uv":[4.875,10.625,5.375,10.875],"rotation":0,"texture":"#0","tintindex":0},"west":{"uv":[6.5,10.625,7.0,10.875],"rotation":0,"texture":"#0","tintindex":0},"up":{"uv":[3.75,2.75,3.375,2.25],"rotation":0,"texture":"#0","tintindex":0}}},{"from":[6.5714283,0.85714245,2.8571424],"to":[8.857143,5.428571,9.142858],"rotation":{"angle":0.0,"axis":"y","origin":[7.714286,4.285714,7.714286]},"faces":{"south":{"uv":[0.625,9.25,1.125,10.25],"rotation":0,"texture":"#0","tintindex":0},"north":{"uv":[1.0,4.25,1.5,5.25],"rotation":0,"texture":"#0","tintindex":0},"down":{"uv":[6.5,8.375,6.0,9.75],"rotation":0,"texture":"#0","tintindex":0},"east":{"uv":[4.75,3.625,6.125,4.625],"rotation":0,"texture":"#0","tintindex":0},"west":{"uv":[4.75,4.625,6.125,5.625],"rotation":0,"texture":"#0","tintindex":0},"up":{"uv":[7.25,9.5,6.75,8.125],"rotation":0,"texture":"#0","tintindex":0}}},{"from":[6.342857,5.2,6.6285715],"to":[9.085714,9.657143,9.3714285],"rotation":{"angle":0.0,"axis":"y","origin":[11.142858,10.0,8.0]},"faces":{"south":{"uv":[8.625,5.25,9.25,6.25],"rotation":0,"texture":"#0","tintindex":0},"north":{"uv":[1.75,8.625,2.375,9.625],"rotation":0,"texture":"#0","tintindex":0},"down":{"uv":[8.625,9.625,8.0,10.25],"rotation":0,"texture":"#0","tintindex":0},"east":{"uv":[2.375,8.625,3.0,9.625],"rotation":0,"texture":"#0","tintindex":0},"west":{"uv":[8.625,6.25,9.25,7.25],"rotation":0,"texture":"#0","tintindex":0},"up":{"uv":[2.875,10.25,2.25,9.625],"rotation":0,"texture":"#0","tintindex":0}}},{"from":[6.6285715,2.8449597,1.0816512],"to":[8.8,4.4449596,3.8245087],"rotation":{"angle":-45.0,"axis":"x","origin":[7.714286,3.64496,2.4530797]},"faces":{"south":{"uv":[10.5,0.75,11.0,1.125],"rotation":0,"texture":"#0","tintindex":0},"north":{"uv":[10.5,0.375,11.0,0.75],"rotation":0,"texture":"#0","tintindex":0},"down":{"uv":[5.5,9.5,5.0,10.125],"rotation":0,"texture":"#0","tintindex":0},"east":{"uv":[9.5,4.5,10.125,4.875],"rotation":0,"texture":"#0","tintindex":0},"west":{"uv":[5.5,10.375,6.125,10.75],"rotation":0,"texture":"#0","tintindex":0},"up":{"uv":[8.625,3.0,8.125,2.375],"rotation":0,"texture":"#0","tintindex":0}}},{"from":[6.342857,0.6285715,2.6285715],"to":[9.085714,5.6571426,9.3714285],"rotation":{"angle":0.0,"axis":"y","origin":[7.714286,4.285714,7.714286]},"faces":{"south":{"uv":[8.0,6.375,8.625,7.5],"rotation":0,"texture":"#0","tintindex":0},"north":{"uv":[8.0,5.25,8.625,6.375],"rotation":0,"texture":"#0","tintindex":0},"down":{"uv":[5.375,7.25,4.75,8.75],"rotation":0,"texture":"#0","tintindex":0},"east":{"uv":[2.25,3.0,3.75,4.125],"rotation":0,"texture":"#0","tintindex":0},"west":{"uv":[0.0,3.125,1.5,4.25],"rotation":0,"texture":"#0","tintindex":0},"up":{"uv":[4.75,8.75,4.125,7.25],"rotation":0,"texture":"#0","tintindex":0}}}],"textures":{"0":"modelengine:entity/monaska/zombi"},"display":{"head":{"translation":[0.0,-6.4,0.0],"scale":[4.0,4.0,4.0]}}}