{"elements":[{"from":[6.857143,5.714286,6.857143],"to":[9.142858,8.0,9.142858],"rotation":{"angle":0.0,"axis":"y","origin":[9.142858,22.285715,8.0]},"faces":{"south":{"uv":[4.0,10.125,4.5,10.625],"rotation":0,"texture":"#0","tintindex":0},"north":{"uv":[10.125,2.25,10.625,2.75],"rotation":0,"texture":"#0","tintindex":0},"down":{"uv":[7.0,10.125,6.5,10.625],"rotation":0,"texture":"#0","tintindex":0},"east":{"uv":[3.5,10.125,4.0,10.625],"rotation":0,"texture":"#0","tintindex":0},"west":{"uv":[4.5,10.125,5.0,10.625],"rotation":0,"texture":"#0","tintindex":0},"up":{"uv":[5.5,10.625,5.0,10.125],"rotation":0,"texture":"#0","tintindex":0}}},{"from":[6.857143,5.714286,5.714286],"to":[9.142858,6.857143,6.857143],"rotation":{"angle":0.0,"axis":"y","origin":[9.142858,22.285715,8.0]},"faces":{"south":{"uv":[10.625,2.5,11.125,2.75],"rotation":0,"texture":"#0","tintindex":0},"north":{"uv":[1.0,5.25,1.5,5.5],"rotation":0,"texture":"#0","tintindex":0},"down":{"uv":[4.875,10.625,4.375,10.875],"rotation":0,"texture":"#0","tintindex":0},"east":{"uv":[3.5,4.125,3.75,4.375],"rotation":0,"texture":"#0","tintindex":0},"west":{"uv":[3.5,4.375,3.75,4.625],"rotation":0,"texture":"#0","tintindex":0},"up":{"uv":[4.375,10.875,3.875,10.625],"rotation":0,"texture":"#0","tintindex":0}}},{"from":[6.6285715,5.485714,6.6285715],"to":[9.3714285,8.228572,9.3714285],"rotation":{"angle":0.0,"axis":"y","origin":[9.142858,22.285715,8.0]},"faces":{"south":{"uv":[9.75,8.5,10.375,9.125],"rotation":0,"texture":"#0","tintindex":0},"north":{"uv":[9.75,7.25,10.375,7.875],"rotation":0,"texture":"#0","tintindex":0},"down":{"uv":[10.5,0.625,9.875,1.25],"rotation":0,"texture":"#0","tintindex":0},"east":{"uv":[9.75,7.875,10.375,8.5],"rotation":0,"texture":"#0","tintindex":0},"west":{"uv":[9.625,9.75,10.25,10.375],"rotation":0,"texture":"#0","tintindex":0},"up":{"uv":[10.5,0.625,9.875,0.0],"rotation":0,"texture":"#0","tintindex":0}}},{"from":[6.6285715,5.485714,5.485714],"to":[9.3714285,7.0857143,7.0857143],"rotation":{"angle":0.0,"axis":"y","origin":[9.142858,22.285715,8.0]},"faces":{"south":{"uv":[10.375,7.75,11.0,8.125],"rotation":0,"texture":"#0","tintindex":0},"north":{"uv":[10.375,7.375,11.0,7.75],"rotation":0,"texture":"#0","tintindex":0},"down":{"uv":[11.0,8.5,10.375,8.875],"rotation":0,"texture":"#0","tintindex":0},"east":{"uv":[10.625,2.125,11.0,2.5],"rotation":0,"texture":"#0","tintindex":0},"west":{"uv":[3.5,10.625,3.875,11.0],"rotation":0,"texture":"#0","tintindex":0},"up":{"uv":[11.0,8.5,10.375,8.125],"rotation":0,"texture":"#0","tintindex":0}}}],"textures":{"0":"modelengine:entity/monaska/zombi"},"display":{"head":{"translation":[0.0,-6.4,0.0],"scale":[4.0,4.0,4.0]}}}