{"elements":[{"from":[6.857143,5.714286,5.714286],"to":[9.142858,6.857143,6.857143],"rotation":{"angle":0.0,"axis":"y","origin":[6.857143,22.285715,8.0]},"faces":{"south":{"uv":[10.625,10.625,11.125,10.875],"rotation":0,"texture":"#0","tintindex":0},"north":{"uv":[10.125,10.625,10.625,10.875],"rotation":0,"texture":"#0","tintindex":0},"down":{"uv":[2.125,10.75,1.625,11.0],"rotation":0,"texture":"#0","tintindex":0},"east":{"uv":[3.5,4.625,3.75,4.875],"rotation":0,"texture":"#0","tintindex":0},"west":{"uv":[3.5,4.875,3.75,5.125],"rotation":0,"texture":"#0","tintindex":0},"up":{"uv":[1.0,11.0,0.5,10.75],"rotation":0,"texture":"#0","tintindex":0}}},{"from":[6.857143,5.714286,6.857143],"to":[9.142858,8.0,9.142858],"rotation":{"angle":0.0,"axis":"y","origin":[6.857143,22.285715,8.0]},"faces":{"south":{"uv":[2.125,10.25,2.625,10.75],"rotation":0,"texture":"#0","tintindex":0},"north":{"uv":[0.625,10.25,1.125,10.75],"rotation":0,"texture":"#0","tintindex":0},"down":{"uv":[10.75,9.125,10.25,9.625],"rotation":0,"texture":"#0","tintindex":0},"east":{"uv":[1.625,10.25,2.125,10.75],"rotation":0,"texture":"#0","tintindex":0},"west":{"uv":[10.25,4.5,10.75,5.0],"rotation":0,"texture":"#0","tintindex":0},"up":{"uv":[8.25,10.75,7.75,10.25],"rotation":0,"texture":"#0","tintindex":0}}},{"from":[6.6285715,5.485714,5.485714],"to":[9.3714285,7.0857143,7.0857143],"rotation":{"angle":0.0,"axis":"y","origin":[6.857143,22.285715,8.0]},"faces":{"south":{"uv":[10.375,6.625,11.0,7.0],"rotation":0,"texture":"#0","tintindex":0},"north":{"uv":[10.375,6.25,11.0,6.625],"rotation":0,"texture":"#0","tintindex":0},"down":{"uv":[11.0,7.0,10.375,7.375],"rotation":0,"texture":"#0","tintindex":0},"east":{"uv":[6.125,10.375,6.5,10.75],"rotation":0,"texture":"#0","tintindex":0},"west":{"uv":[10.5,4.0,10.875,4.375],"rotation":0,"texture":"#0","tintindex":0},"up":{"uv":[7.625,10.75,7.0,10.375],"rotation":0,"texture":"#0","tintindex":0}}},{"from":[6.6285715,5.485714,6.6285715],"to":[9.3714285,8.228572,9.3714285],"rotation":{"angle":0.0,"axis":"y","origin":[6.857143,22.285715,8.0]},"faces":{"south":{"uv":[5.875,9.75,6.5,10.375],"rotation":0,"texture":"#0","tintindex":0},"north":{"uv":[2.875,9.75,3.5,10.375],"rotation":0,"texture":"#0","tintindex":0},"down":{"uv":[7.75,9.75,7.125,10.375],"rotation":0,"texture":"#0","tintindex":0},"east":{"uv":[9.75,5.375,10.375,6.0],"rotation":0,"texture":"#0","tintindex":0},"west":{"uv":[9.75,6.0,10.375,6.625],"rotation":0,"texture":"#0","tintindex":0},"up":{"uv":[10.375,7.25,9.75,6.625],"rotation":0,"texture":"#0","tintindex":0}}}],"textures":{"0":"modelengine:entity/monaska/zombi"},"display":{"head":{"translation":[0.0,-6.4,0.0],"scale":[4.0,4.0,4.0]}}}