{"elements":[{"from":[7.142857,0.85714245,2.8571424],"to":[9.428572,5.428571,9.142858],"rotation":{"angle":0.0,"axis":"y","origin":[8.285714,4.285714,7.714286]},"faces":{"south":{"uv":[9.25,6.375,9.75,7.375],"rotation":0,"texture":"#0","tintindex":0},"north":{"uv":[9.25,5.375,9.75,6.375],"rotation":0,"texture":"#0","tintindex":0},"down":{"uv":[9.125,1.375,8.625,2.75],"rotation":0,"texture":"#0","tintindex":0},"east":{"uv":[4.875,0.0,6.25,1.0],"rotation":0,"texture":"#0","tintindex":0},"west":{"uv":[4.875,1.0,6.25,2.0],"rotation":0,"texture":"#0","tintindex":0},"up":{"uv":[9.125,1.375,8.625,0.0],"rotation":0,"texture":"#0","tintindex":0}}},{"from":[7.142857,5.428571,6.857143],"to":[9.428572,9.428572,9.142858],"rotation":{"angle":0.0,"axis":"y","origin":[4.8571424,10.0,8.0]},"faces":{"south":{"uv":[9.5,2.75,10.0,3.625],"rotation":0,"texture":"#0","tintindex":0},"north":{"uv":[9.125,9.25,9.625,10.125],"rotation":0,"texture":"#0","tintindex":0},"down":{"uv":[9.625,10.125,9.125,10.625],"rotation":0,"texture":"#0","tintindex":0},"east":{"uv":[1.125,9.5,1.625,10.375],"rotation":0,"texture":"#0","tintindex":0},"west":{"uv":[9.5,3.625,10.0,4.5],"rotation":0,"texture":"#0","tintindex":0},"up":{"uv":[9.125,10.625,8.625,10.125],"rotation":0,"texture":"#0","tintindex":0}}},{"from":[7.428571,3.0735312,1.3102221],"to":[9.142858,4.2163887,3.5959368],"rotation":{"angle":-45.0,"axis":"x","origin":[8.285714,3.64496,2.4530797]},"faces":{"south":{"uv":[7.0,10.75,7.375,11.0],"rotation":0,"texture":"#0","tintindex":0},"north":{"uv":[5.875,10.75,6.25,11.0],"rotation":0,"texture":"#0","tintindex":0},"down":{"uv":[3.5,10.375,3.125,10.875],"rotation":0,"texture":"#0","tintindex":0},"east":{"uv":[8.625,10.625,9.125,10.875],"rotation":0,"texture":"#0","tintindex":0},"west":{"uv":[9.125,10.625,9.625,10.875],"rotation":0,"texture":"#0","tintindex":0},"up":{"uv":[8.625,10.75,8.25,10.25],"rotation":0,"texture":"#0","tintindex":0}}},{"from":[6.9142857,5.2,6.6285715],"to":[9.657143,9.657143,9.3714285],"rotation":{"angle":0.0,"axis":"y","origin":[4.8571424,10.0,8.0]},"faces":{"south":{"uv":[8.625,8.25,9.25,9.25],"rotation":0,"texture":"#0","tintindex":0},"north":{"uv":[8.625,7.25,9.25,8.25],"rotation":0,"texture":"#0","tintindex":0},"down":{"uv":[0.625,9.75,0.0,10.375],"rotation":0,"texture":"#0","tintindex":0},"east":{"uv":[8.0,8.625,8.625,9.625],"rotation":0,"texture":"#0","tintindex":0},"west":{"uv":[0.0,8.75,0.625,9.75],"rotation":0,"texture":"#0","tintindex":0},"up":{"uv":[10.25,9.75,9.625,9.125],"rotation":0,"texture":"#0","tintindex":0}}},{"from":[7.2,2.8449597,1.0816512],"to":[9.3714285,4.4449596,3.8245087],"rotation":{"angle":-45.0,"axis":"x","origin":[8.285714,3.64496,2.4530797]},"faces":{"south":{"uv":[10.5,1.5,11.0,1.875],"rotation":0,"texture":"#0","tintindex":0},"north":{"uv":[10.5,1.125,11.0,1.5],"rotation":0,"texture":"#0","tintindex":0},"down":{"uv":[10.5,3.375,10.0,4.0],"rotation":0,"texture":"#0","tintindex":0},"east":{"uv":[10.375,5.5,11.0,5.875],"rotation":0,"texture":"#0","tintindex":0},"west":{"uv":[10.375,5.875,11.0,6.25],"rotation":0,"texture":"#0","tintindex":0},"up":{"uv":[10.5,3.375,10.0,2.75],"rotation":0,"texture":"#0","tintindex":0}}},{"from":[6.9142857,0.6285715,2.6285715],"to":[9.657143,5.6571426,9.3714285],"rotation":{"angle":0.0,"axis":"y","origin":[8.285714,4.285714,7.714286]},"faces":{"south":{"uv":[0.625,8.125,1.25,9.25],"rotation":0,"texture":"#0","tintindex":0},"north":{"uv":[8.0,7.5,8.625,8.625],"rotation":0,"texture":"#0","tintindex":0},"down":{"uv":[8.125,1.5,7.5,3.0],"rotation":0,"texture":"#0","tintindex":0},"east":{"uv":[3.375,0.0,4.875,1.125],"rotation":0,"texture":"#0","tintindex":0},"west":{"uv":[3.375,1.125,4.875,2.25],"rotation":0,"texture":"#0","tintindex":0},"up":{"uv":[6.0,8.75,5.375,7.25],"rotation":0,"texture":"#0","tintindex":0}}}],"textures":{"0":"modelengine:entity/monaska/zombi"},"display":{"head":{"translation":[0.0,-6.4,0.0],"scale":[4.0,4.0,4.0]}}}