{"elements":[{"from":[-1.1428576,-6.8571434,7.428571],"to":[17.142857,13.714286,25.714287],"rotation":{"angle":0.0,"axis":"y","origin":[8.0,8.571428,16.57143]},"faces":{"south":{"uv":[4.25,0.0,6.25,2.25],"rotation":0,"texture":"#0","tintindex":0},"north":{"uv":[2.1875,0.0,4.1875,2.25],"rotation":0,"texture":"#0","tintindex":0},"down":{"uv":[4.0625,4.625,2.0625,6.625],"rotation":0,"texture":"#0","tintindex":0},"east":{"uv":[2.1875,2.3125,4.1875,4.5625],"rotation":0,"texture":"#0","tintindex":0},"west":{"uv":[4.25,2.3125,6.25,4.5625],"rotation":0,"texture":"#0","tintindex":0},"up":{"uv":[2.0,6.375,0.0,4.375],"rotation":0,"texture":"#0","tintindex":0}}},{"from":[-1.7142859,12.0,6.857143],"to":[17.714287,15.428572,26.285715],"rotation":{"angle":0.0,"axis":"y","origin":[8.0,8.571428,16.57143]},"faces":{"south":{"uv":[8.8125,3.625,10.9375,4.0],"rotation":0,"texture":"#0","tintindex":0},"north":{"uv":[8.0,3.1875,10.125,3.5625],"rotation":0,"texture":"#0","tintindex":0},"down":{"uv":[2.125,2.1875,0.0,4.3125],"rotation":0,"texture":"#0","tintindex":0},"east":{"uv":[3.625,8.75,5.75,9.125],"rotation":0,"texture":"#0","tintindex":0},"west":{"uv":[8.8125,4.0625,10.9375,4.4375],"rotation":0,"texture":"#0","tintindex":0},"up":{"uv":[2.125,2.125,0.0,0.0],"rotation":0,"texture":"#0","tintindex":0}}},{"from":[-0.8916044,10.285714,14.536564],"to":[-0.32017517,14.285715,15.107992],"rotation":{"angle":0.0,"axis":"y","origin":[-0.57142925,16.57143,14.857143]},"faces":{"south":{"uv":[2.875,11.6875,2.9375,12.125],"rotation":0,"texture":"#0","tintindex":0},"north":{"uv":[3.0,7.625,3.0625,8.0625],"rotation":0,"texture":"#0","tintindex":0},"down":{"uv":[10.5625,11.6875,10.5,11.75],"rotation":0,"texture":"#0","tintindex":0},"east":{"uv":[5.125,11.3125,5.1875,11.75],"rotation":0,"texture":"#0","tintindex":0},"west":{"uv":[6.375,11.75,6.4375,12.1875],"rotation":0,"texture":"#0","tintindex":0},"up":{"uv":[8.6875,3.6875,8.625,3.625],"rotation":0,"texture":"#0","tintindex":0}}},{"from":[-1.1428576,13.714286,14.285715],"to":[0.0,14.857143,15.428572],"rotation":{"angle":0.0,"axis":"y","origin":[-0.57142925,13.714286,14.857143]},"faces":{"south":{"uv":[11.5,13.9375,11.625,14.0625],"rotation":0,"texture":"#0","tintindex":0},"north":{"uv":[12.4375,7.0,12.5625,7.125],"rotation":0,"texture":"#0","tintindex":0},"down":{"uv":[14.0625,11.875,13.9375,12.0],"rotation":0,"texture":"#0","tintindex":0},"east":{"uv":[11.3125,13.9375,11.4375,14.0625],"rotation":0,"texture":"#0","tintindex":0},"west":{"uv":[11.6875,13.9375,11.8125,14.0625],"rotation":0,"texture":"#0","tintindex":0},"up":{"uv":[14.0625,11.8125,13.9375,11.6875],"rotation":0,"texture":"#0","tintindex":0}}},{"from":[-2.6897764,13.881654,14.571428],"to":[-0.40406132,14.453082,15.142858],"rotation":{"angle":45.0,"axis":"z","origin":[-0.9754896,13.881654,15.142858]},"faces":{"south":{"uv":[8.3125,3.625,8.5625,3.6875],"rotation":0,"texture":"#0","tintindex":0},"north":{"uv":[8.0,3.625,8.25,3.6875],"rotation":0,"texture":"#0","tintindex":0},"down":{"uv":[8.25,11.125,8.0,11.1875],"rotation":0,"texture":"#0","tintindex":0},"east":{"uv":[12.25,8.625,12.3125,8.6875],"rotation":0,"texture":"#0","tintindex":0},"west":{"uv":[12.3125,5.3125,12.375,5.375],"rotation":0,"texture":"#0","tintindex":0},"up":{"uv":[11.125,7.25,10.875,7.1875],"rotation":0,"texture":"#0","tintindex":0}}},{"from":[-0.8916044,9.142858,11.107992],"to":[-0.32017517,13.142858,11.67942],"rotation":{"angle":0.0,"axis":"y","origin":[-0.57142925,15.428572,11.428572]},"faces":{"south":{"uv":[5.0625,13.9375,5.125,14.375],"rotation":0,"texture":"#0","tintindex":0},"north":{"uv":[5.6875,11.875,5.75,12.3125],"rotation":0,"texture":"#0","tintindex":0},"down":{"uv":[0.5,12.375,0.4375,12.4375],"rotation":0,"texture":"#0","tintindex":0},"east":{"uv":[13.9375,5.0,14.0,5.4375],"rotation":0,"texture":"#0","tintindex":0},"west":{"uv":[5.1875,13.9375,5.25,14.375],"rotation":0,"texture":"#0","tintindex":0},"up":{"uv":[0.375,12.4375,0.3125,12.375],"rotation":0,"texture":"#0","tintindex":0}}},{"from":[-1.1428576,12.571428,10.857143],"to":[0.0,13.714286,12.0],"rotation":{"angle":0.0,"axis":"y","origin":[-0.57142925,12.571428,11.428572]},"faces":{"south":{"uv":[14.0,1.875,14.125,2.0],"rotation":0,"texture":"#0","tintindex":0},"north":{"uv":[0.9375,14.0,1.0625,14.125],"rotation":0,"texture":"#0","tintindex":0},"down":{"uv":[3.8125,14.0,3.6875,14.125],"rotation":0,"texture":"#0","tintindex":0},"east":{"uv":[14.0,1.6875,14.125,1.8125],"rotation":0,"texture":"#0","tintindex":0},"west":{"uv":[14.0,2.0625,14.125,2.1875],"rotation":0,"texture":"#0","tintindex":0},"up":{"uv":[14.125,2.8125,14.0,2.6875],"rotation":0,"texture":"#0","tintindex":0}}},{"from":[-2.6897764,12.738796,11.142858],"to":[-0.40406132,13.310225,11.714286],"rotation":{"angle":45.0,"axis":"z","origin":[-0.9754896,12.738796,11.714286]},"faces":{"south":{"uv":[11.5625,10.0,11.8125,10.0625],"rotation":0,"texture":"#0","tintindex":0},"north":{"uv":[11.1875,7.1875,11.4375,7.25],"rotation":0,"texture":"#0","tintindex":0},"down":{"uv":[12.1875,8.625,11.9375,8.6875],"rotation":0,"texture":"#0","tintindex":0},"east":{"uv":[10.375,12.375,10.4375,12.4375],"rotation":0,"texture":"#0","tintindex":0},"west":{"uv":[12.4375,5.3125,12.5,5.375],"rotation":0,"texture":"#0","tintindex":0},"up":{"uv":[4.4375,11.9375,4.1875,11.875],"rotation":0,"texture":"#0","tintindex":0}}},{"from":[14.034461,9.142858,12.25085],"to":[14.60589,13.142858,12.822278],"rotation":{"angle":0.0,"axis":"y","origin":[14.285715,15.428572,12.571428]},"faces":{"south":{"uv":[8.5625,13.9375,8.625,14.375],"rotation":0,"texture":"#0","tintindex":0},"north":{"uv":[13.9375,5.6875,14.0,6.125],"rotation":0,"texture":"#0","tintindex":0},"down":{"uv":[9.625,12.4375,9.5625,12.5],"rotation":0,"texture":"#0","tintindex":0},"east":{"uv":[8.4375,13.9375,8.5,14.375],"rotation":0,"texture":"#0","tintindex":0},"west":{"uv":[8.6875,13.9375,8.75,14.375],"rotation":0,"texture":"#0","tintindex":0},"up":{"uv":[9.5,12.5,9.4375,12.4375],"rotation":0,"texture":"#0","tintindex":0}}},{"from":[13.714286,12.571428,12.0],"to":[14.857143,13.714286,13.142858],"rotation":{"angle":0.0,"axis":"y","origin":[14.285715,12.571428,12.571428]},"faces":{"south":{"uv":[4.0625,14.0,4.1875,14.125],"rotation":0,"texture":"#0","tintindex":0},"north":{"uv":[3.875,14.0,4.0,14.125],"rotation":0,"texture":"#0","tintindex":0},"down":{"uv":[14.125,5.5,14.0,5.625],"rotation":0,"texture":"#0","tintindex":0},"east":{"uv":[14.0,3.875,14.125,4.0],"rotation":0,"texture":"#0","tintindex":0},"west":{"uv":[14.0,4.0625,14.125,4.1875],"rotation":0,"texture":"#0","tintindex":0},"up":{"uv":[4.375,14.125,4.25,14.0],"rotation":0,"texture":"#0","tintindex":0}}},{"from":[14.118347,12.738796,12.285715],"to":[16.40406,13.310225,12.857143],"rotation":{"angle":-45.0,"axis":"z","origin":[14.689775,12.738796,12.857143]},"faces":{"south":{"uv":[12.3125,9.5,12.5625,9.5625],"rotation":0,"texture":"#0","tintindex":0},"north":{"uv":[12.0,5.3125,12.25,5.375],"rotation":0,"texture":"#0","tintindex":0},"down":{"uv":[12.625,11.6875,12.375,11.75],"rotation":0,"texture":"#0","tintindex":0},"east":{"uv":[3.4375,12.5625,3.5,12.625],"rotation":0,"texture":"#0","tintindex":0},"west":{"uv":[12.6875,11.6875,12.75,11.75],"rotation":0,"texture":"#0","tintindex":0},"up":{"uv":[0.25,12.4375,0.0,12.375],"rotation":0,"texture":"#0","tintindex":0}}},{"from":[14.60589,8.0,9.393706],"to":[15.177319,12.0,9.965136],"rotation":{"angle":0.0,"axis":"y","origin":[14.857143,14.285715,9.714286]},"faces":{"south":{"uv":[9.3125,13.9375,9.375,14.375],"rotation":0,"texture":"#0","tintindex":0},"north":{"uv":[8.8125,13.9375,8.875,14.375],"rotation":0,"texture":"#0","tintindex":0},"down":{"uv":[13.25,6.0625,13.1875,6.125],"rotation":0,"texture":"#0","tintindex":0},"east":{"uv":[8.9375,13.9375,9.0,14.375],"rotation":0,"texture":"#0","tintindex":0},"west":{"uv":[9.4375,13.9375,9.5,14.375],"rotation":0,"texture":"#0","tintindex":0},"up":{"uv":[13.0,9.9375,12.9375,9.875],"rotation":0,"texture":"#0",