{"elements":[{"from":[6.8916035,9.714286,6.822278],"to":[9.177319,10.857143,9.107992],"rotation":{"angle":0.0,"axis":"y","origin":[8.0,8.0,8.0]},"faces":{"south":{"uv":[13.875,4.625,14.125,4.75],"rotation":0,"texture":"#0","tintindex":0},"north":{"uv":[13.875,4.25,14.125,4.375],"rotation":0,"texture":"#0","tintindex":0},"down":{"uv":[13.9375,0.3125,13.6875,0.5625],"rotation":0,"texture":"#0","tintindex":0},"east":{"uv":[13.875,4.4375,14.125,4.5625],"rotation":0,"texture":"#0","tintindex":0},"west":{"uv":[13.875,12.1875,14.125,12.3125],"rotation":0,"texture":"#0","tintindex":0},"up":{"uv":[0.25,13.9375,0.0,13.6875],"rotation":0,"texture":"#0","tintindex":0}}},{"from":[8.0,10.857143,6.285714],"to":[8.0,13.714286,9.714286],"rotation":{"angle":-45.0,"axis":"y","origin":[8.0,12.285715,8.0]},"faces":{"south":{"uv":[12.5,14.0625,12.5,14.375],"rotation":0,"texture":"#0","tintindex":0},"north":{"uv":[12.4375,14.0625,12.4375,14.375],"rotation":0,"texture":"#0","tintindex":0},"down":{"uv":[12.625,14.0625,12.625,14.4375],"rotation":0,"texture":"#0","tintindex":0},"east":{"uv":[13.3125,7.75,13.6875,8.0625],"rotation":0,"texture":"#0","tintindex":0},"west":{"uv":[13.3125,9.3125,13.6875,9.625],"rotation":0,"texture":"#0","tintindex":0},"up":{"uv":[12.5625,14.4375,12.5625,14.0625],"rotation":0,"texture":"#0","tintindex":0}}},{"from":[8.0,10.857143,6.285714],"to":[8.0,13.714286,9.714286],"rotation":{"angle":-45.0,"axis":"y","origin":[8.0,12.285715,8.0]},"faces":{"south":{"uv":[8.25,14.0625,8.25,14.375],"rotation":0,"texture":"#0","tintindex":0},"north":{"uv":[8.1875,14.0625,8.1875,14.375],"rotation":0,"texture":"#0","tintindex":0},"down":{"uv":[8.375,14.0625,8.375,14.4375],"rotation":0,"texture":"#0","tintindex":0},"east":{"uv":[5.0,13.3125,5.375,13.625],"rotation":0,"texture":"#0","tintindex":0},"west":{"uv":[13.3125,7.0,13.6875,7.3125],"rotation":0,"texture":"#0","tintindex":0},"up":{"uv":[8.3125,14.4375,8.3125,14.0625],"rotation":0,"texture":"#0","tintindex":0}}},{"from":[7.177318,5.714286,7.107992],"to":[8.891603,9.714286,8.822278],"rotation":{"angle":0.0,"axis":"y","origin":[8.0,8.0,8.0]},"faces":{"south":{"uv":[13.4375,13.375,13.625,13.8125],"rotation":0,"texture":"#0","tintindex":0},"north":{"uv":[10.8125,13.4375,11.0,13.875],"rotation":0,"texture":"#0","tintindex":0},"down":{"uv":[13.875,11.6875,13.6875,11.875],"rotation":0,"texture":"#0","tintindex":0},"east":{"uv":[13.4375,11.6875,13.625,12.125],"rotation":0,"texture":"#0","tintindex":0},"west":{"uv":[13.5,1.8125,13.6875,2.25],"rotation":0,"texture":"#0","tintindex":0},"up":{"uv":[13.875,10.0,13.6875,9.8125],"rotation":0,"texture":"#0","tintindex":0}}}],"textures":{"0":"modelengine:entity/zombie_santa/satana_v3"},"display":{"head":{"translation":[0.0,-6.4,0.0],"scale":[4.0,4.0,4.0]}}}