{"elements":[{"from":[3.4285712,14.285715,8.571428],"to":[12.571428,23.428572,17.714287],"rotation":{"angle":0.0,"axis":"y","origin":[8.0,8.571428,10.428572]},"faces":{"south":{"uv":[8.0,0.0,9.0,1.0],"rotation":0,"texture":"#0","tintindex":0},"north":{"uv":[4.0625,7.6875,5.0625,8.6875],"rotation":0,"texture":"#0","tintindex":0},"down":{"uv":[9.0625,5.625,8.0625,6.625],"rotation":0,"texture":"#0","tintindex":0},"east":{"uv":[5.125,7.6875,6.125,8.6875],"rotation":0,"texture":"#0","tintindex":0},"west":{"uv":[8.0,1.0625,9.0,2.0625],"rotation":0,"texture":"#0","tintindex":0},"up":{"uv":[9.0,3.125,8.0,2.125],"rotation":0,"texture":"#0","tintindex":0}}},{"from":[6.857143,16.0,6.857143],"to":[9.142858,18.857143,8.571428],"rotation":{"angle":0.0,"axis":"y","origin":[8.0,6.857143,10.428572]},"faces":{"south":{"uv":[13.5,10.5625,13.75,10.875],"rotation":0,"texture":"#0","tintindex":0},"north":{"uv":[13.5,8.625,13.75,8.9375],"rotation":0,"texture":"#0","tintindex":0},"down":{"uv":[12.25,3.125,12.0,3.3125],"rotation":0,"texture":"#0","tintindex":0},"east":{"uv":[5.4375,12.5,5.625,12.8125],"rotation":0,"texture":"#0","tintindex":0},"west":{"uv":[10.125,12.5625,10.3125,12.875],"rotation":0,"texture":"#0","tintindex":0},"up":{"uv":[10.9375,3.5625,10.6875,3.375],"rotation":0,"texture":"#0","tintindex":0}}},{"from":[12.571428,14.285715,13.714286],"to":[13.142858,20.57143,14.857143],"rotation":{"angle":0.0,"axis":"y","origin":[13.142858,15.428572,14.285715]},"faces":{"south":{"uv":[2.875,10.125,2.9375,10.8125],"rotation":0,"texture":"#0","tintindex":0},"north":{"uv":[7.9375,5.625,8.0,6.3125],"rotation":0,"texture":"#0","tintindex":0},"down":{"uv":[0.75,8.875,0.6875,9.0],"rotation":0,"texture":"#0","tintindex":0},"east":{"uv":[2.8125,9.375,2.9375,10.0625],"rotation":0,"texture":"#0","tintindex":0},"west":{"uv":[9.0625,10.4375,9.1875,11.125],"rotation":0,"texture":"#0","tintindex":0},"up":{"uv":[2.125,4.5,2.0625,4.375],"rotation":0,"texture":"#0","tintindex":0}}},{"from":[12.571428,15.428572,14.857143],"to":[13.142858,20.57143,17.142857],"rotation":{"angle":0.0,"axis":"y","origin":[13.142858,15.428572,15.428572]},"faces":{"south":{"uv":[3.5625,13.6875,3.625,14.25],"rotation":0,"texture":"#0","tintindex":0},"north":{"uv":[3.4375,13.6875,3.5,14.25],"rotation":0,"texture":"#0","tintindex":0},"down":{"uv":[2.8125,12.5,2.75,12.75],"rotation":0,"texture":"#0","tintindex":0},"east":{"uv":[11.0625,13.0,11.3125,13.5625],"rotation":0,"texture":"#0","tintindex":0},"west":{"uv":[11.375,13.0,11.625,13.5625],"rotation":0,"texture":"#0","tintindex":0},"up":{"uv":[10.4375,12.3125,10.375,12.0625],"rotation":0,"texture":"#0","tintindex":0}}},{"from":[12.571428,15.428572,12.571428],"to":[13.142858,20.57143,13.714286],"rotation":{"angle":0.0,"axis":"y","origin":[13.142858,15.428572,13.142858]},"faces":{"south":{"uv":[4.6875,13.6875,4.75,14.25],"rotation":0,"texture":"#0","tintindex":0},"north":{"uv":[4.5625,13.6875,4.625,14.25],"rotation":0,"texture":"#0","tintindex":0},"down":{"uv":[0.625,11.6875,0.5625,11.8125],"rotation":0,"texture":"#0","tintindex":0},"east":{"uv":[12.75,13.5,12.875,14.0625],"rotation":0,"texture":"#0","tintindex":0},"west":{"uv":[6.375,13.5625,6.5,14.125],"rotation":0,"texture":"#0","tintindex":0},"up":{"uv":[2.9375,11.0,2.875,10.875],"rotation":0,"texture":"#0","tintindex":0}}},{"from":[12.571428,14.285715,10.285714],"to":[13.142858,20.57143,12.571428],"rotation":{"angle":0.0,"axis":"y","origin":[13.142858,15.428572,10.857143]},"faces":{"south":{"uv":[4.4375,13.5,4.5,14.1875],"rotation":0,"texture":"#0","tintindex":0},"north":{"uv":[6.0625,10.375,6.125,11.0625],"rotation":0,"texture":"#0","tintindex":0},"down":{"uv":[0.5,13.3125,0.4375,13.5625],"rotation":0,"texture":"#0","tintindex":0},"east":{"uv":[2.75,12.8125,3.0,13.5],"rotation":0,"texture":"#0","tintindex":0},"west":{"uv":[3.0625,12.8125,3.3125,13.5],"rotation":0,"texture":"#0","tintindex":0},"up":{"uv":[5.375,13.1875,5.3125,12.9375],"rotation":0,"texture":"#0","tintindex":0}}},{"from":[12.571428,15.428572,9.142858],"to":[13.142858,20.57143,10.285714],"rotation":{"angle":0.0,"axis":"y","origin":[13.142858,15.428572,9.714286]},"faces":{"south":{"uv":[4.9375,13.6875,5.0,14.25],"rotation":0,"texture":"#0","tintindex":0},"north":{"uv":[4.8125,13.6875,4.875,14.25],"rotation":0,"texture":"#0","tintindex":0},"down":{"uv":[8.125,12.3125,8.0625,12.4375],"rotation":0,"texture":"#0","tintindex":0},"east":{"uv":[6.5625,13.5625,6.6875,14.125],"rotation":0,"texture":"#0","tintindex":0},"west":{"uv":[6.75,13.5625,6.875,14.125],"rotation":0,"texture":"#0","tintindex":0},"up":{"uv":[12.125,1.875,12.0625,1.75],"rotation":0,"texture":"#0","tintindex":0}}},{"from":[2.8571424,14.285715,13.714286],"to":[3.4285712,20.57143,14.857143],"rotation":{"angle":0.0,"axis":"y","origin":[2.8571424,15.428572,14.285715]},"faces":{"south":{"uv":[0.3125,13.6875,0.375,14.375],"rotation":0,"texture":"#0","tintindex":0},"north":{"uv":[2.5625,13.625,2.625,14.3125],"rotation":0,"texture":"#0","tintindex":0},"down":{"uv":[13.25,7.75,13.1875,7.875],"rotation":0,"texture":"#0","tintindex":0},"east":{"uv":[6.1875,13.25,6.3125,13.9375],"rotation":0,"texture":"#0","tintindex":0},"west":{"uv":[9.125,13.25,9.25,13.9375],"rotation":0,"texture":"#0","tintindex":0},"up":{"uv":[12.125,12.625,12.0625,12.5],"rotation":0,"texture":"#0","tintindex":0}}},{"from":[2.8571424,15.428572,14.857143],"to":[3.4285712,20.57143,17.142857],"rotation":{"angle":0.0,"axis":"y","origin":[2.8571424,15.428572,15.428572]},"faces":{"south":{"uv":[9.625,13.6875,9.6875,14.25],"rotation":0,"texture":"#0","tintindex":0},"north":{"uv":[5.3125,13.6875,5.375,14.25],"rotation":0,"texture":"#0","tintindex":0},"down":{"uv":[0.25,14.0,0.1875,14.25],"rotation":0,"texture":"#0","tintindex":0},"east":{"uv":[11.6875,13.0,11.9375,13.5625],"rotation":0,"texture":"#0","tintindex":0},"west":{"uv":[3.375,13.0625,3.625,13.625],"rotation":0,"texture":"#0","tintindex":0},"up":{"uv":[11.9375,14.1875,11.875,13.9375],"rotation":0,"texture":"#0","tintindex":0}}},{"from":[2.8571424,15.428572,12.571428],"to":[3.4285712,20.57143,13.714286],"rotation":{"angle":0.0,"axis":"y","origin":[2.8571424,15.428572,13.142858]},"faces":{"south":{"uv":[9.875,13.6875,9.9375,14.25],"rotation":0,"texture":"#0","tintindex":0},"north":{"uv":[9.75,13.6875,9.8125,14.25],"rotation":0,"texture":"#0","tintindex":0},"down":{"uv":[0.875,14.0625,0.8125,14.1875],"rotation":0,"texture":"#0","tintindex":0},"east":{"uv":[6.9375,13.5625,7.0625,14.125],"rotation":0,"texture":"#0","tintindex":0},"west":{"uv":[7.125,13.5625,7.25,14.125],"rotation":0,"texture":"#0","tintindex":0},"up":{"uv":[13.4375,10.6875,13.375,10.5625],"rotation":0,"texture":"#0","tintindex":0}}},{"from":[2.8571424,14.285715,10.285714],"to":[3.4285712,20.57143,12.571428],"rotation":{"angle":0.0,"axis":"y","origin":[2.8571424,15.428572,10.857143]},"faces":{"south":{"uv":[3.3125,13.6875,3.375,14.375],"rotation":0,"texture":"#0","tintindex":0},"north":{"uv":[2.125,13.6875,2.1875,14.375],"rotation":0,"texture":"#0","tintindex":0},"down":{"uv":[14.0625,0.5,14.0,0.75],"rotation":0,"texture":"#0","tintindex":0},"east":{"uv":[6.375,12.8125,6.625,13.5],"rotation":0,"texture":"#0","tintindex":0},"west":{"uv":[5.4375,12.875,5.6875,13.5625],"rotation":0,"texture":"#0","tintindex":0},"up":{"uv":[14.0625,0.4375,14.0,0.1875],"rotation":0,"texture":"#0","tintindex":0}}},{"from":[2.8571424,15.428572,9.142858],"to":[3.4285712,20.57143,10.285714],"rotation":{"angle":0.0,"axis":"y","origin":[2.8571424,15.428572,9.714286]},"faces":{"south":{"uv":[12.125,13.6875,12.1875,14.25],"rotation":0,"texture":"#0","tintindex":0},"north":{"uv":[12.0,13.6875,12.0625,14.25],"rotation":0,"texture":"#0","tintindex":0},"down":{"uv":[14.125,5.0,14.0625,5.125],"rotation":0,"texture":"#0","tintindex":0},"east":{"uv":[7.3125,13.5625,7.4375,14.125],"rotation":0,"texture":"#0","tintindex":0},"west":{"uv":[7.5,13.5625,7.625,14.125],"rotation":0,"texture":"#0","tintindex":0},"up":{"uv":[2.5,14.1875,2.4375,14.0625],