{"elements":[{"from":[5.714286,-1.1428576,5.142857],"to":[10.285714,9.142858,10.857143],"rotation":{"angle":0.0,"axis":"y","origin":[12.571428,20.57143,5.285714]},"faces":{"south":{"uv":[7.4375,10.0625,7.9375,11.1875],"rotation":0,"texture":"#0","tintindex":0},"north":{"uv":[7.4375,8.875,7.9375,10.0],"rotation":0,"texture":"#0","tintindex":0},"down":{"uv":[11.1875,11.125,10.6875,11.75],"rotation":0,"texture":"#0","tintindex":0},"east":{"uv":[5.5,9.1875,6.125,10.3125],"rotation":0,"texture":"#0","tintindex":0},"west":{"uv":[4.5625,10.125,5.1875,11.25],"rotation":0,"texture":"#0","tintindex":0},"up":{"uv":[2.5625,11.75,2.0625,11.125],"rotation":0,"texture":"#0","tintindex":0}}},{"from":[5.714286,-1.1428576,2.8571424],"to":[10.285714,1.7142854,5.142857],"rotation":{"angle":0.0,"axis":"y","origin":[12.571428,20.57143,5.285714]},"faces":{"south":{"uv":[12.875,6.1875,13.375,6.5],"rotation":0,"texture":"#0","tintindex":0},"north":{"uv":[5.75,12.875,6.25,13.1875],"rotation":0,"texture":"#0","tintindex":0},"down":{"uv":[13.4375,13.0625,12.9375,13.3125],"rotation":0,"texture":"#0","tintindex":0},"east":{"uv":[12.4375,13.5,12.6875,13.8125],"rotation":0,"texture":"#0","tintindex":0},"west":{"uv":[13.5,12.75,13.75,13.0625],"rotation":0,"texture":"#0","tintindex":0},"up":{"uv":[13.4375,2.4375,12.9375,2.1875],"rotation":0,"texture":"#0","tintindex":0}}},{"from":[5.142857,3.4285712,4.5714283],"to":[10.857143,5.714286,11.428572],"rotation":{"angle":0.0,"axis":"y","origin":[12.571428,20.57143,5.285714]},"faces":{"south":{"uv":[7.375,12.875,8.0,13.125],"rotation":0,"texture":"#0","tintindex":0},"north":{"uv":[6.6875,12.875,7.3125,13.125],"rotation":0,"texture":"#0","tintindex":0},"down":{"uv":[7.125,10.75,6.5,11.5],"rotation":0,"texture":"#0","tintindex":0},"east":{"uv":[9.125,6.375,9.875,6.625],"rotation":0,"texture":"#0","tintindex":0},"west":{"uv":[12.5625,4.125,13.3125,4.375],"rotation":0,"texture":"#0","tintindex":0},"up":{"uv":[9.0,11.1875,8.375,10.4375],"rotation":0,"texture":"#0","tintindex":0}}}],"textures":{"0":"modelengine:entity/zombie_santa/satana_v3"},"display":{"head":{"translation":[0.0,-6.4,0.0],"scale":[4.0,4.0,4.0]}}}