{"elements":[{"from":[6.3714285,6.6571426,4.8],"to":[11.6285715,11.342857,11.2],"rotation":{"angle":0.0,"axis":"y","origin":[10.714286,9.857143,5.142857]},"faces":{"south":{"uv":[12.5625,2.5,13.0625,2.9375],"rotation":0,"texture":"#0","tintindex":0},"north":{"uv":[11.5,12.5,12.0,12.9375],"rotation":0,"texture":"#0","tintindex":0},"down":{"uv":[12.125,0.375,11.625,1.0],"rotation":0,"texture":"#0","tintindex":0},"east":{"uv":[12.1875,11.8125,12.8125,12.25],"rotation":0,"texture":"#0","tintindex":0},"west":{"uv":[12.25,2.0,12.875,2.4375],"rotation":0,"texture":"#0","tintindex":0},"up":{"uv":[7.0,12.1875,6.5,11.5625],"rotation":0,"texture":"#0","tintindex":0}}},{"from":[6.714286,1.2857141,5.142857],"to":[11.285714,7.0,10.857143],"rotation":{"angle":0.0,"axis":"y","origin":[10.714286,9.857143,5.142857]},"faces":{"south":{"uv":[7.0625,11.625,7.5625,12.25],"rotation":0,"texture":"#0","tintindex":0},"north":{"uv":[11.625,1.0625,12.125,1.6875],"rotation":0,"texture":"#0","tintindex":0},"down":{"uv":[0.5,11.6875,0.0,12.3125],"rotation":0,"texture":"#0","tintindex":0},"east":{"uv":[7.25,5.625,7.875,6.25],"rotation":0,"texture":"#0","tintindex":0},"west":{"uv":[0.0,11.0,0.625,11.625],"rotation":0,"texture":"#0","tintindex":0},"up":{"uv":[8.125,12.25,7.625,11.625],"rotation":0,"texture":"#0","tintindex":0}}},{"from":[6.714286,-6.1428576,5.714286],"to":[11.285714,-1.0,10.285714],"rotation":{"angle":0.0,"axis":"y","origin":[9.571428,-2.1428576,6.285714]},"faces":{"south":{"uv":[8.1875,11.9375,8.6875,12.5],"rotation":0,"texture":"#0","tintindex":0},"north":{"uv":[11.9375,5.75,12.4375,6.3125],"rotation":0,"texture":"#0","tintindex":0},"down":{"uv":[12.8125,3.125,12.3125,3.625],"rotation":0,"texture":"#0","tintindex":0},"east":{"uv":[11.9375,7.5625,12.4375,8.125],"rotation":0,"texture":"#0","tintindex":0},"west":{"uv":[4.1875,12.0,4.6875,12.5625],"rotation":0,"texture":"#0","tintindex":0},"up":{"uv":[6.875,12.75,6.375,12.25],"rotation":0,"texture":"#0","tintindex":0}}},{"from":[6.714286,-1.5714293,5.142857],"to":[11.285714,-1.5714293,10.857143],"rotation":{"angle":0.0,"axis":"y","origin":[10.714286,9.857143,5.142857]},"faces":{"south":{"uv":[13.9375,12.0625,14.4375,12.0625],"rotation":0,"texture":"#0","tintindex":0},"north":{"uv":[12.5625,5.6875,13.0625,5.6875],"rotation":0,"texture":"#0","tintindex":0},"down":{"uv":[2.25,11.8125,1.75,12.4375],"rotation":0,"texture":"#0","tintindex":0},"east":{"uv":[13.75,2.25,14.375,2.25],"rotation":0,"texture":"#0","tintindex":0},"west":{"uv":[13.9375,12.125,14.5625,12.125],"rotation":0,"texture":"#0","tintindex":0},"up":{"uv":[6.3125,12.375,5.8125,11.75],"rotation":0,"texture":"#0","tintindex":0}}},{"from":[6.3714285,-1.9142866,4.8],"to":[11.6285715,1.6285715,11.2],"rotation":{"angle":0.0,"axis":"y","origin":[10.714286,9.857143,5.142857]},"faces":{"south":{"uv":[13.0,3.625,13.5,3.9375],"rotation":0,"texture":"#0","tintindex":0},"north":{"uv":[9.625,12.9375,10.125,13.25],"rotation":0,"texture":"#0","tintindex":0},"down":{"uv":[12.125,11.8125,11.625,12.4375],"rotation":0,"texture":"#0","tintindex":0},"east":{"uv":[3.4375,12.6875,4.0625,13.0],"rotation":0,"texture":"#0","tintindex":0},"west":{"uv":[12.6875,10.4375,13.3125,10.75],"rotation":0,"texture":"#0","tintindex":0},"up":{"uv":[12.3125,11.75,11.8125,11.125],"rotation":0,"texture":"#0","tintindex":0}}}],"textures":{"0":"modelengine:entity/zombie_santa/satana_v3"},"display":{"head":{"translation":[0.0,-6.4,0.0],"scale":[4.0,4.0,4.0]}}}