{"elements":[{"from":[5.142857,3.4285712,4.5714283],"to":[10.857143,5.714286,11.428572],"rotation":{"angle":0.0,"axis":"y","origin":[12.571428,20.57143,5.285714]},"faces":{"south":{"uv":[0.5625,12.9375,1.1875,13.1875],"rotation":0,"texture":"#0","tintindex":0},"north":{"uv":[12.875,12.4375,13.5,12.6875],"rotation":0,"texture":"#0","tintindex":0},"down":{"uv":[11.5625,1.1875,10.9375,1.9375],"rotation":0,"texture":"#0","tintindex":0},"east":{"uv":[12.5,12.75,13.25,13.0],"rotation":0,"texture":"#0","tintindex":0},"west":{"uv":[12.8125,4.4375,13.5625,4.6875],"rotation":0,"texture":"#0","tintindex":0},"up":{"uv":[11.5625,1.125,10.9375,0.375],"rotation":0,"texture":"#0","tintindex":0}}},{"from":[5.714286,-1.1428576,2.8571424],"to":[10.285714,1.7142854,5.142857],"rotation":{"angle":0.0,"axis":"y","origin":[12.571428,20.57143,5.285714]},"faces":{"south":{"uv":[1.8125,12.9375,2.3125,13.25],"rotation":0,"texture":"#0","tintindex":0},"north":{"uv":[1.25,12.9375,1.75,13.25],"rotation":0,"texture":"#0","tintindex":0},"down":{"uv":[13.625,0.6875,13.125,0.9375],"rotation":0,"texture":"#0","tintindex":0},"east":{"uv":[2.6875,13.5625,2.9375,13.875],"rotation":0,"texture":"#0","tintindex":0},"west":{"uv":[3.0,13.5625,3.25,13.875],"rotation":0,"texture":"#0","tintindex":0},"up":{"uv":[13.625,0.625,13.125,0.375],"rotation":0,"texture":"#0","tintindex":0}}},{"from":[5.714286,-1.1428576,5.142857],"to":[10.285714,9.142858,10.857143],"rotation":{"angle":0.0,"axis":"y","origin":[12.571428,20.57143,5.285714]},"faces":{"south":{"uv":[1.5,10.3125,2.0,11.4375],"rotation":0,"texture":"#0","tintindex":0},"north":{"uv":[0.9375,10.3125,1.4375,11.4375],"rotation":0,"texture":"#0","tintindex":0},"down":{"uv":[12.3125,8.75,11.8125,9.375],"rotation":0,"texture":"#0","tintindex":0},"east":{"uv":[9.3125,10.1875,9.9375,11.3125],"rotation":0,"texture":"#0","tintindex":0},"west":{"uv":[10.0,10.1875,10.625,11.3125],"rotation":0,"texture":"#0","tintindex":0},"up":{"uv":[2.8125,12.4375,2.3125,11.8125],"rotation":0,"texture":"#0","tintindex":0}}}],"textures":{"0":"modelengine:entity/zombie_santa/satana_v3"},"display":{"head":{"translation":[0.0,-6.4,0.0],"scale":[4.0,4.0,4.0]}}}