{"elements":[{"from":[6.857143,-4.571431,6.857143],"to":[9.142858,32.0,9.142858],"rotation":{"angle":0.0,"axis":"y","origin":[8.0,-4.000003,8.0]},"faces":{"south":{"uv":[3.0,8.1875,3.25,12.1875],"rotation":0,"texture":"#0","tintindex":0},"north":{"uv":[6.1875,7.6875,6.4375,11.6875],"rotation":0,"texture":"#0","tintindex":0},"down":{"uv":[13.8125,12.4375,13.5625,12.6875],"rotation":0,"texture":"#0","tintindex":0},"east":{"uv":[8.0625,6.6875,8.3125,10.6875],"rotation":0,"texture":"#0","tintindex":0},"west":{"uv":[3.3125,8.1875,3.5625,12.1875],"rotation":0,"texture":"#0","tintindex":0},"up":{"uv":[13.8125,3.875,13.5625,3.625],"rotation":0,"texture":"#0","tintindex":0}}},{"from":[0.0,29.714285,6.857143],"to":[6.857143,32.0,9.142858],"rotation":{"angle":0.0,"axis":"y","origin":[5.714286,-4.000003,8.0]},"faces":{"south":{"uv":[12.875,1.5,13.625,1.75],"rotation":0,"texture":"#0","tintindex":0},"north":{"uv":[12.8125,4.75,13.5625,5.0],"rotation":0,"texture":"#0","tintindex":0},"down":{"uv":[13.625,3.3125,12.875,3.5625],"rotation":0,"texture":"#0","tintindex":0},"east":{"uv":[13.625,5.6875,13.875,5.9375],"rotation":0,"texture":"#0","tintindex":0},"west":{"uv":[13.625,7.375,13.875,7.625],"rotation":0,"texture":"#0","tintindex":0},"up":{"uv":[13.625,3.25,12.875,3.0],"rotation":0,"texture":"#0","tintindex":0}}},{"from":[0.0,23.999998,6.857143],"to":[2.2857141,29.714285,9.142858],"rotation":{"angle":0.0,"axis":"y","origin":[5.714286,-6.285717,8.0]},"faces":{"south":{"uv":[8.375,12.9375,8.625,13.5625],"rotation":0,"texture":"#0","tintindex":0},"north":{"uv":[2.375,12.9375,2.625,13.5625],"rotation":0,"texture":"#0","tintindex":0},"down":{"uv":[9.0,13.625,8.75,13.875],"rotation":0,"texture":"#0","tintindex":0},"east":{"uv":[8.0625,12.9375,8.3125,13.5625],"rotation":0,"texture":"#0","tintindex":0},"west":{"uv":[9.3125,12.9375,9.5625,13.5625],"rotation":0,"texture":"#0","tintindex":0},"up":{"uv":[8.6875,13.875,8.4375,13.625],"rotation":0,"texture":"#0","tintindex":0}}},{"from":[0.5714283,21.714285,7.428571],"to":[1.7142854,23.999998,8.571428],"rotation":{"angle":0.0,"axis":"y","origin":[1.1428566,22.857141,8.0]},"faces":{"south":{"uv":[13.4375,13.875,13.5625,14.125],"rotation":0,"texture":"#0","tintindex":0},"north":{"uv":[1.875,13.875,2.0,14.125],"rotation":0,"texture":"#0","tintindex":0},"down":{"uv":[14.125,8.0625,14.0,8.1875],"rotation":0,"texture":"#0","tintindex":0},"east":{"uv":[13.25,13.875,13.375,14.125],"rotation":0,"texture":"#0","tintindex":0},"west":{"uv":[2.6875,13.9375,2.8125,14.1875],"rotation":0,"texture":"#0","tintindex":0},"up":{"uv":[14.125,8.0,14.0,7.875],"rotation":0,"texture":"#0","tintindex":0}}},{"from":[0.0,16.571426,8.0],"to":[6.857143,29.714285,8.0],"rotation":{"angle":0.0,"axis":"y","origin":[5.714286,28.571428,8.571428]},"faces":{"south":{"uv":[0.8125,7.625,1.5625,9.0625],"rotation":0,"texture":"#0","tintindex":0},"north":{"uv":[0.0,7.375,0.75,8.8125],"rotation":0,"texture":"#0","tintindex":0},"down":{"uv":[14.8125,5.4375,14.0625,5.4375],"rotation":0,"texture":"#0","tintindex":0},"east":{"uv":[10.0,14.125,10.0,15.5625],"rotation":0,"texture":"#0","tintindex":0},"west":{"uv":[10.0,14.125,10.0,15.5625],"rotation":0,"texture":"#0","tintindex":0},"up":{"uv":[14.8125,5.4375,14.0625,5.4375],"rotation":0,"texture":"#0","tintindex":0}}},{"from":[2.8571424,28.571428,7.428571],"to":[4.0,29.714285,8.571428],"rotation":{"angle":0.0,"axis":"y","origin":[3.4285712,28.571428,8.0]},"faces":{"south":{"uv":[9.0625,14.0,9.1875,14.125],"rotation":0,"texture":"#0","tintindex":0},"north":{"uv":[14.0,8.25,14.125,8.375],"rotation":0,"texture":"#0","tintindex":0},"down":{"uv":[14.125,10.1875,14.0,10.3125],"rotation":0,"texture":"#0","tintindex":0},"east":{"uv":[14.0,8.4375,14.125,8.5625],"rotation":0,"texture":"#0","tintindex":0},"west":{"uv":[14.0,9.1875,14.125,9.3125],"rotation":0,"texture":"#0","tintindex":0},"up":{"uv":[14.125,10.125,14.0,10.0],"rotation":0,"texture":"#0","tintindex":0}}},{"from":[5.142857,27.42857,7.428571],"to":[6.285714,29.714285,8.571428],"rotation":{"angle":0.0,"axis":"y","origin":[5.714286,28.571428,8.0]},"faces":{"south":{"uv":[2.875,13.9375,3.0,14.1875],"rotation":0,"texture":"#0","tintindex":0},"north":{"uv":[2.875,13.9375,3.0,14.1875],"rotation":0,"texture":"#0","tintindex":0},"down":{"uv":[12.375,14.0,12.25,14.125],"rotation":0,"texture":"#0","tintindex":0},"east":{"uv":[13.9375,3.0,14.0625,3.25],"rotation":0,"texture":"#0","tintindex":0},"west":{"uv":[3.0625,13.9375,3.1875,14.1875],"rotation":0,"texture":"#0","tintindex":0},"up":{"uv":[14.125,10.5,14.0,10.375],"rotation":0,"texture":"#0","tintindex":0}}}],"textures":{"0":"modelengine:entity/zombie_santa/satana_v3"},"display":{"head":{"translation":[0.0,-6.3999925,0.0],"scale":[4.0,4.0,4.0]}}}