{"elements":[{"from":[1.1428566,-7.4285717,5.142857],"to":[14.857143,8.0,10.857143],"rotation":{"angle":0.0,"axis":"y","origin":[1.7142854,6.857143,5.714286]},"faces":{"south":{"uv":[5.6875,4.625,7.1875,6.3125],"rotation":0,"texture":"#0","tintindex":0},"north":{"uv":[4.125,4.625,5.625,6.3125],"rotation":0,"texture":"#0","tintindex":0},"down":{"uv":[9.875,6.6875,8.375,7.3125],"rotation":0,"texture":"#0","tintindex":0},"east":{"uv":[1.625,7.625,2.25,9.3125],"rotation":0,"texture":"#0","tintindex":0},"west":{"uv":[2.3125,7.625,2.9375,9.3125],"rotation":0,"texture":"#0","tintindex":0},"up":{"uv":[8.0,8.8125,6.5,8.1875],"rotation":0,"texture":"#0","tintindex":0}}},{"from":[0.79999924,-7.200001,2.514285],"to":[15.200001,-3.6571436,11.2],"rotation":{"angle":0.0,"axis":"y","origin":[1.7142854,6.857143,0.0]},"faces":{"south":{"uv":[10.9375,0.0,12.4375,0.3125],"rotation":0,"texture":"#0","tintindex":0},"north":{"uv":[10.875,6.8125,12.375,7.125],"rotation":0,"texture":"#0","tintindex":0},"down":{"uv":[8.0,6.375,6.5,7.25],"rotation":0,"texture":"#0","tintindex":0},"east":{"uv":[12.1875,0.75,13.0625,1.0625],"rotation":0,"texture":"#0","tintindex":0},"west":{"uv":[12.1875,1.125,13.0625,1.4375],"rotation":0,"texture":"#0","tintindex":0},"up":{"uv":[1.5,7.3125,0.0,6.4375],"rotation":0,"texture":"#0","tintindex":0}}},{"from":[0.22857094,-11.771429,3.6571426],"to":[15.771429,-7.6571436,12.342857],"rotation":{"angle":0.0,"axis":"y","origin":[14.285715,-9.1428585,5.142857]},"faces":{"south":{"uv":[10.25,8.3125,11.875,8.6875],"rotation":0,"texture":"#0","tintindex":0},"north":{"uv":[10.25,7.875,11.875,8.25],"rotation":0,"texture":"#0","tintindex":0},"down":{"uv":[7.9375,0.9375,6.3125,1.8125],"rotation":0,"texture":"#0","tintindex":0},"east":{"uv":[3.625,11.0,4.5,11.375],"rotation":0,"texture":"#0","tintindex":0},"west":{"uv":[11.0,5.75,11.875,6.125],"rotation":0,"texture":"#0","tintindex":0},"up":{"uv":[7.9375,0.875,6.3125,0.0],"rotation":0,"texture":"#0","tintindex":0}}},{"from":[1.1428566,-4.000001,2.8571424],"to":[14.857143,-0.57142925,5.142857],"rotation":{"angle":0.0,"axis":"y","origin":[1.7142854,6.857143,0.0]},"faces":{"south":{"uv":[10.25,9.1875,11.75,9.5625],"rotation":0,"texture":"#0","tintindex":0},"north":{"uv":[10.25,8.75,11.75,9.125],"rotation":0,"texture":"#0","tintindex":0},"down":{"uv":[12.5,5.4375,11.0,5.6875],"rotation":0,"texture":"#0","tintindex":0},"east":{"uv":[4.1875,11.4375,4.4375,11.8125],"rotation":0,"texture":"#0","tintindex":0},"west":{"uv":[4.75,12.0,5.0,12.375],"rotation":0,"texture":"#0","tintindex":0},"up":{"uv":[12.5,4.375,11.0,4.125],"rotation":0,"texture":"#0","tintindex":0}}},{"from":[0.5714283,-8.0,4.0],"to":[15.428572,-6.8571434,12.0],"rotation":{"angle":0.0,"axis":"y","origin":[14.285715,-9.1428585,5.142857]},"faces":{"south":{"uv":[12.4375,6.8125,14.0625,6.9375],"rotation":0,"texture":"#0","tintindex":0},"north":{"uv":[12.375,11.5,14.0,11.625],"rotation":0,"texture":"#0","tintindex":0},"down":{"uv":[7.9375,2.8125,6.3125,3.6875],"rotation":0,"texture":"#0","tintindex":0},"east":{"uv":[11.0,6.1875,11.875,6.3125],"rotation":0,"texture":"#0","tintindex":0},"west":{"uv":[12.875,6.5625,13.75,6.6875],"rotation":0,"texture":"#0","tintindex":0},"up":{"uv":[7.9375,2.75,6.3125,1.875],"rotation":0,"texture":"#0","tintindex":0}}}],"textures":{"0":"modelengine:entity/zombie_santa/satana_v3"},"display":{"head":{"translation":[0.0,-6.4,0.0],"scale":[4.0,4.0,4.0]}}}