{"elements":[{"from":[5.142857,13.714286,8.0],"to":[10.857143,17.142857,8.0],"rotation":{"angle":-22.5,"axis":"y","origin":[8.0,12.571428,8.0]},"faces":{"south":{"uv":[0.0,12.5,0.625,12.875],"rotation":0,"texture":"#0","tintindex":0},"north":{"uv":[12.4375,10.0,13.0625,10.375],"rotation":0,"texture":"#0","tintindex":0},"down":{"uv":[14.625,10.5625,14.0,10.5625],"rotation":0,"texture":"#0","tintindex":0},"east":{"uv":[9.5625,13.9375,9.5625,14.3125],"rotation":0,"texture":"#0","tintindex":0},"west":{"uv":[7.875,14.0,7.875,14.375],"rotation":0,"texture":"#0","tintindex":0},"up":{"uv":[14.625,9.4375,14.0,9.4375],"rotation":0,"texture":"#0","tintindex":0}}},{"from":[4.0,5.714286,4.0],"to":[12.0,13.714286,12.0],"rotation":{"angle":22.5,"axis":"y","origin":[8.0,12.571428,8.0]},"faces":{"south":{"uv":[9.3125,9.25,10.1875,10.125],"rotation":0,"texture":"#0","tintindex":0},"north":{"uv":[9.3125,7.375,10.1875,8.25],"rotation":0,"texture":"#0","tintindex":0},"down":{"uv":[9.25,9.5,8.375,10.375],"rotation":0,"texture":"#0","tintindex":0},"east":{"uv":[9.3125,8.3125,10.1875,9.1875],"rotation":0,"texture":"#0","tintindex":0},"west":{"uv":[0.9375,9.375,1.8125,10.25],"rotation":0,"texture":"#0","tintindex":0},"up":{"uv":[2.75,10.25,1.875,9.375],"rotation":0,"texture":"#0","tintindex":0}}},{"from":[5.142857,13.714286,8.0],"to":[10.857143,17.142857,8.0],"rotation":{"angle":45.0,"axis":"y","origin":[8.0,12.571428,8.0]},"faces":{"south":{"uv":[8.75,12.4375,9.375,12.8125],"rotation":0,"texture":"#0","tintindex":0},"north":{"uv":[5.6875,12.4375,6.3125,12.8125],"rotation":0,"texture":"#0","tintindex":0},"down":{"uv":[14.625,9.375,14.0,9.375],"rotation":0,"texture":"#0","tintindex":0},"east":{"uv":[2.0625,13.875,2.0625,14.25],"rotation":0,"texture":"#0","tintindex":0},"west":{"uv":[3.25,13.9375,3.25,14.3125],"rotation":0,"texture":"#0","tintindex":0},"up":{"uv":[14.625,8.6875,14.0,8.6875],"rotation":0,"texture":"#0","tintindex":0}}}],"textures":{"0":"modelengine:entity/zombie_santa/satana_v3"},"display":{"head":{"translation":[0.0,-6.4,0.0],"scale":[4.0,4.0,4.0]}}}