{"elements":[{"from":[6.890909,8.049476,6.822278],"to":[9.176623,9.192333,9.107992],"rotation":{"angle":0.0,"axis":"y","origin":[5.428571,7.428571,6.285714]},"faces":{"south":{"uv":[13.875,3.5,14.125,3.625],"rotation":0,"texture":"#0","tintindex":0},"north":{"uv":[1.25,13.875,1.5,14.0],"rotation":0,"texture":"#0","tintindex":0},"down":{"uv":[11.9375,13.625,11.6875,13.875],"rotation":0,"texture":"#0","tintindex":0},"east":{"uv":[1.5625,13.875,1.8125,14.0],"rotation":0,"texture":"#0","tintindex":0},"west":{"uv":[13.875,3.6875,14.125,3.8125],"rotation":0,"texture":"#0","tintindex":0},"up":{"uv":[11.625,13.875,11.375,13.625],"rotation":0,"texture":"#0","tintindex":0}}},{"from":[6.0829067,9.192333,7.6501303],"to":[6.0829067,12.049477,11.078702],"rotation":{"angle":45.0,"axis":"y","origin":[5.428571,11.714286,6.285714]},"faces":{"south":{"uv":[8.0,14.0625,8.0,14.375],"rotation":0,"texture":"#0","tintindex":0},"north":{"uv":[7.9375,14.0625,7.9375,14.375],"rotation":0,"texture":"#0","tintindex":0},"down":{"uv":[8.125,14.0625,8.125,14.4375],"rotation":0,"texture":"#0","tintindex":0},"east":{"uv":[1.875,13.3125,2.25,13.625],"rotation":0,"texture":"#0","tintindex":0},"west":{"uv":[4.5625,13.3125,4.9375,13.625],"rotation":0,"texture":"#0","tintindex":0},"up":{"uv":[8.0625,14.4375,8.0625,14.0625],"rotation":0,"texture":"#0","tintindex":0}}},{"from":[2.3498697,9.192333,5.2257643],"to":[2.3498697,12.049477,8.654335],"rotation":{"angle":45.0,"axis":"y","origin":[5.428571,11.714286,6.285714]},"faces":{"south":{"uv":[6.0,14.0625,6.0,14.375],"rotation":0,"texture":"#0","tintindex":0},"north":{"uv":[5.9375,14.0625,5.9375,14.375],"rotation":0,"texture":"#0","tintindex":0},"down":{"uv":[6.125,14.0625,6.125,14.4375],"rotation":0,"texture":"#0","tintindex":0},"east":{"uv":[1.0,13.3125,1.375,13.625],"rotation":0,"texture":"#0","tintindex":0},"west":{"uv":[1.4375,13.3125,1.8125,13.625],"rotation":0,"texture":"#0","tintindex":0},"up":{"uv":[6.0625,14.4375,6.0625,14.0625],"rotation":0,"texture":"#0","tintindex":0}}}],"textures":{"0":"modelengine:entity/zombie_santa/satana_v3"},"display":{"head":{"translation":[0.0,-6.4,0.0],"scale":[4.0,4.0,4.0]}}}