{"elements":[{"from":[8.0,9.714286,6.285714],"to":[8.0,12.571428,9.714286],"rotation":{"angle":-45.0,"axis":"y","origin":[8.0,11.142858,8.0]},"faces":{"south":{"uv":[13.1875,14.0625,13.1875,14.375],"rotation":0,"texture":"#0","tintindex":0},"north":{"uv":[13.125,14.0625,13.125,14.375],"rotation":0,"texture":"#0","tintindex":0},"down":{"uv":[14.125,1.125,14.125,1.5],"rotation":0,"texture":"#0","tintindex":0},"east":{"uv":[13.375,4.0,13.75,4.3125],"rotation":0,"texture":"#0","tintindex":0},"west":{"uv":[13.375,10.1875,13.75,10.5],"rotation":0,"texture":"#0","tintindex":0},"up":{"uv":[14.125,0.5625,14.125,0.1875],"rotation":0,"texture":"#0","tintindex":0}}},{"from":[8.0,9.714286,6.285714],"to":[8.0,12.571428,9.714286],"rotation":{"angle":-45.0,"axis":"y","origin":[8.0,11.142858,8.0]},"faces":{"south":{"uv":[12.9375,14.0625,12.9375,14.375],"rotation":0,"texture":"#0","tintindex":0},"north":{"uv":[12.6875,14.0625,12.6875,14.375],"rotation":0,"texture":"#0","tintindex":0},"down":{"uv":[13.0625,14.0625,13.0625,14.4375],"rotation":0,"texture":"#0","tintindex":0},"east":{"uv":[9.625,13.3125,10.0,13.625],"rotation":0,"texture":"#0","tintindex":0},"west":{"uv":[12.0,13.3125,12.375,13.625],"rotation":0,"texture":"#0","tintindex":0},"up":{"uv":[13.0,14.4375,13.0,14.0625],"rotation":0,"texture":"#0","tintindex":0}}},{"from":[6.8916035,8.571428,6.822278],"to":[9.177319,9.714286,9.107992],"rotation":{"angle":0.0,"axis":"y","origin":[8.0,6.857143,8.0]},"faces":{"south":{"uv":[13.875,12.5625,14.125,12.6875],"rotation":0,"texture":"#0","tintindex":0},"north":{"uv":[13.875,12.375,14.125,12.5],"rotation":0,"texture":"#0","tintindex":0},"down":{"uv":[1.1875,13.6875,0.9375,13.9375],"rotation":0,"texture":"#0","tintindex":0},"east":{"uv":[12.4375,13.875,12.6875,14.0],"rotation":0,"texture":"#0","tintindex":0},"west":{"uv":[12.9375,13.875,13.1875,14.0],"rotation":0,"texture":"#0","tintindex":0},"up":{"uv":[13.9375,0.875,13.6875,0.625],"rotation":0,"texture":"#0","tintindex":0}}},{"from":[7.177318,4.5714283,7.107992],"to":[8.891603,8.571428,8.822278],"rotation":{"angle":0.0,"axis":"y","origin":[8.0,6.857143,8.0]},"faces":{"south":{"uv":[4.1875,13.5,4.375,13.9375],"rotation":0,"texture":"#0","tintindex":0},"north":{"uv":[3.6875,13.5,3.875,13.9375],"rotation":0,"texture":"#0","tintindex":0},"down":{"uv":[13.875,13.25,13.6875,13.4375],"rotation":0,"texture":"#0","tintindex":0},"east":{"uv":[3.9375,13.5,4.125,13.9375],"rotation":0,"texture":"#0","tintindex":0},"west":{"uv":[13.5,8.125,13.6875,8.5625],"rotation":0,"texture":"#0","tintindex":0},"up":{"uv":[13.875,12.125,13.6875,11.9375],"rotation":0,"texture":"#0","tintindex":0}}}],"textures":{"0":"modelengine:entity/zombie_santa/satana_v3"},"display":{"head":{"translation":[0.0,-6.4,0.0],"scale":[4.0,4.0,4.0]}}}