{"elements":[{"from":[7.108396,5.714286,7.107992],"to":[8.822682,9.714286,8.822278],"rotation":{"angle":0.0,"axis":"y","origin":[8.0,8.0,8.0]},"faces":{"south":{"uv":[10.3125,13.4375,10.5,13.875],"rotation":0,"texture":"#0","tintindex":0},"north":{"uv":[13.4375,6.0625,13.625,6.5],"rotation":0,"texture":"#0","tintindex":0},"down":{"uv":[13.875,6.25,13.6875,6.4375],"rotation":0,"texture":"#0","tintindex":0},"east":{"uv":[10.0625,13.4375,10.25,13.875],"rotation":0,"texture":"#0","tintindex":0},"west":{"uv":[10.5625,13.4375,10.75,13.875],"rotation":0,"texture":"#0","tintindex":0},"up":{"uv":[13.875,6.1875,13.6875,6.0],"rotation":0,"texture":"#0","tintindex":0}}},{"from":[8.0,10.857143,6.285714],"to":[8.0,13.714286,9.714286],"rotation":{"angle":45.0,"axis":"y","origin":[8.0,12.285715,8.0]},"faces":{"south":{"uv":[2.25,13.6875,2.25,14.0],"rotation":0,"texture":"#0","tintindex":0},"north":{"uv":[9.0625,13.625,9.0625,13.9375],"rotation":0,"texture":"#0","tintindex":0},"down":{"uv":[5.6875,14.0625,5.6875,14.4375],"rotation":0,"texture":"#0","tintindex":0},"east":{"uv":[8.6875,13.25,9.0625,13.5625],"rotation":0,"texture":"#0","tintindex":0},"west":{"uv":[0.0,13.3125,0.375,13.625],"rotation":0,"texture":"#0","tintindex":0},"up":{"uv":[5.625,14.4375,5.625,14.0625],"rotation":0,"texture":"#0","tintindex":0}}},{"from":[6.822682,9.714286,6.822278],"to":[9.108397,10.857143,9.107992],"rotation":{"angle":0.0,"axis":"y","origin":[8.0,8.0,8.0]},"faces":{"south":{"uv":[13.8125,8.75,14.0625,8.875],"rotation":0,"texture":"#0","tintindex":0},"north":{"uv":[13.75,9.5,14.0,9.625],"rotation":0,"texture":"#0","tintindex":0},"down":{"uv":[11.3125,13.625,11.0625,13.875],"rotation":0,"texture":"#0","tintindex":0},"east":{"uv":[13.8125,1.3125,14.0625,1.4375],"rotation":0,"texture":"#0","tintindex":0},"west":{"uv":[13.8125,10.6875,14.0625,10.8125],"rotation":0,"texture":"#0","tintindex":0},"up":{"uv":[9.5625,13.875,9.3125,13.625],"rotation":0,"texture":"#0","tintindex":0}}},{"from":[8.0,10.857143,6.285714],"to":[8.0,13.714286,9.714286],"rotation":{"angle":45.0,"axis":"y","origin":[8.0,12.285715,8.0]},"faces":{"south":{"uv":[6.3125,12.875,6.3125,13.1875],"rotation":0,"texture":"#0","tintindex":0},"north":{"uv":[4.125,12.6875,4.125,13.0],"rotation":0,"texture":"#0","tintindex":0},"down":{"uv":[5.5625,14.0625,5.5625,14.4375],"rotation":0,"texture":"#0","tintindex":0},"east":{"uv":[13.25,5.0625,13.625,5.375],"rotation":0,"texture":"#0","tintindex":0},"west":{"uv":[5.75,13.25,6.125,13.5625],"rotation":0,"texture":"#0","tintindex":0},"up":{"uv":[9.25,14.375,9.25,14.0],"rotation":0,"texture":"#0","tintindex":0}}}],"textures":{"0":"modelengine:entity/zombie_santa/satana_v3"},"display":{"head":{"translation":[0.0,-6.4,0.0],"scale":[4.0,4.0,4.0]}}}