{"elements":[{"from":[8.0,12.0,6.285714],"to":[8.0,14.857143,9.714286],"rotation":{"angle":45.0,"axis":"y","origin":[8.0,13.428572,8.0]},"faces":{"south":{"uv":[8.0,8.875,8.0,9.1875],"rotation":0,"texture":"#0","tintindex":0},"north":{"uv":[4.0625,7.125,4.0625,7.4375],"rotation":0,"texture":"#0","tintindex":0},"down":{"uv":[8.0,9.6875,8.0,10.0625],"rotation":0,"texture":"#0","tintindex":0},"east":{"uv":[7.125,13.1875,7.5,13.5],"rotation":0,"texture":"#0","tintindex":0},"west":{"uv":[13.1875,7.375,13.5625,7.6875],"rotation":0,"texture":"#0","tintindex":0},"up":{"uv":[8.0,9.625,8.0,9.25],"rotation":0,"texture":"#0","tintindex":0}}},{"from":[8.0,12.0,6.285714],"to":[8.0,14.857143,9.714286],"rotation":{"angle":45.0,"axis":"y","origin":[8.0,13.428572,8.0]},"faces":{"south":{"uv":[8.0,10.125,8.0,10.4375],"rotation":0,"texture":"#0","tintindex":0},"north":{"uv":[10.125,2.8125,10.125,3.125],"rotation":0,"texture":"#0","tintindex":0},"down":{"uv":[4.5,11.4375,4.5,11.8125],"rotation":0,"texture":"#0","tintindex":0},"east":{"uv":[7.5625,13.1875,7.9375,13.5],"rotation":0,"texture":"#0","tintindex":0},"west":{"uv":[0.5625,13.25,0.9375,13.5625],"rotation":0,"texture":"#0","tintindex":0},"up":{"uv":[9.25,10.8125,9.25,10.4375],"rotation":0,"texture":"#0","tintindex":0}}},{"from":[7.108396,6.857143,7.107992],"to":[8.822682,10.857143,8.822278],"rotation":{"angle":0.0,"axis":"y","origin":[8.0,9.142858,8.0]},"faces":{"south":{"uv":[12.9375,13.375,13.125,13.8125],"rotation":0,"texture":"#0","tintindex":0},"north":{"uv":[7.1875,10.75,7.375,11.1875],"rotation":0,"texture":"#0","tintindex":0},"down":{"uv":[13.875,5.25,13.6875,5.4375],"rotation":0,"texture":"#0","tintindex":0},"east":{"uv":[0.6875,11.0,0.875,11.4375],"rotation":0,"texture":"#0","tintindex":0},"west":{"uv":[13.1875,13.375,13.375,13.8125],"rotation":0,"texture":"#0","tintindex":0},"up":{"uv":[5.25,13.875,5.0625,13.6875],"rotation":0,"texture":"#0","tintindex":0}}},{"from":[6.822682,10.857143,6.822278],"to":[9.108397,12.0,9.107992],"rotation":{"angle":0.0,"axis":"y","origin":[8.0,9.142858,8.0]},"faces":{"south":{"uv":[12.75,8.4375,13.0,8.5625],"rotation":0,"texture":"#0","tintindex":0},"north":{"uv":[8.8125,5.4375,9.0625,5.5625],"rotation":0,"texture":"#0","tintindex":0},"down":{"uv":[11.8125,7.5625,11.5625,7.8125],"rotation":0,"texture":"#0","tintindex":0},"east":{"uv":[12.5,6.1875,12.75,6.3125],"rotation":0,"texture":"#0","tintindex":0},"west":{"uv":[13.6875,5.5,13.9375,5.625],"rotation":0,"texture":"#0","tintindex":0},"up":{"uv":[2.0,11.75,1.75,11.5],"rotation":0,"texture":"#0","tintindex":0}}}],"textures":{"0":"modelengine:entity/zombie_santa/satana_v3"},"display":{"head":{"translation":[0.0,-6.4,0.0],"scale":[4.0,4.0,4.0]}}}