{"elements":[{"from":[4.0,-3.4285717,2.7142854],"to":[12.0,4.0,10.714286],"rotation":{"angle":0.0,"axis":"y","origin":[8.0,3.964086,5.5714283]},"faces":{"south":{"uv":[6.3125,3.75,7.1875,4.5625],"rotation":0,"texture":"#0","tintindex":0},"north":{"uv":[6.3125,3.75,7.1875,4.5625],"rotation":0,"texture":"#0","tintindex":0},"down":{"uv":[7.375,8.875,6.5,9.75],"rotation":0,"texture":"#0","tintindex":0},"east":{"uv":[6.3125,3.75,7.1875,4.5625],"rotation":0,"texture":"#0","tintindex":0},"west":{"uv":[6.3125,3.75,7.1875,4.5625],"rotation":0,"texture":"#0","tintindex":0},"up":{"uv":[9.6875,5.375,8.8125,4.5],"rotation":0,"texture":"#0","tintindex":0}}},{"from":[5.142857,6.5844984,6.285714],"to":[10.857143,10.01307,6.285714],"rotation":{"angle":22.5,"axis":"x","origin":[8.0,3.964086,5.285714]},"faces":{"south":{"uv":[12.3125,3.6875,12.9375,4.0625],"rotation":0,"texture":"#0","tintindex":0},"north":{"uv":[12.1875,6.375,12.8125,6.75],"rotation":0,"texture":"#0","tintindex":0},"down":{"uv":[14.625,0.875,14.0,0.875],"rotation":0,"texture":"#0","tintindex":0},"east":{"uv":[4.0625,6.6875,4.0625,7.0625],"rotation":0,"texture":"#0","tintindex":0},"west":{"uv":[4.0625,6.6875,4.0625,7.0625],"rotation":0,"texture":"#0","tintindex":0},"up":{"uv":[14.625,0.8125,14.0,0.8125],"rotation":0,"texture":"#0","tintindex":0}}},{"from":[4.0,5.927356,2.2857141],"to":[12.0,6.4987845,10.285714],"rotation":{"angle":22.5,"axis":"x","origin":[8.0,3.8783717,5.5714283]},"faces":{"south":{"uv":[13.0625,11.375,13.9375,11.4375],"rotation":0,"texture":"#0","tintindex":0},"north":{"uv":[13.0625,11.375,13.9375,11.4375],"rotation":0,"texture":"#0","tintindex":0},"down":{"uv":[7.375,8.875,6.5,9.75],"rotation":0,"texture":"#0","tintindex":0},"east":{"uv":[13.0625,11.375,13.9375,11.4375],"rotation":0,"texture":"#0","tintindex":0},"west":{"uv":[13.0625,11.375,13.9375,11.4375],"rotation":0,"texture":"#0","tintindex":0},"up":{"uv":[9.9375,0.875,9.0625,0.0],"rotation":0,"texture":"#0","tintindex":0}}},{"from":[4.5714283,4.0,3.8571424],"to":[11.428572,7.428571,10.714286],"rotation":{"angle":0.0,"axis":"y","origin":[8.0,3.964086,5.5714283]},"faces":{"south":{"uv":[12.0,4.4375,12.75,4.8125],"rotation":0,"texture":"#0","tintindex":0},"north":{"uv":[11.875,10.625,12.625,11.0],"rotation":0,"texture":"#0","tintindex":0},"down":{"uv":[6.0,10.375,5.25,11.125],"rotation":0,"texture":"#0","tintindex":0},"east":{"uv":[11.9375,8.1875,12.6875,8.5625],"rotation":0,"texture":"#0","tintindex":0},"west":{"uv":[12.0,4.875,12.75,5.25],"rotation":0,"texture":"#0","tintindex":0},"up":{"uv":[2.8125,11.0625,2.0625,10.3125],"rotation":0,"texture":"#0","tintindex":0}}},{"from":[4.285714,3.4285712,2.142857],"to":[6.0,4.5714283,3.8571424],"rotation":{"angle":0.0,"axis":"y","origin":[8.0,3.964086,5.5714283]},"faces":{"south":{"uv":[13.9375,9.8125,14.125,9.9375],"rotation":0,"texture":"#0","tintindex":0},"north":{"uv":[13.9375,3.3125,14.125,3.4375],"rotation":0,"texture":"#0","tintindex":0},"down":{"uv":[13.875,5.0,13.6875,5.1875],"rotation":0,"texture":"#0","tintindex":0},"east":{"uv":[13.9375,7.5,14.125,7.625],"rotation":0,"texture":"#0","tintindex":0},"west":{"uv":[10.0,13.9375,10.1875,14.0625],"rotation":0,"texture":"#0","tintindex":0},"up":{"uv":[13.875,3.4375,13.6875,3.25],"rotation":0,"texture":"#0","tintindex":0}}},{"from":[10.0,3.4285712,2.142857],"to":[11.714286,4.5714283,3.8571424],"rotation":{"angle":0.0,"axis":"y","origin":[8.0,3.964086,5.5714283]},"faces":{"south":{"uv":[13.9375,9.8125,14.125,9.9375],"rotation":0,"texture":"#0","tintindex":0},"north":{"uv":[13.9375,3.3125,14.125,3.4375],"rotation":0,"texture":"#0","tintindex":0},"down":{"uv":[13.875,5.0,13.6875,5.1875],"rotation":0,"texture":"#0","tintindex":0},"east":{"uv":[13.9375,7.5,14.125,7.625],"rotation":0,"texture":"#0","tintindex":0},"west":{"uv":[10.0,13.9375,10.1875,14.0625],"rotation":0,"texture":"#0","tintindex":0},"up":{"uv":[13.875,3.4375,13.6875,3.25],"rotation":0,"texture":"#0","tintindex":0}}}],"textures":{"0":"modelengine:entity/zombie_santa/satana_v3"},"display":{"head":{"translation":[0.0,-6.4,0.0],"scale":[4.0,4.0,4.0]}}}