{"elements":[{"from":[4.0,5.428571,3.0],"to":[12.0,6.0,11.0],"rotation":{"angle":22.5,"axis":"x","origin":[8.0,5.794699,6.9852486]},"faces":{"south":{"uv":[13.5,13.125,14.375,13.1875],"rotation":0,"texture":"#0","tintindex":0},"north":{"uv":[13.5,13.125,14.375,13.1875],"rotation":0,"texture":"#0","tintindex":0},"down":{"uv":[10.9375,5.4375,10.0625,6.3125],"rotation":0,"texture":"#0","tintindex":0},"east":{"uv":[13.5,13.125,14.375,13.1875],"rotation":0,"texture":"#0","tintindex":0},"west":{"uv":[13.5,13.125,14.375,13.1875],"rotation":0,"texture":"#0","tintindex":0},"up":{"uv":[0.875,10.9375,0.0,10.0625],"rotation":0,"texture":"#0","tintindex":0}}},{"from":[4.0,-9.1428585,2.5714283],"to":[12.0,4.0,10.571428],"rotation":{"angle":0.0,"axis":"y","origin":[8.0,-3.4285717,6.5714283]},"faces":{"south":{"uv":[3.125,6.6875,4.0,8.125],"rotation":0,"texture":"#0","tintindex":0},"north":{"uv":[3.125,6.6875,4.0,8.125],"rotation":0,"texture":"#0","tintindex":0},"down":{"uv":[10.9375,5.4375,10.0625,6.3125],"rotation":0,"texture":"#0","tintindex":0},"east":{"uv":[3.125,6.6875,4.0,8.125],"rotation":0,"texture":"#0","tintindex":0},"west":{"uv":[3.125,6.6875,4.0,8.125],"rotation":0,"texture":"#0","tintindex":0},"up":{"uv":[0.875,10.9375,0.0,10.0625],"rotation":0,"texture":"#0","tintindex":0}}},{"from":[5.142857,6.5714283,6.285714],"to":[10.857143,10.0,6.285714],"rotation":{"angle":22.5,"axis":"x","origin":[8.0,3.964086,5.428571]},"faces":{"south":{"uv":[12.5,7.5625,13.125,7.9375],"rotation":0,"texture":"#0","tintindex":0},"north":{"uv":[12.5,7.5625,13.125,7.9375],"rotation":0,"texture":"#0","tintindex":0},"down":{"uv":[14.6875,9.5,14.0625,9.5],"rotation":0,"texture":"#0","tintindex":0},"east":{"uv":[14.125,8.75,14.125,9.125],"rotation":0,"texture":"#0","tintindex":0},"west":{"uv":[14.125,8.75,14.125,9.125],"rotation":0,"texture":"#0","tintindex":0},"up":{"uv":[14.6875,9.5,14.0625,9.5],"rotation":0,"texture":"#0","tintindex":0}}},{"from":[4.285714,3.4285712,2.142857],"to":[6.0,4.5714283,3.8571424],"rotation":{"angle":0.0,"axis":"y","origin":[8.0,3.964086,5.428571]},"faces":{"south":{"uv":[13.9375,9.8125,14.125,9.9375],"rotation":0,"texture":"#0","tintindex":0},"north":{"uv":[13.9375,3.3125,14.125,3.4375],"rotation":0,"texture":"#0","tintindex":0},"down":{"uv":[13.875,5.0,13.6875,5.1875],"rotation":0,"texture":"#0","tintindex":0},"east":{"uv":[13.9375,7.5,14.125,7.625],"rotation":0,"texture":"#0","tintindex":0},"west":{"uv":[10.0,13.9375,10.1875,14.0625],"rotation":0,"texture":"#0","tintindex":0},"up":{"uv":[13.875,3.4375,13.6875,3.25],"rotation":0,"texture":"#0","tintindex":0}}},{"from":[10.0,3.4285712,2.142857],"to":[11.714286,4.5714283,3.8571424],"rotation":{"angle":0.0,"axis":"y","origin":[8.0,3.964086,5.428571]},"faces":{"south":{"uv":[13.9375,9.8125,14.125,9.9375],"rotation":0,"texture":"#0","tintindex":0},"north":{"uv":[13.9375,3.3125,14.125,3.4375],"rotation":0,"texture":"#0","tintindex":0},"down":{"uv":[13.875,5.0,13.6875,5.1875],"rotation":0,"texture":"#0","tintindex":0},"east":{"uv":[13.9375,7.5,14.125,7.625],"rotation":0,"texture":"#0","tintindex":0},"west":{"uv":[10.0,13.9375,10.1875,14.0625],"rotation":0,"texture":"#0","tintindex":0},"up":{"uv":[13.875,3.4375,13.6875,3.25],"rotation":0,"texture":"#0","tintindex":0}}},{"from":[4.5714283,4.0,3.8571424],"to":[11.428572,7.428571,10.714286],"rotation":{"angle":0.0,"axis":"y","origin":[8.0,3.964086,5.428571]},"faces":{"south":{"uv":[12.0,4.4375,12.75,4.8125],"rotation":0,"texture":"#0","tintindex":0},"north":{"uv":[11.875,10.625,12.625,11.0],"rotation":0,"texture":"#0","tintindex":0},"down":{"uv":[6.0,10.375,5.25,11.125],"rotation":0,"texture":"#0","tintindex":0},"east":{"uv":[11.9375,8.1875,12.6875,8.5625],"rotation":0,"texture":"#0","tintindex":0},"west":{"uv":[12.0,4.875,12.75,5.25],"rotation":0,"texture":"#0","tintindex":0},"up":{"uv":[2.8125,11.0625,2.0625,10.3125],"rotation":0,"texture":"#0","tintindex":0}}}],"textures":{"0":"modelengine:entity/zombie_santa/satana_v3"},"display":{"head":{"translation":[0.0,-6.4,0.0],"scale":[4.0,4.0,4.0]}}}