{"elements":[{"from":[6.2285714,2.514285,1.9428568],"to":[17.2,7.2,14.057143],"rotation":{"angle":0.0,"axis":"y","origin":[8.0,8.0,8.0]},"faces":{"south":{"uv":[10.6875,10.625,11.8125,11.0625],"rotation":0,"texture":"#0","tintindex":0},"north":{"uv":[10.6875,10.125,11.8125,10.5625],"rotation":0,"texture":"#0","tintindex":0},"down":{"uv":[6.4375,6.375,5.3125,7.625],"rotation":0,"texture":"#0","tintindex":0},"east":{"uv":[10.25,9.625,11.5,10.0625],"rotation":0,"texture":"#0","tintindex":0},"west":{"uv":[10.6875,4.5,11.9375,4.9375],"rotation":0,"texture":"#0","tintindex":0},"up":{"uv":[5.25,7.625,4.125,6.375],"rotation":0,"texture":"#0","tintindex":0}}},{"from":[7.714286,6.857143,3.4285712],"to":[15.714286,9.714286,12.571428],"rotation":{"angle":0.0,"axis":"y","origin":[8.0,8.0,8.0]},"faces":{"south":{"uv":[12.1875,0.375,13.0625,0.6875],"rotation":0,"texture":"#0","tintindex":0},"north":{"uv":[8.75,12.0625,9.625,12.375],"rotation":0,"texture":"#0","tintindex":0},"down":{"uv":[9.25,8.4375,8.375,9.4375],"rotation":0,"texture":"#0","tintindex":0},"east":{"uv":[9.0625,2.8125,10.0625,3.125],"rotation":0,"texture":"#0","tintindex":0},"west":{"uv":[7.1875,11.25,8.1875,11.5625],"rotation":0,"texture":"#0","tintindex":0},"up":{"uv":[9.25,8.375,8.375,7.375],"rotation":0,"texture":"#0","tintindex":0}}},{"from":[3.142857,9.714286,6.285714],"to":[14.571428,12.571428,9.714286],"rotation":{"angle":0.0,"axis":"y","origin":[8.0,8.0,8.0]},"faces":{"south":{"uv":[11.0,3.75,12.25,4.0625],"rotation":0,"texture":"#0","tintindex":0},"north":{"uv":[11.0,3.375,12.25,3.6875],"rotation":0,"texture":"#0","tintindex":0},"down":{"uv":[12.125,6.375,10.875,6.75],"rotation":0,"texture":"#0","tintindex":0},"east":{"uv":[13.1875,5.6875,13.5625,6.0],"rotation":0,"texture":"#0","tintindex":0},"west":{"uv":[6.6875,13.1875,7.0625,13.5],"rotation":0,"texture":"#0","tintindex":0},"up":{"uv":[11.9375,5.375,10.6875,5.0],"rotation":0,"texture":"#0","tintindex":0}}},{"from":[2.228571,7.6571426,5.3714285],"to":[6.342857,11.771429,10.6285715],"rotation":{"angle":0.0,"axis":"y","origin":[8.0,8.0,8.0]},"faces":{"south":{"uv":[10.625,13.0,11.0,13.375],"rotation":0,"texture":"#0","tintindex":0},"north":{"uv":[10.1875,13.0,10.5625,13.375],"rotation":0,"texture":"#0","tintindex":0},"down":{"uv":[12.4375,12.75,12.0625,13.25],"rotation":0,"texture":"#0","tintindex":0},"east":{"uv":[4.1875,12.625,4.6875,13.0],"rotation":0,"texture":"#0","tintindex":0},"west":{"uv":[12.75,8.0,13.25,8.375],"rotation":0,"texture":"#0","tintindex":0},"up":{"uv":[4.0,8.6875,3.625,8.1875],"rotation":0,"texture":"#0","tintindex":0}}}],"textures":{"0":"modelengine:entity/zombie_santa/satana_v3"},"display":{"head":{"translation":[0.0,-6.4,0.0],"scale":[4.0,4.0,4.0]}}}