{"elements":[{"from":[4.714286,-1.5714293,5.142857],"to":[9.285714,-1.5714293,10.857143],"rotation":{"angle":0.0,"axis":"y","origin":[5.285714,9.857143,5.142857]},"faces":{"south":{"uv":[10.9375,2.75,11.4375,2.75],"rotation":0,"texture":"#0","tintindex":0},"north":{"uv":[7.25,6.3125,7.75,6.3125],"rotation":0,"texture":"#0","tintindex":0},"down":{"uv":[8.75,11.25,8.25,11.875],"rotation":0,"texture":"#0","tintindex":0},"east":{"uv":[11.0,4.4375,11.625,4.4375],"rotation":0,"texture":"#0","tintindex":0},"west":{"uv":[12.875,6.75,13.5,6.75],"rotation":0,"texture":"#0","tintindex":0},"up":{"uv":[5.75,11.8125,5.25,11.1875],"rotation":0,"texture":"#0","tintindex":0}}},{"from":[4.714286,-9.0,5.714286],"to":[9.285714,-3.8571434,10.285714],"rotation":{"angle":0.0,"axis":"y","origin":[6.428571,-5.000001,6.285714]},"faces":{"south":{"uv":[5.125,11.875,5.625,12.4375],"rotation":0,"texture":"#0","tintindex":0},"north":{"uv":[0.5625,11.875,1.0625,12.4375],"rotation":0,"texture":"#0","tintindex":0},"down":{"uv":[3.375,12.25,2.875,12.75],"rotation":0,"texture":"#0","tintindex":0},"east":{"uv":[1.125,11.875,1.625,12.4375],"rotation":0,"texture":"#0","tintindex":0},"west":{"uv":[11.875,10.0,12.375,10.5625],"rotation":0,"texture":"#0","tintindex":0},"up":{"uv":[4.125,12.625,3.625,12.125],"rotation":0,"texture":"#0","tintindex":0}}},{"from":[4.714286,-1.0,5.142857],"to":[9.285714,1.8571424,10.857143],"rotation":{"angle":0.0,"axis":"y","origin":[5.285714,7.5714283,5.142857]},"faces":{"south":{"uv":[12.875,11.6875,13.375,12.0],"rotation":0,"texture":"#0","tintindex":0},"north":{"uv":[8.75,12.875,9.25,13.1875],"rotation":0,"texture":"#0","tintindex":0},"down":{"uv":[5.0625,11.3125,4.5625,11.9375],"rotation":0,"texture":"#0","tintindex":0},"east":{"uv":[12.5,0.0,13.125,0.3125],"rotation":0,"texture":"#0","tintindex":0},"west":{"uv":[12.5625,5.3125,13.1875,5.625],"rotation":0,"texture":"#0","tintindex":0},"up":{"uv":[11.75,11.75,11.25,11.125],"rotation":0,"texture":"#0","tintindex":0}}},{"from":[4.3714285,-4.200001,4.8],"to":[9.6285715,-0.65714264,11.2],"rotation":{"angle":0.0,"axis":"y","origin":[5.285714,7.5714283,5.142857]},"faces":{"south":{"uv":[0.0,12.9375,0.5,13.25],"rotation":0,"texture":"#0","tintindex":0},"north":{"uv":[12.875,12.0625,13.375,12.375],"rotation":0,"texture":"#0","tintindex":0},"down":{"uv":[9.875,11.375,9.375,12.0],"rotation":0,"texture":"#0","tintindex":0},"east":{"uv":[8.0625,12.5625,8.6875,12.875],"rotation":0,"texture":"#0","tintindex":0},"west":{"uv":[9.4375,12.5625,10.0625,12.875],"rotation":0,"texture":"#0","tintindex":0},"up":{"uv":[9.3125,12.0,8.8125,11.375],"rotation":0,"texture":"#0","tintindex":0}}},{"from":[4.3714285,6.6571426,4.8],"to":[9.6285715,11.342857,11.2],"rotation":{"angle":0.0,"axis":"y","origin":[5.285714,9.857143,5.142857]},"faces":{"south":{"uv":[10.9375,12.5,11.4375,12.9375],"rotation":0,"texture":"#0","tintindex":0},"north":{"uv":[10.375,12.5,10.875,12.9375],"rotation":0,"texture":"#0","tintindex":0},"down":{"uv":[4.125,11.4375,3.625,12.0625],"rotation":0,"texture":"#0","tintindex":0},"east":{"uv":[9.6875,12.0625,10.3125,12.5],"rotation":0,"texture":"#0","tintindex":0},"west":{"uv":[12.1875,1.5,12.8125,1.9375],"rotation":0,"texture":"#0","tintindex":0},"up":{"uv":[10.4375,12.0,9.9375,11.375],"rotation":0,"texture":"#0","tintindex":0}}},{"from":[4.714286,4.142857,5.142857],"to":[9.285714,7.0,10.857143],"rotation":{"angle":0.0,"axis":"y","origin":[5.285714,9.857143,5.142857]},"faces":{"south":{"uv":[4.75,12.9375,5.25,13.25],"rotation":0,"texture":"#0","tintindex":0},"north":{"uv":[12.9375,1.8125,13.4375,2.125],"rotation":0,"texture":"#0","tintindex":0},"down":{"uv":[11.5625,11.8125,11.0625,12.4375],"rotation":0,"texture":"#0","tintindex":0},"east":{"uv":[12.625,7.0,13.25,7.3125],"rotation":0,"texture":"#0","tintindex":0},"west":{"uv":[12.625,9.5,13.25,9.8125],"rotation":0,"texture":"#0","tintindex":0},"up":{"uv":[11.0,12.4375,10.5,11.8125],"rotation":0,"texture":"#0","tintindex":0}}},{"from":[7.0,1.8571424,6.285714],"to":[8.142858,4.142857,7.428571],"rotation":{"angle":0.0,"axis":"y","origin":[7.5714283,1.8571424,6.857143]},"faces":{"south":{"uv":[13.3125,8.125,13.4375,8.375],"rotation":0,"texture":"#0","tintindex":0},"north":{"uv":[10.5,11.375,10.625,11.625],"rotation":0,"texture":"#0","tintindex":0},"down":{"uv":[14.0625,13.4375,13.9375,13.5625],"rotation":0,"texture":"#0","tintindex":0},"east":{"uv":[3.4375,12.25,3.5625,12.5],"rotation":0,"texture":"#0","tintindex":0},"west":{"uv":[13.3125,12.75,13.4375,13.0],"rotation":0,"texture":"#0","tintindex":0},"up":{"uv":[14.0625,13.375,13.9375,13.25],"rotation":0,"texture":"#0","tintindex":0}}},{"from":[5.285714,1.8571424,7.428571],"to":[6.428571,4.142857,8.571428],"rotation":{"angle":0.0,"axis":"y","origin":[5.8571424,1.8571424,8.0]},"faces":{"south":{"uv":[13.8125,3.9375,13.9375,4.1875],"rotation":0,"texture":"#0","tintindex":0},"north":{"uv":[12.25,13.6875,12.375,13.9375],"rotation":0,"texture":"#0","tintindex":0},"down":{"uv":[14.0625,13.8125,13.9375,13.9375],"rotation":0,"texture":"#0","tintindex":0},"east":{"uv":[13.8125,2.6875,13.9375,2.9375],"rotation":0,"texture":"#0","tintindex":0},"west":{"uv":[13.8125,6.5,13.9375,6.75],"rotation":0,"texture":"#0","tintindex":0},"up":{"uv":[14.0625,13.75,13.9375,13.625],"rotation":0,"texture":"#0","tintindex":0}}},{"from":[7.0,1.8571424,9.142858],"to":[8.142858,4.142857,10.285714],"rotation":{"angle":0.0,"axis":"y","origin":[7.5714283,1.8571424,9.714286]},"faces":{"south":{"uv":[13.8125,10.375,13.9375,10.625],"rotation":0,"texture":"#0","tintindex":0},"north":{"uv":[13.8125,8.4375,13.9375,8.6875],"rotation":0,"texture":"#0","tintindex":0},"down":{"uv":[14.125,0.0,14.0,0.125],"rotation":0,"texture":"#0","tintindex":0},"east":{"uv":[13.8125,10.0625,13.9375,10.3125],"rotation":0,"texture":"#0","tintindex":0},"west":{"uv":[13.8125,12.75,13.9375,13.0],"rotation":0,"texture":"#0","tintindex":0},"up":{"uv":[0.125,14.125,0.0,14.0],"rotation":0,"texture":"#0","tintindex":0}}}],"textures":{"0":"modelengine:entity/zombie_santa/satana_v3"},"display":{"head":{"translation":[0.0,-6.4,0.0],"scale":[4.0,4.0,4.0]}}}