{"elements":[{"from":[6.8573446,4.285714,5.7631044],"to":[9.143059,5.428571,9.191676],"rotation":{"angle":0.0,"axis":"y","origin":[9.428572,10.571428,6.857143]},"faces":{"south":{"uv":[7.625,5.125,8.125,5.375],"rotation":0,"texture":"#0","tintindex":0},"north":{"uv":[7.625,4.75,8.125,5.0],"rotation":0,"texture":"#0","tintindex":0},"down":{"uv":[2.625,5.75,2.125,6.5],"rotation":0,"texture":"#0","tintindex":0},"east":{"uv":[7.0,5.625,7.75,5.875],"rotation":0,"texture":"#0","tintindex":0},"west":{"uv":[7.125,2.0,7.875,2.25],"rotation":0,"texture":"#0","tintindex":0},"up":{"uv":[2.0,6.375,1.5,5.625],"rotation":0,"texture":"#0","tintindex":0}}},{"from":[6.8573446,5.428571,6.9059615],"to":[9.143059,6.0,9.191676],"rotation":{"angle":0.0,"axis":"y","origin":[9.428572,10.571428,6.857143]},"faces":{"south":{"uv":[8.0,4.375,8.5,4.5],"rotation":0,"texture":"#0","tintindex":0},"north":{"uv":[4.875,3.125,5.375,3.25],"rotation":0,"texture":"#0","tintindex":0},"down":{"uv":[1.75,6.5,1.25,7.0],"rotation":0,"texture":"#0","tintindex":0},"east":{"uv":[6.75,0.625,7.25,0.75],"rotation":0,"texture":"#0","tintindex":0},"west":{"uv":[5.25,8.0,5.75,8.125],"rotation":0,"texture":"#0","tintindex":0},"up":{"uv":[1.125,6.875,0.625,6.375],"rotation":0,"texture":"#0","tintindex":0}}},{"from":[6.5716305,6.0,6.6202474],"to":[9.428774,7.142857,9.47739],"rotation":{"angle":0.0,"axis":"y","origin":[9.428572,10.571428,6.857143]},"faces":{"south":{"uv":[7.375,0.0,8.0,0.25],"rotation":0,"texture":"#0","tintindex":0},"north":{"uv":[7.25,4.0,7.875,4.25],"rotation":0,"texture":"#0","tintindex":0},"down":{"uv":[6.125,5.5,5.5,6.125],"rotation":0,"texture":"#0","tintindex":0},"east":{"uv":[7.25,4.375,7.875,4.625],"rotation":0,"texture":"#0","tintindex":0},"west":{"uv":[7.375,0.375,8.0,0.625],"rotation":0,"texture":"#0","tintindex":0},"up":{"uv":[5.375,6.125,4.75,5.5],"rotation":0,"texture":"#0","tintindex":0}}},{"from":[7.1430593,6.857143,7.191676],"to":[8.857345,8.0,8.905962],"rotation":{"angle":0.0,"axis":"y","origin":[9.428572,10.285714,6.857143]},"faces":{"south":{"uv":[7.75,2.75,8.125,3.0],"rotation":0,"texture":"#0","tintindex":0},"north":{"uv":[7.625,6.875,8.0,7.125],"rotation":0,"texture":"#0","tintindex":0},"down":{"uv":[8.0,1.5,7.625,1.875],"rotation":0,"texture":"#0","tintindex":0},"east":{"uv":[7.75,2.375,8.125,2.625],"rotation":0,"texture":"#0","tintindex":0},"west":{"uv":[7.75,3.125,8.125,3.375],"rotation":0,"texture":"#0","tintindex":0},"up":{"uv":[5.75,7.875,5.375,7.5],"rotation":0,"texture":"#0","tintindex":0}}},{"from":[6.742857,4.742857,5.028571],"to":[8.114285,5.542857,6.4],"rotation":{"angle":0.0,"axis":"y","origin":[6.857143,4.8571424,5.142857]},"faces":{"south":{"uv":[7.25,4.75,7.5,4.875],"rotation":0,"texture":"#0","tintindex":0},"north":{"uv":[4.5,4.25,4.75,4.375],"rotation":0,"texture":"#0","tintindex":0},"down":{"uv":[8.625,5.25,8.375,5.5],"rotation":0,"texture":"#0","tintindex":0},"east":{"uv":[4.0,6.375,4.25,6.5],"rotation":0,"texture":"#0","tintindex":0},"west":{"uv":[8.75,5.25,9.0,5.375],"rotation":0,"texture":"#0","tintindex":0},"up":{"uv":[1.875,8.625,1.625,8.375],"rotation":0,"texture":"#0","tintindex":0}}},{"from":[8.457143,4.742857,5.028571],"to":[9.257143,5.542857,6.4],"rotation":{"angle":0.0,"axis":"y","origin":[8.0,4.8571424,5.142857]},"faces":{"south":{"uv":[8.875,8.125,9.0,8.25],"rotation":0,"texture":"#0","tintindex":0},"north":{"uv":[8.125,8.875,8.25,9.0],"rotation":0,"texture":"#0","tintindex":0},"down":{"uv":[6.25,8.75,6.125,9.0],"rotation":0,"texture":"#0","tintindex":0},"east":{"uv":[8.75,5.5,9.0,5.625],"rotation":0,"texture":"#0","tintindex":0},"west":{"uv":[8.75,5.75,9.0,5.875],"rotation":0,"texture":"#0","tintindex":0},"up":{"uv":[8.875,6.25,8.75,6.0],"rotation":0,"texture":"#0","tintindex":0}}}],"textures":{"0":"modelengine:entity/goblins/goblin_1"},"display":{"head":{"translation":[0.0,-6.4,0.0],"scale":[4.0,4.0,4.0]}}}