{"elements":[{"from":[7.428571,5.142857,5.142857],"to":[8.0,10.857143,10.857143],"rotation":{"angle":0.0,"axis":"y","origin":[7.428571,5.142857,10.857143]},"faces":{"south":{"uv":[7.375,6.0,7.5,7.25],"rotation":0,"texture":"#0","tintindex":0},"north":{"uv":[4.125,7.25,4.25,8.5],"rotation":0,"texture":"#0","tintindex":0},"down":{"uv":[7.0,7.375,6.875,8.625],"rotation":0,"texture":"#0","tintindex":0},"east":{"uv":[0.0,0.0,1.25,1.25],"rotation":0,"texture":"#0","tintindex":0},"west":{"uv":[0.0,1.375,1.25,2.625],"rotation":0,"texture":"#0","tintindex":0},"up":{"uv":[6.75,8.625,6.625,7.375],"rotation":0,"texture":"#0","tintindex":0}}},{"from":[7.142857,9.142858,5.714286],"to":[7.714286,10.285714,6.857143],"rotation":{"angle":0.0,"axis":"y","origin":[7.142857,9.142858,5.714286]},"faces":{"south":{"uv":[5.375,8.625,5.5,8.875],"rotation":0,"texture":"#0","tintindex":0},"north":{"uv":[8.625,4.875,8.75,5.125],"rotation":0,"texture":"#0","tintindex":0},"down":{"uv":[6.0,8.625,5.875,8.875],"rotation":0,"texture":"#0","tintindex":0},"east":{"uv":[0.0,8.25,0.25,8.5],"rotation":0,"texture":"#0","tintindex":0},"west":{"uv":[1.25,8.25,1.5,8.5],"rotation":0,"texture":"#0","tintindex":0},"up":{"uv":[5.75,8.875,5.625,8.625],"rotation":0,"texture":"#0","tintindex":0}}},{"from":[7.142857,9.142858,9.142858],"to":[7.714286,10.285714,10.285714],"rotation":{"angle":0.0,"axis":"y","origin":[7.142857,9.142858,9.142858]},"faces":{"south":{"uv":[8.625,7.125,8.75,7.375],"rotation":0,"texture":"#0","tintindex":0},"north":{"uv":[8.625,6.5,8.75,6.75],"rotation":0,"texture":"#0","tintindex":0},"down":{"uv":[8.75,8.5,8.625,8.75],"rotation":0,"texture":"#0","tintindex":0},"east":{"uv":[2.875,8.25,3.125,8.5],"rotation":0,"texture":"#0","tintindex":0},"west":{"uv":[3.625,8.25,3.875,8.5],"rotation":0,"texture":"#0","tintindex":0},"up":{"uv":[8.75,8.375,8.625,8.125],"rotation":0,"texture":"#0","tintindex":0}}},{"from":[7.142857,5.714286,5.714286],"to":[7.714286,6.857143,6.857143],"rotation":{"angle":0.0,"axis":"y","origin":[7.142857,5.714286,5.714286]},"faces":{"south":{"uv":[0.25,8.75,0.375,9.0],"rotation":0,"texture":"#0","tintindex":0},"north":{"uv":[8.75,0.0,8.875,0.25],"rotation":0,"texture":"#0","tintindex":0},"down":{"uv":[0.625,8.75,0.5,9.0],"rotation":0,"texture":"#0","tintindex":0},"east":{"uv":[8.25,4.875,8.5,5.125],"rotation":0,"texture":"#0","tintindex":0},"west":{"uv":[5.375,8.25,5.625,8.5],"rotation":0,"texture":"#0","tintindex":0},"up":{"uv":[8.875,0.625,8.75,0.375],"rotation":0,"texture":"#0","tintindex":0}}},{"from":[7.142857,5.714286,9.142858],"to":[7.714286,6.857143,10.285714],"rotation":{"angle":0.0,"axis":"y","origin":[7.142857,5.714286,9.142858]},"faces":{"south":{"uv":[8.75,1.125,8.875,1.375],"rotation":0,"texture":"#0","tintindex":0},"north":{"uv":[8.75,0.75,8.875,1.0],"rotation":0,"texture":"#0","tintindex":0},"down":{"uv":[8.875,1.5,8.75,1.75],"rotation":0,"texture":"#0","tintindex":0},"east":{"uv":[8.25,6.5,8.5,6.75],"rotation":0,"texture":"#0","tintindex":0},"west":{"uv":[0.375,8.375,0.625,8.625],"rotation":0,"texture":"#0","tintindex":0},"up":{"uv":[1.625,9.0,1.5,8.75],"rotation":0,"texture":"#0","tintindex":0}}},{"from":[6.857143,7.428571,7.428571],"to":[7.428571,8.571428,8.571428],"rotation":{"angle":0.0,"axis":"y","origin":[6.857143,7.428571,7.428571]},"faces":{"south":{"uv":[8.75,1.875,8.875,2.125],"rotation":0,"texture":"#0","tintindex":0},"north":{"uv":[1.75,8.75,1.875,9.0],"rotation":0,"texture":"#0","tintindex":0},"down":{"uv":[8.875,3.75,8.75,4.0],"rotation":0,"texture":"#0","tintindex":0},"east":{"uv":[8.375,0.75,8.625,1.0],"rotation":0,"texture":"#0","tintindex":0},"west":{"uv":[8.375,1.125,8.625,1.375],"rotation":0,"texture":"#0","tintindex":0},"up":{"uv":[8.875,3.625,8.75,3.375],"rotation":0,"texture":"#0","tintindex":0}}}],"textures":{"0":"modelengine:entity/goblins/goblin_1"},"display":{"head":{"translation":[0.0,-6.4,0.0],"scale":[4.0,4.0,4.0]}}}