{"elements":[{"from":[4.0,3.4642854,-0.035715103],"to":[12.0,5.75,7.964286],"rotation":{"angle":0.0,"axis":"y","origin":[8.0,-14.82143,9.678572]},"faces":{"south":{"uv":[9.09375,7.90625,9.53125,8.03125],"rotation":0,"texture":"#0","tintindex":0},"north":{"uv":[9.09375,7.59375,9.53125,7.71875],"rotation":0,"texture":"#0","tintindex":0},"down":{"uv":[8.5625,3.03125,8.125,3.46875],"rotation":0,"texture":"#0","tintindex":0},"east":{"uv":[9.09375,7.75,9.53125,7.875],"rotation":0,"texture":"#0","tintindex":0},"west":{"uv":[5.28125,9.125,5.71875,9.25],"rotation":0,"texture":"#0","tintindex":0},"up":{"uv":[3.25,8.5625,2.8125,8.125],"rotation":0,"texture":"#0","tintindex":0}}},{"from":[4.5714283,12.607143,0.53571415],"to":[11.428572,16.035715,7.392857],"rotation":{"angle":0.0,"axis":"y","origin":[8.0,-14.82143,9.678572]},"faces":{"south":{"uv":[4.5,9.09375,4.875,9.28125],"rotation":0,"texture":"#0","tintindex":0},"north":{"uv":[8.9375,9.0625,9.3125,9.25],"rotation":0,"texture":"#0","tintindex":0},"down":{"uv":[8.625,5.90625,8.25,6.28125],"rotation":0,"texture":"#0","tintindex":0},"east":{"uv":[0.3125,9.09375,0.6875,9.28125],"rotation":0,"texture":"#0","tintindex":0},"west":{"uv":[9.09375,5.25,9.46875,5.4375],"rotation":0,"texture":"#0","tintindex":0},"up":{"uv":[8.625,4.84375,8.25,4.46875],"rotation":0,"texture":"#0","tintindex":0}}},{"from":[5.142857,11.464286,-0.6071434],"to":[10.857143,13.75,1.1071424],"rotation":{"angle":0.0,"axis":"y","origin":[4.5714283,5.178571,0.53571415]},"faces":{"south":{"uv":[9.21875,2.40625,9.53125,2.53125],"rotation":0,"texture":"#0","tintindex":0},"north":{"uv":[7.59375,2.09375,7.90625,2.21875],"rotation":0,"texture":"#0","tintindex":0},"down":{"uv":[0.90625,9.4375,0.59375,9.53125],"rotation":0,"texture":"#0","tintindex":0},"east":{"uv":[3.625,9.65625,3.71875,9.78125],"rotation":0,"texture":"#0","tintindex":0},"west":{"uv":[3.75,9.65625,3.84375,9.78125],"rotation":0,"texture":"#0","tintindex":0},"up":{"uv":[0.5625,9.53125,0.25,9.4375],"rotation":0,"texture":"#0","tintindex":0}}},{"from":[4.5714283,10.321428,-0.6071434],"to":[11.428572,11.464286,1.1071424],"rotation":{"angle":0.0,"axis":"y","origin":[4.5714283,5.178571,0.53571415]},"faces":{"south":{"uv":[9.34375,8.59375,9.71875,8.65625],"rotation":0,"texture":"#0","tintindex":0},"north":{"uv":[9.1875,6.09375,9.5625,6.15625],"rotation":0,"texture":"#0","tintindex":0},"down":{"uv":[9.75,6.6875,9.375,6.78125],"rotation":0,"texture":"#0","tintindex":0},"east":{"uv":[7.375,4.46875,7.46875,4.53125],"rotation":0,"texture":"#0","tintindex":0},"west":{"uv":[8.25,4.875,8.34375,4.9375],"rotation":0,"texture":"#0","tintindex":0},"up":{"uv":[9.75,1.875,9.375,1.78125],"rotation":0,"texture":"#0","tintindex":0}}},{"from":[6.285714,8.607142,-0.6071434],"to":[9.714286,10.321428,1.1071424],"rotation":{"angle":0.0,"axis":"y","origin":[4.5714283,5.178571,0.53571415]},"faces":{"south":{"uv":[9.53125,6.1875,9.71875,6.28125],"rotation":0,"texture":"#0","tintindex":0},"north":{"uv":[8.9375,4.25,9.125,4.34375],"rotation":0,"texture":"#0","tintindex":0},"down":{"uv":[2.375,9.5625,2.1875,9.65625],"rotation":0,"texture":"#0","tintindex":0},"east":{"uv":[9.6875,9.53125,9.78125,9.625],"rotation":0,"texture":"#0","tintindex":0},"west":{"uv":[9.6875,9.65625,9.78125,9.75],"rotation":0,"texture":"#0","tintindex":0},"up":{"uv":[9.75,1.71875,9.5625,1.625],"rotation":0,"texture":"#0","tintindex":0}}},{"from":[5.714286,4.6071424,-0.6071434],"to":[10.285714,6.3214283,1.1071424],"rotation":{"angle":0.0,"axis":"y","origin":[4.5714283,5.178571,0.53571415]},"faces":{"south":{"uv":[9.46875,8.0625,9.71875,8.15625],"rotation":0,"texture":"#0","tintindex":0},"north":{"uv":[9.46875,2.28125,9.71875,2.375],"rotation":0,"texture":"#0","tintindex":0},"down":{"uv":[9.75,0.125,9.5,0.21875],"rotation":0,"texture":"#0","tintindex":0},"east":{"uv":[9.71875,0.25,9.8125,0.34375],"rotation":0,"texture":"#0","tintindex":0},"west":{"uv":[0.875,9.71875,0.96875,9.8125],"rotation":0,"texture":"#0","tintindex":0},"up":{"uv":[9.75,0.09375,9.5,0.0],"rotation":0,"texture":"#0","tintindex":0}}},{"from":[4.0,10.892858,-0.035715103],"to":[12.0,13.178572,7.964286],"rotation":{"angle":0.0,"axis":"y","origin":[8.0,-14.82143,9.678572]},"faces":{"south":{"uv":[9.15625,4.40625,9.59375,4.53125],"rotation":0,"texture":"#0","tintindex":0},"north":{"uv":[5.75,9.125,6.1875,9.25],"rotation":0,"texture":"#0","tintindex":0},"down":{"uv":[8.5625,6.375,8.125,6.8125],"rotation":0,"texture":"#0","tintindex":0},"east":{"uv":[9.15625,4.25,9.59375,4.375],"rotation":0,"texture":"#0","tintindex":0},"west":{"uv":[9.15625,4.5625,9.59375,4.6875],"rotation":0,"texture":"#0","tintindex":0},"up":{"uv":[8.5625,3.9375,8.125,3.5],"rotation":0,"texture":"#0","tintindex":0}}},{"from":[4.0,5.75,2.8214283],"to":[12.0,10.892858,7.964286],"rotation":{"angle":0.0,"axis":"y","origin":[8.0,-14.82143,9.678572]},"faces":{"south":{"uv":[8.4375,1.9375,8.875,2.21875],"rotation":0,"texture":"#0","tintindex":0},"north":{"uv":[8.28125,0.53125,8.71875,0.8125],"rotation":0,"texture":"#0","tintindex":0},"down":{"uv":[8.875,2.5625,8.4375,2.84375],"rotation":0,"texture":"#0","tintindex":0},"east":{"uv":[8.875,1.21875,9.15625,1.5],"rotation":0,"texture":"#0","tintindex":0},"west":{"uv":[3.09375,8.875,3.375,9.15625],"rotation":0,"texture":"#0","tintindex":0},"up":{"uv":[8.875,2.53125,8.4375,2.25],"rotation":0,"texture":"#0","tintindex":0}}}],"textures":{"0":"modelengine:entity/orc"},"display":{"head":{"translation":[0.0,-6.4,0.0],"scale":[4.0,4.0,4.0]}}}