{"elements":[{"from":[3.3173141,-0.47521782,3.4299998],"to":[12.460172,8.096211,12.572857],"rotation":{"angle":0.0,"axis":"y","origin":[8.003029,7.778611,8.001429]},"faces":{"south":{"uv":[7.75,0.0,8.25,0.46875],"rotation":0,"texture":"#0","tintindex":0},"north":{"uv":[7.65625,7.6875,8.15625,8.15625],"rotation":0,"texture":"#0","tintindex":0},"down":{"uv":[1.78125,7.625,1.28125,8.125],"rotation":0,"texture":"#0","tintindex":0},"east":{"uv":[0.0,7.75,0.5,8.21875],"rotation":0,"texture":"#0","tintindex":0},"west":{"uv":[7.75,0.5,8.25,0.96875],"rotation":0,"texture":"#0","tintindex":0},"up":{"uv":[1.25,8.125,0.75,7.625],"rotation":0,"texture":"#0","tintindex":0}}},{"from":[13.338657,-0.20836067,3.4442854],"to":[19.76723,6.2202115,12.530001],"rotation":{"angle":-45.0,"axis":"z","origin":[8.0316,11.692892,7.987143]},"faces":{"south":{"uv":[7.75,1.0,8.09375,1.34375],"rotation":0,"texture":"#0","tintindex":0},"north":{"uv":[6.8125,5.34375,7.15625,5.6875],"rotation":0,"texture":"#0","tintindex":0},"down":{"uv":[8.5625,4.96875,8.21875,5.46875],"rotation":0,"texture":"#0","tintindex":0},"east":{"uv":[6.84375,4.125,7.34375,4.46875],"rotation":0,"texture":"#0","tintindex":0},"west":{"uv":[7.8125,8.1875,8.3125,8.53125],"rotation":0,"texture":"#0","tintindex":0},"up":{"uv":[4.9375,8.71875,4.59375,8.21875],"rotation":0,"texture":"#0","tintindex":0}}},{"from":[5.8847713,-9.0606,4.572857],"to":[9.884771,-2.2034578,8.572857],"rotation":{"angle":0.0,"axis":"y","origin":[9.313343,-3.3463154,2.2871423]},"faces":{"south":{"uv":[1.78125,8.78125,2.0,9.15625],"rotation":0,"texture":"#0","tintindex":0},"north":{"uv":[7.28125,8.75,7.5,9.125],"rotation":0,"texture":"#0","tintindex":0},"down":{"uv":[6.4375,9.125,6.21875,9.34375],"rotation":0,"texture":"#0","tintindex":0},"east":{"uv":[7.53125,8.75,7.75,9.125],"rotation":0,"texture":"#0","tintindex":0},"west":{"uv":[2.03125,8.78125,2.25,9.15625],"rotation":0,"texture":"#0","tintindex":0},"up":{"uv":[8.46875,7.59375,8.25,7.375],"rotation":0,"texture":"#0","tintindex":0}}},{"from":[1.5990572,-2.7748861,6.572857],"to":[3.8847713,2.3679714,8.858572],"rotation":{"angle":-22.5,"axis":"z","origin":[2.7419143,-2.2034578,7.7157145]},"faces":{"south":{"uv":[4.8125,8.75,4.9375,9.03125],"rotation":0,"texture":"#0","tintindex":0},"north":{"uv":[7.65625,4.96875,7.78125,5.25],"rotation":0,"texture":"#0","tintindex":0},"down":{"uv":[9.6875,7.59375,9.5625,7.71875],"rotation":0,"texture":"#0","tintindex":0},"east":{"uv":[7.96875,3.03125,8.09375,3.3125],"rotation":0,"texture":"#0","tintindex":0},"west":{"uv":[9.34375,8.28125,9.46875,8.5625],"rotation":0,"texture":"#0","tintindex":0},"up":{"uv":[8.5625,3.0,8.4375,2.875],"rotation":0,"texture":"#0","tintindex":0}}},{"from":[5.2215657,-1.7842693,2.5728564],"to":[7.50728,3.3585882,4.858571],"rotation":{"angle":22.5,"axis":"x","origin":[6.364423,0.7871599,3.715714]},"faces":{"south":{"uv":[9.375,9.34375,9.5,9.625],"rotation":0,"texture":"#0","tintindex":0},"north":{"uv":[7.78125,9.375,7.90625,9.65625],"rotation":0,"texture":"#0","tintindex":0},"down":{"uv":[9.6875,7.90625,9.5625,8.03125],"rotation":0,"texture":"#0","tintindex":0},"east":{"uv":[9.375,9.03125,9.5,9.3125],"rotation":0,"texture":"#0","tintindex":0},"west":{"uv":[0.9375,9.40625,1.0625,9.6875],"rotation":0,"texture":"#0","tintindex":0},"up":{"uv":[9.6875,7.875,9.5625,7.75],"rotation":0,"texture":"#0","tintindex":0}}},{"from":[4.650137,-6.3556986,9.43],"to":[6.935851,-1.212841,11.715714],"rotation":{"angle":0.0,"axis":"y","origin":[5.792994,-3.7842693,10.572857]},"faces":{"south":{"uv":[9.40625,1.46875,9.53125,1.75],"rotation":0,"texture":"#0","tintindex":0},"north":{"uv":[1.09375,9.40625,1.21875,9.6875],"rotation":0,"texture":"#0","tintindex":0},"down":{"uv":[2.0625,9.59375,1.9375,9.71875],"rotation":0,"texture":"#0","tintindex":0},"east":{"uv":[1.25,9.40625,1.375,9.6875],"rotation":0,"texture":"#0","tintindex":0},"west":{"uv":[9.40625,3.5,9.53125,3.78125],"rotation":0,"texture":"#0","tintindex":0},"up":{"uv":[9.71875,0.53125,9.59375,0.40625],"rotation":0,"texture":"#0","tintindex":0}}},{"from":[1.792994,5.072874,6.0014286],"to":[5.2215657,9.072874,9.43],"rotation":{"angle":45.0,"axis":"z","origin":[3.5072799,7.644303,7.7157145]},"faces":{"south":{"uv":[9.1875,6.3125,9.375,6.53125],"rotation":0,"texture":"#0","tintindex":0},"north":{"uv":[9.1875,5.0,9.375,5.21875],"rotation":0,"texture":"#0","tintindex":0},"down":{"uv":[9.5625,0.4375,9.375,0.625],"rotation":0,"texture":"#0","tintindex":0},"east":{"uv":[9.1875,5.71875,9.375,5.9375],"rotation":0,"texture":"#0","tintindex":0},"west":{"uv":[9.1875,6.84375,9.375,7.0625],"rotation":0,"texture":"#0","tintindex":0},"up":{"uv":[9.5,7.53125,9.3125,7.34375],"rotation":0,"texture":"#0","tintindex":0}}},{"from":[2.650137,1.6443028,10.287143],"to":[4.364423,5.644303,12.001429],"rotation":{"angle":45.0,"axis":"z","origin":[3.5072799,4.2157316,11.144286]},"faces":{"south":{"uv":[0.75,9.5625,0.84375,9.78125],"rotation":0,"texture":"#0","tintindex":0},"north":{"uv":[0.5,9.5625,0.59375,9.78125],"rotation":0,"texture":"#0","tintindex":0},"down":{"uv":[8.25,9.65625,8.15625,9.75],"rotation":0,"texture":"#0","tintindex":0},"east":{"uv":[0.625,9.5625,0.71875,9.78125],"rotation":0,"texture":"#0","tintindex":0},"west":{"uv":[9.5625,1.375,9.65625,1.59375],"rotation":0,"texture":"#0","tintindex":0},"up":{"uv":[8.125,9.75,8.03125,9.65625],"rotation":0,"texture":"#0","tintindex":0}}},{"from":[6.364423,-0.6414118,11.715714],"to":[8.650137,4.501446,14.001429],"rotation":{"angle":-45.0,"axis":"x","origin":[7.50728,1.930017,12.858572]},"faces":{"south":{"uv":[5.4375,9.40625,5.5625,9.6875],"rotation":0,"texture":"#0","tintindex":0},"north":{"uv":[9.40625,4.71875,9.53125,5.0],"rotation":0,"texture":"#0","tintindex":0},"down":{"uv":[2.78125,9.59375,2.65625,9.71875],"rotation":0,"texture":"#0","tintindex":0},"east":{"uv":[5.28125,9.40625,5.40625,9.6875],"rotation":0,"texture":"#0","tintindex":0},"west":{"uv":[9.40625,5.46875,9.53125,5.75],"rotation":0,"texture":"#0","tintindex":0},"up":{"uv":[2.625,9.71875,2.5,9.59375],"rotation":0,"texture":"#0","tintindex":0}}},{"from":[3.888743,4.0962114,2.2871423],"to":[6.745886,6.9533544,5.1442857],"rotation":{"angle":0.0,"axis":"y","origin":[5.317314,5.5247827,3.715714]},"faces":{"south":{"uv":[3.0,9.4375,3.15625,9.59375],"rotation":0,"texture":"#0","tintindex":0},"north":{"uv":[0.3125,8.90625,0.46875,9.0625],"rotation":0,"texture":"#0","tintindex":0},"down":{"uv":[9.59375,3.25,9.4375,3.40625],"rotation":0,"texture":"#0","tintindex":0},"east":{"uv":[9.4375,2.875,9.59375,3.03125],"rotation":0,"texture":"#0","tintindex":0},"west":{"uv":[9.4375,3.0625,9.59375,3.21875],"rotation":0,"texture":"#0","tintindex":0},"up":{"uv":[3.34375,9.59375,3.1875,9.4375],"rotation":0,"texture":"#0","tintindex":0}}}],"textures":{"0":"modelengine:entity/orc"},"display":{"head":{"translation":[0.0,-6.4,0.0],"scale":[4.0,4.0,4.0]}}}