{"elements":[{"from":[5.448217,0.14880562,3.1427255],"to":[10.591074,9.291663,8.285583],"rotation":{"angle":22.5,"axis":"x","origin":[8.019646,2.7202344,8.571297]},"faces":{"south":{"uv":[5.28125,8.28125,5.5625,8.78125],"rotation":0,"texture":"#0","tintindex":0},"north":{"uv":[8.25,6.84375,8.53125,7.34375],"rotation":0,"texture":"#0","tintindex":0},"down":{"uv":[4.0,8.875,3.71875,9.15625],"rotation":0,"texture":"#0","tintindex":0},"east":{"uv":[8.28125,0.0,8.5625,0.5],"rotation":0,"texture":"#0","tintindex":0},"west":{"uv":[5.59375,8.28125,5.875,8.78125],"rotation":0,"texture":"#0","tintindex":0},"up":{"uv":[3.6875,9.15625,3.40625,8.875],"rotation":0,"texture":"#0","tintindex":0}}}],"textures":{"0":"modelengine:entity/orc"},"display":{"head":{"translation":[0.0,-6.4,0.0],"scale":[4.0,4.0,4.0]}}}