{"elements":[{"from":[0.61112547,2.4499712,5.0315714],"to":[8.039697,11.0214,11.888715],"rotation":{"angle":0.0,"axis":"y","origin":[4.153983,-5.2962008,8.460143]},"faces":{"south":{"uv":[0.53125,8.15625,0.9375,8.625],"rotation":0,"texture":"#0","tintindex":0},"north":{"uv":[3.28125,8.125,3.6875,8.59375],"rotation":0,"texture":"#0","tintindex":0},"down":{"uv":[0.40625,8.25,0.0,8.625],"rotation":0,"texture":"#0","tintindex":0},"east":{"uv":[8.1875,3.96875,8.5625,4.4375],"rotation":0,"texture":"#0","tintindex":0},"west":{"uv":[8.1875,7.625,8.5625,8.09375],"rotation":0,"texture":"#0","tintindex":0},"up":{"uv":[8.625,5.875,8.21875,5.5],"rotation":0,"texture":"#0","tintindex":0}}},{"from":[-0.6274805,7.4266343,8.745857],"to":[1.0868053,11.426635,10.460143],"rotation":{"angle":45.0,"axis":"z","origin":[0.22966242,9.998063,9.603]},"faces":{"south":{"uv":[0.25,9.5625,0.34375,9.78125],"rotation":0,"texture":"#0","tintindex":0},"north":{"uv":[3.59375,8.625,3.6875,8.84375],"rotation":0,"texture":"#0","tintindex":0},"down":{"uv":[9.75,6.46875,9.65625,6.5625],"rotation":0,"texture":"#0","tintindex":0},"east":{"uv":[9.53125,7.34375,9.625,7.5625],"rotation":0,"texture":"#0","tintindex":0},"west":{"uv":[0.375,9.5625,0.46875,9.78125],"rotation":0,"texture":"#0","tintindex":0},"up":{"uv":[9.75,6.125,9.65625,6.03125],"rotation":0,"texture":"#0","tintindex":0}}},{"from":[1.0868053,7.4266343,11.603001],"to":[2.8010912,10.283777,13.317286],"rotation":{"angle":45.0,"axis":"x","origin":[1.9439483,9.998063,12.460143]},"faces":{"south":{"uv":[4.625,9.625,4.71875,9.78125],"rotation":0,"texture":"#0","tintindex":0},"north":{"uv":[3.25,9.625,3.34375,9.78125],"rotation":0,"texture":"#0","tintindex":0},"down":{"uv":[9.75,7.46875,9.65625,7.5625],"rotation":0,"texture":"#0","tintindex":0},"east":{"uv":[9.625,4.5,9.71875,4.65625],"rotation":0,"texture":"#0","tintindex":0},"west":{"uv":[5.0625,9.625,5.15625,9.78125],"rotation":0,"texture":"#0","tintindex":0},"up":{"uv":[9.75,7.4375,9.65625,7.34375],"rotation":0,"texture":"#0","tintindex":0}}}],"textures":{"0":"modelengine:entity/orc"},"display":{"head":{"translation":[0.0,-6.4,0.0],"scale":[4.0,4.0,4.0]}}}