{"elements":[{"from":[4.5757484,-5.714286,3.7142854],"to":[12.575748,8.000001,11.714286],"rotation":{"angle":0.0,"axis":"y","origin":[8.415617,8.000001,8.857143]},"faces":{"south":{"uv":[5.71875,7.5,6.15625,8.25],"rotation":0,"texture":"#0","tintindex":0},"north":{"uv":[4.78125,7.4375,5.21875,8.1875],"rotation":0,"texture":"#0","tintindex":0},"down":{"uv":[4.5625,8.09375,4.125,8.53125],"rotation":0,"texture":"#0","tintindex":0},"east":{"uv":[5.25,7.5,5.6875,8.25],"rotation":0,"texture":"#0","tintindex":0},"west":{"uv":[6.1875,7.5,6.625,8.25],"rotation":0,"texture":"#0","tintindex":0},"up":{"uv":[8.40625,3.0,7.96875,2.5625],"rotation":0,"texture":"#0","tintindex":0}}},{"from":[3.432891,-16.0,2.5714283],"to":[13.718606,-4.5714283,12.857143],"rotation":{"angle":0.0,"axis":"y","origin":[8.415617,8.000001,8.857143]},"faces":{"south":{"uv":[1.9375,6.96875,2.5,7.59375],"rotation":0,"texture":"#0","tintindex":0},"north":{"uv":[0.75,6.96875,1.3125,7.59375],"rotation":0,"texture":"#0","tintindex":0},"down":{"uv":[3.6875,7.53125,3.125,8.09375],"rotation":0,"texture":"#0","tintindex":0},"east":{"uv":[1.34375,6.96875,1.90625,7.59375],"rotation":0,"texture":"#0","tintindex":0},"west":{"uv":[2.53125,6.96875,3.09375,7.59375],"rotation":0,"texture":"#0","tintindex":0},"up":{"uv":[7.75,6.46875,7.1875,5.90625],"rotation":0,"texture":"#0","tintindex":0}}},{"from":[8.575748,-8.571428,1.9999995],"to":[14.861464,1.142858,13.428572],"rotation":{"angle":0.0,"axis":"y","origin":[8.415617,8.000001,8.857143]},"faces":{"south":{"uv":[7.4375,8.1875,7.78125,8.71875],"rotation":0,"texture":"#0","tintindex":0},"north":{"uv":[7.0625,8.15625,7.40625,8.6875],"rotation":0,"texture":"#0","tintindex":0},"down":{"uv":[8.1875,4.96875,7.84375,5.59375],"rotation":0,"texture":"#0","tintindex":0},"east":{"uv":[3.125,6.96875,3.75,7.5],"rotation":0,"texture":"#0","tintindex":0},"west":{"uv":[7.09375,6.5625,7.71875,7.09375],"rotation":0,"texture":"#0","tintindex":0},"up":{"uv":[8.09375,7.125,7.75,6.5],"rotation":0,"texture":"#0","tintindex":0}}},{"from":[4.0043197,4.5714293,1.9999995],"to":[13.147177,7.428572,13.428572],"rotation":{"angle":0.0,"axis":"y","origin":[8.415617,8.000001,8.857143]},"faces":{"south":{"uv":[8.90625,2.5625,9.40625,2.71875],"rotation":0,"texture":"#0","tintindex":0},"north":{"uv":[8.875,1.53125,9.375,1.6875],"rotation":0,"texture":"#0","tintindex":0},"down":{"uv":[8.09375,3.34375,7.59375,3.96875],"rotation":0,"texture":"#0","tintindex":0},"east":{"uv":[8.65625,8.3125,9.28125,8.46875],"rotation":0,"texture":"#0","tintindex":0},"west":{"uv":[8.6875,8.5,9.3125,8.65625],"rotation":0,"texture":"#0","tintindex":0},"up":{"uv":[8.09375,2.0625,7.59375,1.4375],"rotation":0,"texture":"#0","tintindex":0}}},{"from":[11.432892,-13.714287,3.7142854],"to":[16.00432,-5.714286,11.714286],"rotation":{"angle":0.0,"axis":"y","origin":[8.415617,8.000001,8.857143]},"faces":{"south":{"uv":[8.59375,0.84375,8.84375,1.28125],"rotation":0,"texture":"#0","tintindex":0},"north":{"uv":[3.78125,6.96875,4.03125,7.40625],"rotation":0,"texture":"#0","tintindex":0},"down":{"uv":[3.0625,8.59375,2.8125,9.03125],"rotation":0,"texture":"#0","tintindex":0},"east":{"uv":[8.125,1.0,8.5625,1.4375],"rotation":0,"texture":"#0","tintindex":0},"west":{"uv":[8.125,1.46875,8.5625,1.90625],"rotation":0,"texture":"#0","tintindex":0},"up":{"uv":[8.84375,1.75,8.59375,1.3125],"rotation":0,"texture":"#0","tintindex":0}}},{"from":[9.718606,-6.8571434,0.85714245],"to":[12.00432,-4.5714283,14.571428],"rotation":{"angle":0.0,"axis":"y","origin":[8.415617,8.000001,8.857143]},"faces":{"south":{"uv":[2.9375,9.625,3.0625,9.75],"rotation":0,"texture":"#0","tintindex":0},"north":{"uv":[9.625,2.875,9.75,3.0],"rotation":0,"texture":"#0","tintindex":0},"down":{"uv":[0.90625,8.65625,0.78125,9.40625],"rotation":0,"texture":"#0","tintindex":0},"east":{"uv":[8.59375,1.78125,9.34375,1.90625],"rotation":0,"texture":"#0","tintindex":0},"west":{"uv":[8.59375,6.6875,9.34375,6.8125],"rotation":0,"texture":"#0","tintindex":0},"up":{"uv":[4.46875,9.3125,4.34375,8.5625],"rotation":0,"texture":"#0","tintindex":0}}},{"from":[16.00432,-12.571428,6.5714283],"to":[17.147179,-10.285715,8.857143],"rotation":{"angle":0.0,"axis":"y","origin":[8.415617,8.000001,8.857143]},"faces":{"south":{"uv":[5.375,9.71875,5.4375,9.84375],"rotation":0,"texture":"#0","tintindex":0},"north":{"uv":[5.28125,9.71875,5.34375,9.84375],"rotation":0,"texture":"#0","tintindex":0},"down":{"uv":[9.78125,7.59375,9.71875,7.71875],"rotation":0,"texture":"#0","tintindex":0},"east":{"uv":[9.625,3.03125,9.75,3.15625],"rotation":0,"texture":"#0","tintindex":0},"west":{"uv":[3.09375,9.625,3.21875,9.75],"rotation":0,"texture":"#0","tintindex":0},"up":{"uv":[5.53125,9.84375,5.46875,9.71875],"rotation":0,"texture":"#0","tintindex":0}}},{"from":[20.25467,-1.1355658,10.0],"to":[27.111813,12.007293,10.0],"rotation":{"angle":-45.0,"axis":"z","origin":[8.415617,8.000001,8.857143]},"faces":{"south":{"uv":[3.71875,7.59375,4.09375,8.3125],"rotation":0,"texture":"#0","tintindex":0},"north":{"uv":[6.65625,7.5,7.03125,8.21875],"rotation":0,"texture":"#0","tintindex":0},"down":{"uv":[4.4375,6.625,4.0625,6.625],"rotation":0,"texture":"#0","tintindex":0},"east":{"uv":[9.5,9.65625,9.5,10.375],"rotation":0,"texture":"#0","tintindex":0},"west":{"uv":[2.34375,9.6875,2.34375,10.40625],"rotation":0,"texture":"#0","tintindex":0},"up":{"uv":[4.4375,6.59375,4.0625,6.59375],"rotation":0,"texture":"#0","tintindex":0}}}],"textures":{"0":"modelengine:entity/orc"},"display":{"head":{"translation":[0.0,-6.6669526,0.0],"scale":[4.0,4.0,4.0]}}}