{"elements":[{"from":[5.886897,2.6429539,0.50691414],"to":[19.029755,16.35724,15.364058],"rotation":{"angle":0.0,"axis":"y","origin":[1.3154683,-23.071331,3.364057]},"faces":{"south":{"uv":[0.0,6.96875,0.71875,7.71875],"rotation":0,"texture":"#0","tintindex":0},"north":{"uv":[6.84375,3.34375,7.5625,4.09375],"rotation":0,"texture":"#0","tintindex":0},"down":{"uv":[7.5625,1.4375,6.84375,2.25],"rotation":0,"texture":"#0","tintindex":0},"east":{"uv":[4.78125,6.65625,5.59375,7.40625],"rotation":0,"texture":"#0","tintindex":0},"west":{"uv":[6.8125,4.5625,7.625,5.3125],"rotation":0,"texture":"#0","tintindex":0},"up":{"uv":[6.34375,7.46875,5.625,6.65625],"rotation":0,"texture":"#0","tintindex":0}}}],"textures":{"0":"modelengine:entity/orc"},"display":{"head":{"translation":[0.0,-6.4,0.0],"scale":[4.0,4.0,4.0]}}}