{"elements":[{"from":[5.4089255,0.14880562,3.1427255],"to":[10.551783,9.291663,8.285583],"rotation":{"angle":22.5,"axis":"x","origin":[7.9803543,2.7202344,8.571297]},"faces":{"south":{"uv":[3.71875,8.34375,4.0,8.84375],"rotation":0,"texture":"#0","tintindex":0},"north":{"uv":[5.90625,8.28125,6.1875,8.78125],"rotation":0,"texture":"#0","tintindex":0},"down":{"uv":[9.1875,2.25,8.90625,2.53125],"rotation":0,"texture":"#0","tintindex":0},"east":{"uv":[6.21875,8.28125,6.5,8.78125],"rotation":0,"texture":"#0","tintindex":0},"west":{"uv":[8.34375,8.125,8.625,8.625],"rotation":0,"texture":"#0","tintindex":0},"up":{"uv":[9.1875,2.21875,8.90625,1.9375],"rotation":0,"texture":"#0","tintindex":0}}}],"textures":{"0":"modelengine:entity/orc"},"display":{"head":{"translation":[0.0,-6.4,0.0],"scale":[4.0,4.0,4.0]}}}