{"elements":[{"from":[6.890714,6.9953656,6.653554],"to":[9.176429,9.28108,8.36784],"rotation":{"angle":-22.5,"axis":"x","origin":[2.0335712,8.138223,7.7964115]},"faces":{"south":{"uv":[4.46875,9.625,4.59375,9.75],"rotation":0,"texture":"#0","tintindex":0},"north":{"uv":[9.625,4.34375,9.75,4.46875],"rotation":0,"texture":"#0","tintindex":0},"down":{"uv":[6.09375,9.65625,5.96875,9.75],"rotation":0,"texture":"#0","tintindex":0},"east":{"uv":[5.71875,9.65625,5.8125,9.78125],"rotation":0,"texture":"#0","tintindex":0},"west":{"uv":[5.84375,9.65625,5.9375,9.78125],"rotation":0,"texture":"#0","tintindex":0},"up":{"uv":[9.78125,6.0,9.65625,5.90625],"rotation":0,"texture":"#0","tintindex":0}}},{"from":[5.990714,6.9805255,10.9776],"to":[9.962143,13.266241,14.9776],"rotation":{"angle":-45.0,"axis":"x","origin":[7.9764285,6.6948113,15.8347435]},"faces":{"south":{"uv":[7.78125,9.0,8.0,9.34375],"rotation":0,"texture":"#0","tintindex":0},"north":{"uv":[8.9375,6.84375,9.15625,7.1875],"rotation":0,"texture":"#0","tintindex":0},"down":{"uv":[9.40625,3.0,9.1875,3.21875],"rotation":0,"texture":"#0","tintindex":0},"east":{"uv":[8.9375,7.21875,9.15625,7.5625],"rotation":0,"texture":"#0","tintindex":0},"west":{"uv":[9.0,8.6875,9.21875,9.03125],"rotation":0,"texture":"#0","tintindex":0},"up":{"uv":[3.21875,9.40625,3.0,9.1875],"rotation":0,"texture":"#0","tintindex":0}}},{"from":[5.9764285,0.00503397,11.026623],"to":[9.976429,6.2907486,15.026623],"rotation":{"angle":0.0,"axis":"y","origin":[7.9764285,-0.28068066,15.883766]},"faces":{"south":{"uv":[8.6875,9.03125,8.90625,9.375],"rotation":0,"texture":"#0","tintindex":0},"north":{"uv":[0.9375,9.03125,1.15625,9.375],"rotation":0,"texture":"#0","tintindex":0},"down":{"uv":[9.40625,3.25,9.1875,3.46875],"rotation":0,"texture":"#0","tintindex":0},"east":{"uv":[1.1875,9.03125,1.40625,9.375],"rotation":0,"texture":"#0","tintindex":0},"west":{"uv":[2.59375,9.0625,2.8125,9.40625],"rotation":0,"texture":"#0","tintindex":0},"up":{"uv":[3.46875,9.40625,3.25,9.1875],"rotation":0,"texture":"#0","tintindex":0}}},{"from":[5.980011,0.00503397,7.5956573],"to":[9.980011,2.2907481,11.024229],"rotation":{"angle":0.0,"axis":"y","origin":[9.980011,1.147891,11.024229]},"faces":{"south":{"uv":[9.4375,2.71875,9.65625,2.84375],"rotation":0,"texture":"#0","tintindex":0},"north":{"uv":[9.4375,2.5625,9.65625,2.6875],"rotation":0,"texture":"#0","tintindex":0},"down":{"uv":[9.46875,8.6875,9.25,8.875],"rotation":0,"texture":"#0","tintindex":0},"east":{"uv":[9.5,8.1875,9.6875,8.3125],"rotation":0,"texture":"#0","tintindex":0},"west":{"uv":[9.5,8.34375,9.6875,8.46875],"rotation":0,"texture":"#0","tintindex":0},"up":{"uv":[9.46875,0.40625,9.25,0.21875],"rotation":0,"texture":"#0","tintindex":0}}}],"textures":{"0":"modelengine:entity/orc"},"display":{"head":{"translation":[0.0,-6.4,0.0],"scale":[4.0,4.0,4.0]}}}