{"elements":[{"from":[14.8571415,9.915295,0.0],"to":[16.571426,12.20101,2.2857141],"rotation":{"angle":45.0,"axis":"z","origin":[5.42857,4.7724376,8.0]},"faces":{"south":{"uv":[9.65625,2.0625,9.75,2.1875],"rotation":0,"texture":"#0","tintindex":0},"north":{"uv":[9.65625,1.90625,9.75,2.03125],"rotation":0,"texture":"#0","tintindex":0},"down":{"uv":[3.59375,9.65625,3.5,9.78125],"rotation":0,"texture":"#0","tintindex":0},"east":{"uv":[9.59375,6.3125,9.71875,6.4375],"rotation":0,"texture":"#0","tintindex":0},"west":{"uv":[9.53125,9.59375,9.65625,9.71875],"rotation":0,"texture":"#0","tintindex":0},"up":{"uv":[3.46875,9.78125,3.375,9.65625],"rotation":0,"texture":"#0","tintindex":0}}},{"from":[15.42857,0.2010088,2.2857141],"to":[17.714285,8.20101,10.285714],"rotation":{"angle":45.0,"axis":"z","origin":[5.42857,4.7724376,8.0]},"faces":{"south":{"uv":[6.96875,9.0625,7.09375,9.5],"rotation":0,"texture":"#0","tintindex":0},"north":{"uv":[2.84375,9.0625,2.96875,9.5],"rotation":0,"texture":"#0","tintindex":0},"down":{"uv":[2.40625,9.09375,2.28125,9.53125],"rotation":0,"texture":"#0","tintindex":0},"east":{"uv":[7.78125,5.90625,8.21875,6.34375],"rotation":0,"texture":"#0","tintindex":0},"west":{"uv":[7.96875,2.09375,8.40625,2.53125],"rotation":0,"texture":"#0","tintindex":0},"up":{"uv":[7.25,9.5,7.125,9.0625],"rotation":0,"texture":"#0","tintindex":0}}},{"from":[17.714285,-3.227563,6.285714],"to":[32.0,11.629581,6.285714],"rotation":{"angle":45.0,"axis":"z","origin":[5.42857,4.7724376,8.0]},"faces":{"south":{"uv":[0.8125,6.125,1.59375,6.9375],"rotation":0,"texture":"#0","tintindex":0},"north":{"uv":[0.0,6.125,0.78125,6.9375],"rotation":0,"texture":"#0","tintindex":0},"down":{"uv":[10.28125,8.5,9.5,8.5],"rotation":0,"texture":"#0","tintindex":0},"east":{"uv":[1.40625,9.40625,1.40625,10.21875],"rotation":0,"texture":"#0","tintindex":0},"west":{"uv":[7.21875,9.53125,7.21875,10.34375],"rotation":0,"texture":"#0","tintindex":0},"up":{"uv":[10.1875,7.0625,9.40625,7.0625],"rotation":0,"texture":"#0","tintindex":0}}},{"from":[10.668747,6.204495,13.714286],"to":[24.954462,21.061638,13.714286],"rotation":{"angle":45.0,"axis":"z","origin":[17.95446,16.49021,13.714286]},"faces":{"south":{"uv":[2.4375,6.125,3.21875,6.9375],"rotation":0,"texture":"#0","tintindex":0},"north":{"uv":[1.625,6.125,2.40625,6.9375],"rotation":0,"texture":"#0","tintindex":0},"down":{"uv":[10.28125,8.5625,9.5,8.5625],"rotation":0,"texture":"#0","tintindex":0},"east":{"uv":[7.25,9.53125,7.25,10.34375],"rotation":0,"texture":"#0","tintindex":0},"west":{"uv":[3.875,9.65625,3.875,10.46875],"rotation":0,"texture":"#0","tintindex":0},"up":{"uv":[10.28125,8.53125,9.5,8.53125],"rotation":0,"texture":"#0","tintindex":0}}},{"from":[15.42857,12.20101,4.0],"to":[17.142857,17.915295,5.714286],"rotation":{"angle":45.0,"axis":"z","origin":[5.42857,4.7724376,8.0]},"faces":{"south":{"uv":[6.84375,9.40625,6.9375,9.71875],"rotation":0,"texture":"#0","tintindex":0},"north":{"uv":[6.59375,9.40625,6.6875,9.71875],"rotation":0,"texture":"#0","tintindex":0},"down":{"uv":[9.75,9.03125,9.65625,9.125],"rotation":0,"texture":"#0","tintindex":0},"east":{"uv":[6.71875,9.40625,6.8125,9.71875],"rotation":0,"texture":"#0","tintindex":0},"west":{"uv":[7.28125,9.40625,7.375,9.71875],"rotation":0,"texture":"#0","tintindex":0},"up":{"uv":[8.375,9.75,8.28125,9.65625],"rotation":0,"texture":"#0","tintindex":0}}},{"from":[15.42857,12.20101,10.285714],"to":[17.142857,17.915295,12.0],"rotation":{"angle":45.0,"axis":"z","origin":[5.42857,4.7724376,8.0]},"faces":{"south":{"uv":[7.65625,9.40625,7.75,9.71875],"rotation":0,"texture":"#0","tintindex":0},"north":{"uv":[7.40625,9.40625,7.5,9.71875],"rotation":0,"texture":"#0","tintindex":0},"down":{"uv":[9.78125,1.21875,9.6875,1.3125],"rotation":0,"texture":"#0","tintindex":0},"east":{"uv":[7.53125,9.40625,7.625,9.71875],"rotation":0,"texture":"#0","tintindex":0},"west":{"uv":[8.65625,9.40625,8.75,9.71875],"rotation":0,"texture":"#0","tintindex":0},"up":{"uv":[9.78125,0.90625,9.6875,0.8125],"rotation":0,"texture":"#0","tintindex":0}}},{"from":[0.4446664,17.142857,15.428572],"to":[14.730381,32.0,15.428572],"rotation":{"angle":45.0,"axis":"z","origin":[9.873239,24.571426,13.714286]},"faces":{"south":{"uv":[6.375,5.71875,7.15625,6.53125],"rotation":0,"texture":"#0","tintindex":0},"north":{"uv":[3.25,6.125,4.03125,6.9375],"rotation":0,"texture":"#0","tintindex":0},"down":{"uv":[10.34375,5.71875,9.5625,5.71875],"rotation":0,"texture":"#0","tintindex":0},"east":{"uv":[3.90625,9.65625,3.90625,10.46875],"rotation":0,"texture":"#0","tintindex":0},"west":{"uv":[6.125,9.65625,6.125,10.46875],"rotation":0,"texture":"#0","tintindex":0},"up":{"uv":[10.34375,1.75,9.5625,1.75],"rotation":0,"texture":"#0","tintindex":0}}},{"from":[9.142856,-5.513277,-2.285715],"to":[13.142856,15.058152,0.0],"rotation":{"angle":45.0,"axis":"z","origin":[5.42857,4.7724376,8.0]},"faces":{"south":{"uv":[2.0625,7.625,2.28125,8.75],"rotation":0,"texture":"#0","tintindex":0},"north":{"uv":[1.8125,7.625,2.03125,8.75],"rotation":0,"texture":"#0","tintindex":0},"down":{"uv":[9.65625,0.65625,9.4375,0.78125],"rotation":0,"texture":"#0","tintindex":0},"east":{"uv":[4.96875,8.21875,5.09375,9.34375],"rotation":0,"texture":"#0","tintindex":0},"west":{"uv":[6.65625,8.25,6.78125,9.375],"rotation":0,"texture":"#0","tintindex":0},"up":{"uv":[4.0,7.5625,3.78125,7.4375],"rotation":0,"texture":"#0","tintindex":0}}},{"from":[9.314284,13.205215,-5.5994234],"to":[11.02857,14.919501,0.11486244],"rotation":{"angle":-45.0,"axis":"z","origin":[9.999998,10.062358,-12.885138]},"faces":{"south":{"uv":[9.6875,2.65625,9.78125,2.75],"rotation":0,"texture":"#0","tintindex":0},"north":{"uv":[9.6875,2.53125,9.78125,2.625],"rotation":0,"texture":"#0","tintindex":0},"down":{"uv":[9.0,9.40625,8.90625,9.71875],"rotation":0,"texture":"#0","tintindex":0},"east":{"uv":[7.78125,6.375,8.09375,6.46875],"rotation":0,"texture":"#0","tintindex":0},"west":{"uv":[9.40625,5.78125,9.71875,5.875],"rotation":0,"texture":"#0","tintindex":0},"up":{"uv":[8.875,9.71875,8.78125,9.40625],"rotation":0,"texture":"#0","tintindex":0}}},{"from":[9.314284,5.7766438,-5.5994234],"to":[11.02857,13.205215,-3.8851376],"rotation":{"angle":-45.0,"axis":"z","origin":[9.999998,10.062358,-12.885138]},"faces":{"south":{"uv":[1.5625,9.3125,1.65625,9.71875],"rotation":0,"texture":"#0","tintindex":0},"north":{"uv":[8.53125,9.25,8.625,9.65625],"rotation":0,"texture":"#0","tintindex":0},"down":{"uv":[2.3125,9.6875,2.21875,9.78125],"rotation":0,"texture":"#0","tintindex":0},"east":{"uv":[1.4375,9.3125,1.53125,9.71875],"rotation":0,"texture":"#0","tintindex":0},"west":{"uv":[9.34375,1.9375,9.4375,2.34375],"rotation":0,"texture":"#0","tintindex":0},"up":{"uv":[2.1875,9.78125,2.09375,9.6875],"rotation":0,"texture":"#0","tintindex":0}}},{"from":[9.314284,4.062358,-5.5994234],"to":[11.02857,5.7766438,2.4005766],"rotation":{"angle":-45.0,"axis":"z","origin":[9.999998,10.062358,-12.885138]},"faces":{"south":{"uv":[9.6875,1.46875,9.78125,1.5625],"rotation":0,"texture":"#0","tintindex":0},"north":{"uv":[9.6875,1.34375,9.78125,1.4375],"rotation":0,"texture":"#0","tintindex":0},"down":{"uv":[9.3125,1.9375,9.21875,2.375],"rotation":0,"texture":"#0","tintindex":0},"east":{"uv":[9.1875,0.96875,9.625,1.0625],"rotation":0,"texture":"#0","tintindex":0},"west":{"uv":[9.1875,4.0625,9.625,4.15625],"rotation":0,"texture":"#0","tintindex":0},"up":{"uv":[0.21875,9.65625,0.125,9.21875],"rotation":0,"texture":"#0","tintindex":0}}},{"from":[15.42857,-14.656134,-2.285715],"to":[15.42857,-5.513277,17.714287],"rotation":{"angle":45.0,"axis":"z","origin":[5.42857,4.7724376,8.0]},"faces":{"south":{"uv":[1.78125,8.15625,1.78125,8.65625],"rotation":0,"texture":"#0","tintindex":0},"north":{"uv":[4.75,7.59375,4.75,8.09375],"rotation":0,"texture":"#0","tintindex":0},"down":{"uv":[4.28125,9.6875,4.28125,10.78125],"rotation":0,"texture":"#0","tintindex":0},"east":{"uv":[6.84375,2.28125,7.9375,2.78125],"rotation":0,"texture":"#0","tintindex":0},