{"elements":[{"from":[7.243874,4.0,3.888834],"to":[10.672446,6.857143,6.745977],"rotation":{"angle":-22.5,"axis":"y","origin":[8.0,5.714286,5.714286]},"faces":{"south":{"uv":[6.0,1.625,6.375,1.9375],"rotation":0,"texture":"#0","tintindex":0},"north":{"uv":[2.4375,1.3125,2.8125,1.625],"rotation":0,"texture":"#0","tintindex":0},"down":{"uv":[7.3125,2.0,6.9375,2.3125],"rotation":0,"texture":"#0","tintindex":0},"east":{"uv":[7.125,1.25,7.4375,1.5625],"rotation":0,"texture":"#0","tintindex":0},"west":{"uv":[1.375,7.125,1.6875,7.4375],"rotation":0,"texture":"#0","tintindex":0},"up":{"uv":[7.3125,0.3125,6.9375,0.0],"rotation":0,"texture":"#0","tintindex":0}}},{"from":[5.3275537,4.0,3.888834],"to":[8.756125,6.857143,6.745977],"rotation":{"angle":22.5,"axis":"y","origin":[8.0,5.714286,5.714286]},"faces":{"south":{"uv":[6.9375,5.75,7.3125,6.0625],"rotation":0,"texture":"#0","tintindex":0},"north":{"uv":[6.9375,5.4375,7.3125,5.75],"rotation":0,"texture":"#0","tintindex":0},"down":{"uv":[7.375,0.3125,7.0,0.625],"rotation":0,"texture":"#0","tintindex":0},"east":{"uv":[7.125,1.5625,7.4375,1.875],"rotation":0,"texture":"#0","tintindex":0},"west":{"uv":[7.125,6.0625,7.4375,6.375],"rotation":0,"texture":"#0","tintindex":0},"up":{"uv":[0.375,7.3125,0.0,7.0],"rotation":0,"texture":"#0","tintindex":0}}},{"from":[6.857143,6.857143,6.285714],"to":[9.142858,8.571428,8.571428],"rotation":{"angle":0.0,"axis":"y","origin":[8.0,6.285714,7.428571]},"faces":{"south":{"uv":[3.0,7.625,3.25,7.8125],"rotation":0,"texture":"#0","tintindex":0},"north":{"uv":[2.125,5.6875,2.375,5.875],"rotation":0,"texture":"#0","tintindex":0},"down":{"uv":[4.9375,7.5,4.6875,7.75],"rotation":0,"texture":"#0","tintindex":0},"east":{"uv":[2.0625,7.625,2.3125,7.8125],"rotation":0,"texture":"#0","tintindex":0},"west":{"uv":[3.25,7.625,3.5,7.8125],"rotation":0,"texture":"#0","tintindex":0},"up":{"uv":[7.75,4.875,7.5,4.625],"rotation":0,"texture":"#0","tintindex":0}}},{"from":[5.714286,2.664394,6.6989255],"to":[10.285714,7.2358227,9.556068],"rotation":{"angle":22.5,"axis":"x","origin":[8.0,5.521537,8.127497]},"faces":{"south":{"uv":[6.0625,0.0,6.5625,0.5],"rotation":0,"texture":"#0","tintindex":0},"north":{"uv":[6.0,1.125,6.5,1.625],"rotation":0,"texture":"#0","tintindex":0},"down":{"uv":[7.3125,2.75,6.8125,3.0625],"rotation":0,"texture":"#0","tintindex":0},"east":{"uv":[1.25,3.375,1.5625,3.875],"rotation":0,"texture":"#0","tintindex":0},"west":{"uv":[1.25,3.875,1.5625,4.375],"rotation":0,"texture":"#0","tintindex":0},"up":{"uv":[7.3125,2.75,6.8125,2.4375],"rotation":0,"texture":"#0","tintindex":0}}},{"from":[5.714286,1.7142854,5.714286],"to":[10.285714,3.4285712,8.571428],"rotation":{"angle":0.0,"axis":"y","origin":[8.0,1.7142854,7.428571]},"faces":{"south":{"uv":[7.3125,0.0,7.8125,0.1875],"rotation":0,"texture":"#0","tintindex":0},"north":{"uv":[7.1875,5.25,7.6875,5.4375],"rotation":0,"texture":"#0","tintindex":0},"down":{"uv":[1.8125,6.8125,1.3125,7.125],"rotation":0,"texture":"#0","tintindex":0},"east":{"uv":[7.5625,7.5,7.875,7.6875],"rotation":0,"texture":"#0","tintindex":0},"west":{"uv":[0.0,7.625,0.3125,7.8125],"rotation":0,"texture":"#0","tintindex":0},"up":{"uv":[1.3125,7.125,0.8125,6.8125],"rotation":0,"texture":"#0","tintindex":0}}},{"from":[5.714286,-1.7142859,5.714286],"to":[10.285714,0.0,9.142858],"rotation":{"angle":0.0,"axis":"y","origin":[8.0,-1.7142859,7.428571]},"faces":{"south":{"uv":[7.3125,2.0625,7.8125,2.25],"rotation":0,"texture":"#0","tintindex":0},"north":{"uv":[7.3125,1.875,7.8125,2.0625],"rotation":0,"texture":"#0","tintindex":0},"down":{"uv":[7.0,0.5,6.5,0.875],"rotation":0,"texture":"#0","tintindex":0},"east":{"uv":[3.0,7.4375,3.375,7.625],"rotation":0,"texture":"#0","tintindex":0},"west":{"uv":[3.375,7.4375,3.75,7.625],"rotation":0,"texture":"#0","tintindex":0},"up":{"uv":[6.9375,2.4375,6.4375,2.0625],"rotation":0,"texture":"#0","tintindex":0}}},{"from":[6.285714,0.0,6.285714],"to":[9.714286,1.7142854,8.571428],"rotation":{"angle":0.0,"axis":"y","origin":[8.0,-0.57142925,7.428571]},"faces":{"south":{"uv":[6.1875,7.4375,6.5625,7.625],"rotation":0,"texture":"#0","tintindex":0},"north":{"uv":[7.4375,6.0625,7.8125,6.25],"rotation":0,"texture":"#0","tintindex":0},"down":{"uv":[6.875,1.375,6.5,1.625],"rotation":0,"texture":"#0","tintindex":0},"east":{"uv":[3.5,7.625,3.75,7.8125],"rotation":0,"texture":"#0","tintindex":0},"west":{"uv":[6.125,7.625,6.375,7.8125],"rotation":0,"texture":"#0","tintindex":0},"up":{"uv":[2.8125,3.9375,2.4375,3.6875],"rotation":0,"texture":"#0","tintindex":0}}},{"from":[7.0153027,3.771428,3.6602626],"to":[10.901017,7.0857143,6.9745483],"rotation":{"angle":-22.5,"axis":"y","origin":[8.0,5.714286,5.714286]},"faces":{"south":{"uv":[7.0,4.0,7.375,4.3125],"rotation":0,"texture":"#0","tintindex":0},"north":{"uv":[7.0,3.6875,7.375,4.0],"rotation":0,"texture":"#0","tintindex":0},"down":{"uv":[2.5,7.0625,2.125,7.375],"rotation":0,"texture":"#0","tintindex":0},"east":{"uv":[7.125,7.125,7.4375,7.4375],"rotation":0,"texture":"#0","tintindex":0},"west":{"uv":[7.1875,4.3125,7.5,4.625],"rotation":0,"texture":"#0","tintindex":0},"up":{"uv":[5.625,7.3125,5.25,7.0],"rotation":0,"texture":"#0","tintindex":0}}},{"from":[5.098983,3.771428,3.6602626],"to":[8.984697,7.0857143,6.9745483],"rotation":{"angle":22.5,"axis":"y","origin":[8.0,5.714286,5.714286]},"faces":{"south":{"uv":[7.125,0.625,7.5,0.9375],"rotation":0,"texture":"#0","tintindex":0},"north":{"uv":[0.625,7.125,1.0,7.4375],"rotation":0,"texture":"#0","tintindex":0},"down":{"uv":[1.375,7.125,1.0,7.4375],"rotation":0,"texture":"#0","tintindex":0},"east":{"uv":[7.1875,4.625,7.5,4.9375],"rotation":0,"texture":"#0","tintindex":0},"west":{"uv":[7.1875,4.9375,7.5,5.25],"rotation":0,"texture":"#0","tintindex":0},"up":{"uv":[7.5,1.25,7.125,0.9375],"rotation":0,"texture":"#0","tintindex":0}}},{"from":[6.6285715,6.6285715,6.0571427],"to":[9.3714285,8.8,8.8],"rotation":{"angle":0.0,"axis":"y","origin":[8.0,6.285714,7.428571]},"faces":{"south":{"uv":[6.875,7.625,7.125,7.8125],"rotation":0,"texture":"#0","tintindex":0},"north":{"uv":[6.375,7.625,6.625,7.8125],"rotation":0,"texture":"#0","tintindex":0},"down":{"uv":[7.5625,7.5,7.3125,7.75],"rotation":0,"texture":"#0","tintindex":0},"east":{"uv":[6.625,7.625,6.875,7.8125],"rotation":0,"texture":"#0","tintindex":0},"west":{"uv":[7.625,7.125,7.875,7.3125],"rotation":0,"texture":"#0","tintindex":0},"up":{"uv":[7.75,6.875,7.5,6.625],"rotation":0,"texture":"#0","tintindex":0}}},{"from":[5.485714,2.4358225,6.470354],"to":[10.514286,7.464394,9.78464],"rotation":{"angle":22.5,"axis":"x","origin":[8.0,5.521537,8.127497]},"faces":{"south":{"uv":[6.3125,3.4375,6.8125,3.9375],"rotation":0,"texture":"#0","tintindex":0},"north":{"uv":[6.3125,2.9375,6.8125,3.4375],"rotation":0,"texture":"#0","tintindex":0},"down":{"uv":[7.1875,6.8125,6.6875,7.125],"rotation":0,"texture":"#0","tintindex":0},"east":{"uv":[1.8125,6.8125,2.125,7.3125],"rotation":0,"texture":"#0","tintindex":0},"west":{"uv":[5.875,6.8125,6.1875,7.3125],"rotation":0,"texture":"#0","tintindex":0},"up":{"uv":[6.6875,7.125,6.1875,6.8125],"rotation":0,"texture":"#0","tintindex":0}}},{"from":[5.485714,-1.9428577,5.485714],"to":[10.514286,0.22857094,9.3714285],"rotation":{"angle":0.0,"axis":"y","origin":[8.0,-1.7142859,7.428571]},"faces":{"south":{"uv":[7.375,0.375,7.875,0.5625],"rotation":0,"texture":"#0","tintindex":0},"north":{"uv":[7.375,0.1875,7.875,0.375],"rotation":0,"texture":"#0","tintindex":0},"down":{"uv":[3.0,6.5625,2.5,6.9375],"rotation":0,"texture":"#0","tintindex":0},"east":{"uv":[7.5,0.9375,7.875,1.125],"rotation":0,"texture":"#0","tintindex":0},"west":{"uv":[7.5,2.25,7.875,2.4375],"rotation":0,"texture":"#0","tintindex":0},"up":{"uv":[7.0,4.3125,6.5,3.9375],"rotation":0,"texture":"#0","tintindex":0}}},{"from":[6.0571427,-0.22857189,6.0571427],"to":[9.942858,1.9428568,8.8],"rotation":{"angle":0.0,"axis":"y","origin":[8.0,-0.57142925,7.428571]},"faces":{"south":{"uv":[7.5,2.4375,7.875,2.625],"rotation":0,"texture":"#0",