{"elements":[{"from":[6.6547656,2.7681484,5.6],"to":[10.311909,8.711006,10.4],"rotation":{"angle":22.5,"axis":"z","origin":[6.0,6.531514,7.428571]},"faces":{"south":{"uv":[4.375,6.3125,4.75,6.9375],"rotation":0,"texture":"#0","tintindex":0},"north":{"uv":[4.0,6.3125,4.375,6.9375],"rotation":0,"texture":"#0","tintindex":0},"down":{"uv":[2.5,6.5625,2.125,7.0625],"rotation":0,"texture":"#0","tintindex":0},"east":{"uv":[5.4375,1.9375,5.9375,2.5625],"rotation":0,"texture":"#0","tintindex":0},"west":{"uv":[5.5,0.625,6.0,1.25],"rotation":0,"texture":"#0","tintindex":0},"up":{"uv":[6.9375,0.5,6.5625,0.0],"rotation":0,"texture":"#0","tintindex":0}}},{"from":[6.426194,2.5395765,5.3714285],"to":[10.54048,8.939577,10.6285715],"rotation":{"angle":22.5,"axis":"z","origin":[6.0,6.531514,7.428571]},"faces":{"south":{"uv":[5.5,6.375,5.875,7.0],"rotation":0,"texture":"#0","tintindex":0},"north":{"uv":[0.0,6.375,0.375,7.0],"rotation":0,"texture":"#0","tintindex":0},"down":{"uv":[7.125,6.3125,6.75,6.8125],"rotation":0,"texture":"#0","tintindex":0},"east":{"uv":[1.625,5.6875,2.125,6.3125],"rotation":0,"texture":"#0","tintindex":0},"west":{"uv":[5.5625,5.75,6.0625,6.375],"rotation":0,"texture":"#0","tintindex":0},"up":{"uv":[6.9375,6.3125,6.5625,5.8125],"rotation":0,"texture":"#0","tintindex":0}}}],"textures":{"0":"modelengine:entity/monaska_1faza/black_nun"},"display":{"head":{"translation":[0.0,-6.4,0.0],"scale":[4.0,4.0,4.0]}}}