{"elements":[{"from":[7.142857,2.2857141,5.714286],"to":[8.857143,4.0,9.142858],"rotation":{"angle":0.0,"axis":"y","origin":[6.0,21.714287,7.714286]},"faces":{"south":{"uv":[7.8125,2.0625,8.0,2.25],"rotation":0,"texture":"#0","tintindex":0},"north":{"uv":[2.0,7.8125,2.1875,8.0],"rotation":0,"texture":"#0","tintindex":0},"down":{"uv":[3.9375,7.4375,3.75,7.8125],"rotation":0,"texture":"#0","tintindex":0},"east":{"uv":[7.4375,6.25,7.8125,6.4375],"rotation":0,"texture":"#0","tintindex":0},"west":{"uv":[7.4375,6.4375,7.8125,6.625],"rotation":0,"texture":"#0","tintindex":0},"up":{"uv":[1.625,7.8125,1.4375,7.4375],"rotation":0,"texture":"#0","tintindex":0}}},{"from":[7.142857,4.0,7.142857],"to":[8.857143,5.714286,8.857143],"rotation":{"angle":0.0,"axis":"y","origin":[6.0,21.714287,7.714286]},"faces":{"south":{"uv":[7.8125,3.1875,8.0,3.375],"rotation":0,"texture":"#0","tintindex":0},"north":{"uv":[3.0,7.8125,3.1875,8.0],"rotation":0,"texture":"#0","tintindex":0},"down":{"uv":[3.75,7.8125,3.5625,8.0],"rotation":0,"texture":"#0","tintindex":0},"east":{"uv":[3.1875,7.8125,3.375,8.0],"rotation":0,"texture":"#0","tintindex":0},"west":{"uv":[3.375,7.8125,3.5625,8.0],"rotation":0,"texture":"#0","tintindex":0},"up":{"uv":[8.0,3.5625,7.8125,3.375],"rotation":0,"texture":"#0","tintindex":0}}},{"from":[6.9142857,2.0571427,5.485714],"to":[9.085714,4.2285714,9.3714285],"rotation":{"angle":0.0,"axis":"y","origin":[6.0,21.714287,7.714286]},"faces":{"south":{"uv":[7.875,2.625,8.0625,2.8125],"rotation":0,"texture":"#0","tintindex":0},"north":{"uv":[7.875,2.4375,8.0625,2.625],"rotation":0,"texture":"#0","tintindex":0},"down":{"uv":[4.125,7.5,3.9375,7.875],"rotation":0,"texture":"#0","tintindex":0},"east":{"uv":[7.5,2.625,7.875,2.8125],"rotation":0,"texture":"#0","tintindex":0},"west":{"uv":[7.5,2.8125,7.875,3.0],"rotation":0,"texture":"#0","tintindex":0},"up":{"uv":[3.0,7.875,2.8125,7.5],"rotation":0,"texture":"#0","tintindex":0}}},{"from":[6.9142857,3.771428,6.9142857],"to":[9.085714,5.942857,9.085714],"rotation":{"angle":0.0,"axis":"y","origin":[6.0,21.714287,7.714286]},"faces":{"south":{"uv":[7.875,3.0,8.0625,3.1875],"rotation":0,"texture":"#0","tintindex":0},"north":{"uv":[2.8125,7.875,3.0,8.0625],"rotation":0,"texture":"#0","tintindex":0},"down":{"uv":[4.6875,7.875,4.5,8.0625],"rotation":0,"texture":"#0","tintindex":0},"east":{"uv":[7.875,2.8125,8.0625,3.0],"rotation":0,"texture":"#0","tintindex":0},"west":{"uv":[3.9375,7.875,4.125,8.0625],"rotation":0,"texture":"#0","tintindex":0},"up":{"uv":[8.0625,4.625,7.875,4.4375],"rotation":0,"texture":"#0","tintindex":0}}}],"textures":{"0":"modelengine:entity/monaska_3faza/monaska"},"display":{"head":{"translation":[0.0,-6.4,0.0],"scale":[4.0,4.0,4.0]}}}