{"elements":[{"from":[7.142857,-0.8571434,6.857143],"to":[9.428572,4.285714,9.142858],"rotation":{"angle":0.0,"axis":"y","origin":[8.571428,1.9999995,7.142857]},"faces":{"south":{"uv":[3.75,6.875,4.0,7.4375],"rotation":0,"texture":"#0","tintindex":0},"north":{"uv":[3.25,6.875,3.5,7.4375],"rotation":0,"texture":"#0","tintindex":0},"down":{"uv":[7.75,5.6875,7.5,5.9375],"rotation":0,"texture":"#0","tintindex":0},"east":{"uv":[3.5,6.875,3.75,7.4375],"rotation":0,"texture":"#0","tintindex":0},"west":{"uv":[2.5,6.9375,2.75,7.5],"rotation":0,"texture":"#0","tintindex":0},"up":{"uv":[7.75,5.6875,7.5,5.4375],"rotation":0,"texture":"#0","tintindex":0}}},{"from":[7.428571,4.285714,7.142857],"to":[9.142858,8.857143,8.857143],"rotation":{"angle":0.0,"axis":"y","origin":[8.571428,6.5714283,7.428571]},"faces":{"south":{"uv":[5.4375,7.3125,5.625,7.8125],"rotation":0,"texture":"#0","tintindex":0},"north":{"uv":[7.3125,2.75,7.5,3.25],"rotation":0,"texture":"#0","tintindex":0},"down":{"uv":[7.4375,7.75,7.25,7.9375],"rotation":0,"texture":"#0","tintindex":0},"east":{"uv":[5.25,7.3125,5.4375,7.8125],"rotation":0,"texture":"#0","tintindex":0},"west":{"uv":[7.3125,5.4375,7.5,5.9375],"rotation":0,"texture":"#0","tintindex":0},"up":{"uv":[7.9375,6.8125,7.75,6.625],"rotation":0,"texture":"#0","tintindex":0}}},{"from":[6.9142857,-1.0857143,6.6285715],"to":[9.657143,4.5142856,9.3714285],"rotation":{"angle":0.0,"axis":"y","origin":[8.571428,1.9999995,7.142857]},"faces":{"south":{"uv":[6.9375,4.875,7.1875,5.4375],"rotation":0,"texture":"#0","tintindex":0},"north":{"uv":[4.5,6.9375,4.75,7.5],"rotation":0,"texture":"#0","tintindex":0},"down":{"uv":[6.125,7.5625,5.875,7.8125],"rotation":0,"texture":"#0","tintindex":0},"east":{"uv":[4.75,6.9375,5.0,7.5],"rotation":0,"texture":"#0","tintindex":0},"west":{"uv":[5.0,6.9375,5.25,7.5],"rotation":0,"texture":"#0","tintindex":0},"up":{"uv":[5.875,7.8125,5.625,7.5625],"rotation":0,"texture":"#0","tintindex":0}}},{"from":[7.2,4.0571427,6.9142857],"to":[9.3714285,9.085714,9.085714],"rotation":{"angle":0.0,"axis":"y","origin":[8.571428,6.5714283,7.428571]},"faces":{"south":{"uv":[1.25,7.4375,1.4375,7.9375],"rotation":0,"texture":"#0","tintindex":0},"north":{"uv":[0.875,7.4375,1.0625,7.9375],"rotation":0,"texture":"#0","tintindex":0},"down":{"uv":[7.0625,7.8125,6.875,8.0],"rotation":0,"texture":"#0","tintindex":0},"east":{"uv":[1.0625,7.4375,1.25,7.9375],"rotation":0,"texture":"#0","tintindex":0},"west":{"uv":[7.4375,1.25,7.625,1.75],"rotation":0,"texture":"#0","tintindex":0},"up":{"uv":[6.875,8.0,6.6875,7.8125],"rotation":0,"texture":"#0","tintindex":0}}},{"from":[6.9142857,-2.8000002,6.9142857],"to":[9.085714,-0.62857246,9.085714],"rotation":{"angle":0.0,"axis":"y","origin":[8.571428,-0.8571434,7.428571]},"faces":{"south":{"uv":[7.875,0.375,8.0625,0.5625],"rotation":0,"texture":"#0","tintindex":0},"north":{"uv":[7.8125,7.6875,8.0,7.875],"rotation":0,"texture":"#0","tintindex":0},"down":{"uv":[8.0625,2.25,7.875,2.4375],"rotation":0,"texture":"#0","tintindex":0},"east":{"uv":[7.875,0.1875,8.0625,0.375],"rotation":0,"texture":"#0","tintindex":0},"west":{"uv":[7.875,0.75,8.0625,0.9375],"rotation":0,"texture":"#0","tintindex":0},"up":{"uv":[8.0625,1.125,7.875,0.9375],"rotation":0,"texture":"#0","tintindex":0}}},{"from":[7.142857,-2.5714293,7.142857],"to":[8.857143,-0.8571434,8.857143],"rotation":{"angle":0.0,"axis":"y","origin":[8.571428,-0.8571434,7.428571]},"faces":{"south":{"uv":[1.4375,7.8125,1.625,8.0],"rotation":0,"texture":"#0","tintindex":0},"north":{"uv":[0.0,7.8125,0.1875,8.0],"rotation":0,"texture":"#0","tintindex":0},"down":{"uv":[8.0,1.875,7.8125,2.0625],"rotation":0,"texture":"#0","tintindex":0},"east":{"uv":[7.8125,0.0,8.0,0.1875],"rotation":0,"texture":"#0","tintindex":0},"west":{"uv":[1.625,7.8125,1.8125,8.0],"rotation":0,"texture":"#0","tintindex":0},"up":{"uv":[2.0,8.0,1.8125,7.8125],"rotation":0,"texture":"#0","tintindex":0}}}],"textures":{"0":"modelengine:entity/monaska_3faza/monaska"},"display":{"head":{"translation":[0.0,-6.4,0.0],"scale":[4.0,4.0,4.0]}}}