{"elements":[{"from":[9.714286,5.8571424,6.5714283],"to":[10.857143,8.714286,9.428572],"rotation":{"angle":22.5,"axis":"z","origin":[11.0,8.285714,8.0]},"faces":{"south":{"uv":[3.875,6.4375,4.0,6.75],"rotation":0,"texture":"#0","tintindex":0},"north":{"uv":[1.125,4.6875,1.25,5.0],"rotation":0,"texture":"#0","tintindex":0},"down":{"uv":[7.25,7.625,7.125,7.9375],"rotation":0,"texture":"#0","tintindex":0},"east":{"uv":[4.0,5.9375,4.3125,6.25],"rotation":0,"texture":"#0","tintindex":0},"west":{"uv":[0.8125,6.4375,1.125,6.75],"rotation":0,"texture":"#0","tintindex":0},"up":{"uv":[2.4375,7.9375,2.3125,7.625],"rotation":0,"texture":"#0","tintindex":0}}},{"from":[5.028571,-4.542858,5.885714],"to":[10.971429,7.6857142,10.114286],"rotation":{"angle":0.0,"axis":"y","origin":[8.0,5.285714,8.285714]},"faces":{"south":{"uv":[2.1875,1.75,2.8125,3.0625],"rotation":0,"texture":"#0","tintindex":0},"north":{"uv":[1.5625,1.75,2.1875,3.0625],"rotation":0,"texture":"#0","tintindex":0},"down":{"uv":[4.9375,5.875,4.3125,6.3125],"rotation":0,"texture":"#0","tintindex":0},"east":{"uv":[2.8125,2.625,3.25,3.9375],"rotation":0,"texture":"#0","tintindex":0},"west":{"uv":[3.0625,0.0,3.5,1.3125],"rotation":0,"texture":"#0","tintindex":0},"up":{"uv":[6.5,4.375,5.875,3.9375],"rotation":0,"texture":"#0","tintindex":0}}},{"from":[3.77456,-5.0417376,6.285714],"to":[7.77456,6.958263,10.285714],"rotation":{"angle":-22.5,"axis":"z","origin":[8.0,1.880074,8.571428]},"faces":{"south":{"uv":[3.25,2.625,3.6875,3.9375],"rotation":0,"texture":"#0","tintindex":0},"north":{"uv":[1.5625,3.0625,2.0,4.375],"rotation":0,"texture":"#0","tintindex":0},"down":{"uv":[6.3125,6.375,5.875,6.8125],"rotation":0,"texture":"#0","tintindex":0},"east":{"uv":[2.0,3.0625,2.4375,4.375],"rotation":0,"texture":"#0","tintindex":0},"west":{"uv":[0.8125,3.375,1.25,4.6875],"rotation":0,"texture":"#0","tintindex":0},"up":{"uv":[0.4375,5.25,0.0,4.8125],"rotation":0,"texture":"#0","tintindex":0}}},{"from":[8.22544,-5.0417376,6.285714],"to":[12.22544,6.958263,10.285714],"rotation":{"angle":22.5,"axis":"z","origin":[8.0,1.880074,8.571428]},"faces":{"south":{"uv":[3.5,0.0,3.9375,1.3125],"rotation":0,"texture":"#0","tintindex":0},"north":{"uv":[3.4375,1.3125,3.875,2.625],"rotation":0,"texture":"#0","tintindex":0},"down":{"uv":[0.8125,6.4375,0.375,6.875],"rotation":0,"texture":"#0","tintindex":0},"east":{"uv":[0.0,3.5,0.4375,4.8125],"rotation":0,"texture":"#0","tintindex":0},"west":{"uv":[3.6875,2.625,4.125,3.9375],"rotation":0,"texture":"#0","tintindex":0},"up":{"uv":[6.75,6.8125,6.3125,6.375],"rotation":0,"texture":"#0","tintindex":0}}},{"from":[5.142857,5.8571424,6.5714283],"to":[6.285714,8.714286,9.428572],"rotation":{"angle":-22.5,"axis":"z","origin":[5.0,8.285714,8.0]},"faces":{"south":{"uv":[2.5625,7.6875,2.6875,8.0],"rotation":0,"texture":"#0","tintindex":0},"north":{"uv":[2.4375,7.6875,2.5625,8.0],"rotation":0,"texture":"#0","tintindex":0},"down":{"uv":[4.25,7.6875,4.125,8.0],"rotation":0,"texture":"#0","tintindex":0},"east":{"uv":[6.1875,7.125,6.5,7.4375],"rotation":0,"texture":"#0","tintindex":0},"west":{"uv":[7.125,6.375,7.4375,6.6875],"rotation":0,"texture":"#0","tintindex":0},"up":{"uv":[2.8125,8.0,2.6875,7.6875],"rotation":0,"texture":"#0","tintindex":0}}},{"from":[10.0,7.285714,7.714286],"to":[11.142858,9.0,8.285714],"rotation":{"angle":22.5,"axis":"z","origin":[11.0,8.285714,8.0]},"faces":{"south":{"uv":[7.4375,7.75,7.5625,7.9375],"rotation":0,"texture":"#0","tintindex":0},"north":{"uv":[1.6875,7.125,1.8125,7.3125],"rotation":0,"texture":"#0","tintindex":0},"down":{"uv":[0.125,5.25,0.0,5.3125],"rotation":0,"texture":"#0","tintindex":0},"east":{"uv":[6.9375,0.3125,7.0,0.5],"rotation":0,"texture":"#0","tintindex":0},"west":{"uv":[5.8125,7.0,5.875,7.1875],"rotation":0,"texture":"#0","tintindex":0},"up":{"uv":[0.8125,4.6875,0.6875,4.625],"rotation":0,"texture":"#0","tintindex":0}}},{"from":[9.485714,5.6285715,6.342857],"to":[11.085714,8.942857,9.657143],"rotation":{"angle":22.5,"axis":"z","origin":[11.0,8.285714,8.0]},"faces":{"south":{"uv":[7.6875,4.25,7.8125,4.5625],"rotation":0,"texture":"#0","tintindex":0},"north":{"uv":[4.25,7.6875,4.375,8.0],"rotation":0,"texture":"#0","tintindex":0},"down":{"uv":[7.6875,7.6875,7.5625,8.0],"rotation":0,"texture":"#0","tintindex":0},"east":{"uv":[6.5,7.125,6.8125,7.4375],"rotation":0,"texture":"#0","tintindex":0},"west":{"uv":[6.8125,7.125,7.125,7.4375],"rotation":0,"texture":"#0","tintindex":0},"up":{"uv":[4.5,8.0,4.375,7.6875],"rotation":0,"texture":"#0","tintindex":0}}},{"from":[4.8,-4.771429,5.6571426],"to":[11.2,7.9142857,10.342857],"rotation":{"angle":0.0,"axis":"y","origin":[8.0,5.285714,8.285714]},"faces":{"south":{"uv":[2.8125,1.3125,3.4375,2.625],"rotation":0,"texture":"#0","tintindex":0},"north":{"uv":[2.4375,0.0,3.0625,1.3125],"rotation":0,"texture":"#0","tintindex":0},"down":{"uv":[0.625,5.9375,0.0,6.375],"rotation":0,"texture":"#0","tintindex":0},"east":{"uv":[3.875,1.3125,4.3125,2.625],"rotation":0,"texture":"#0","tintindex":0},"west":{"uv":[3.9375,0.0,4.375,1.3125],"rotation":0,"texture":"#0","tintindex":0},"up":{"uv":[5.5625,6.3125,4.9375,5.875],"rotation":0,"texture":"#0","tintindex":0}}},{"from":[3.5459886,-5.2703085,6.0571427],"to":[8.003132,7.1868343,10.514286],"rotation":{"angle":-22.5,"axis":"z","origin":[8.0,1.880074,8.571428]},"faces":{"south":{"uv":[3.3125,3.9375,3.75,5.25],"rotation":0,"texture":"#0","tintindex":0},"north":{"uv":[2.4375,3.9375,2.875,5.25],"rotation":0,"texture":"#0","tintindex":0},"down":{"uv":[3.4375,6.4375,3.0,6.875],"rotation":0,"texture":"#0","tintindex":0},"east":{"uv":[2.875,3.9375,3.3125,5.25],"rotation":0,"texture":"#0","tintindex":0},"west":{"uv":[3.75,3.9375,4.1875,5.25],"rotation":0,"texture":"#0","tintindex":0},"up":{"uv":[6.875,2.0625,6.4375,1.625],"rotation":0,"texture":"#0","tintindex":0}}},{"from":[4.6285715,7.0571427,7.4857144],"to":[6.2285714,9.228572,8.514286],"rotation":{"angle":-22.5,"axis":"z","origin":[5.0,8.285714,8.0]},"faces":{"south":{"uv":[7.9375,5.0625,8.0625,5.25],"rotation":0,"texture":"#0","tintindex":0},"north":{"uv":[1.3125,7.9375,1.4375,8.125],"rotation":0,"texture":"#0","tintindex":0},"down":{"uv":[0.375,5.25,0.25,5.3125],"rotation":0,"texture":"#0","tintindex":0},"east":{"uv":[1.625,7.4375,1.6875,7.625],"rotation":0,"texture":"#0","tintindex":0},"west":{"uv":[5.1875,7.5,5.25,7.6875],"rotation":0,"texture":"#0","tintindex":0},"up":{"uv":[0.25,5.3125,0.125,5.25],"rotation":0,"texture":"#0","tintindex":0}}},{"from":[7.9968686,-5.2703085,6.0571427],"to":[12.454012,7.1868343,10.514286],"rotation":{"angle":22.5,"axis":"z","origin":[8.0,1.880074,8.571428]},"faces":{"south":{"uv":[4.3125,1.3125,4.75,2.625],"rotation":0,"texture":"#0","tintindex":0},"north":{"uv":[4.125,2.625,4.5625,3.9375],"rotation":0,"texture":"#0","tintindex":0},"down":{"uv":[6.875,4.375,6.4375,4.8125],"rotation":0,"texture":"#0","tintindex":0},"east":{"uv":[4.1875,3.9375,4.625,5.25],"rotation":0,"texture":"#0","tintindex":0},"west":{"uv":[4.375,0.0,4.8125,1.3125],"rotation":0,"texture":"#0","tintindex":0},"up":{"uv":[3.875,6.875,3.4375,6.4375],"rotation":0,"texture":"#0","tintindex":0}}},{"from":[4.9142857,5.6285715,6.342857],"to":[6.5142856,8.942857,9.657143],"rotation":{"angle":-22.5,"axis":"z","origin":[5.0,8.285714,8.0]},"faces":{"south":{"uv":[7.75,4.5625,7.875,4.875],"rotation":0,"texture":"#0","tintindex":0},"north":{"uv":[7.6875,7.6875,7.8125,8.0],"rotation":0,"texture":"#0","tintindex":0},"down":{"uv":[4.9375,7.75,4.8125,8.0625],"rotation":0,"texture":"#0","tintindex":0},"east":{"uv":[7.1875,6.6875,7.5,7.0],"rotation":0,"texture":"#0","tintindex":0},"west":{"uv":[0.0,7.3125,0.3125,7.625],"rotation":0,"texture":"#0","tintindex":0},"up":{"uv":[4.8125,8.0625,4.6875,7.75],"rotation":0,"texture":"#0","tintindex":0}}},{"from":[9.771429,7.0571427,7.4857144],"to":[11.3714285,9.228572,8.514286],"rotation":{"angle":22.5,"axis":"z","origin":[11.0,8.285714,8.0]},"faces":{"south":{"uv":[7.9375,5.625,8.0625,5.8125],"rotation":0,